
 /----------------------------------------------------------------------------\
 |  yosys -- Yosys Open SYnthesis Suite                                       |
 |  Copyright (C) 2012 - 2025  Claire Xenia Wolf <claire@yosyshq.com>         |
 |  Distributed under an ISC-like license, type "license" to see terms        |
 \----------------------------------------------------------------------------/
 Yosys 0.52 (git sha1 fee39a3284c90249e1d9684cf6944ffbbcbb8f90)

-- Running command `read_verilog -sv life_flat.sv; hierarchy -top top; proc; splitnets; setattr -set keep 1 w:BoardY_BoardX_Life_DEFAULT_Yy_Xx_alive_a1*; opt_clean; write_json flat.json' --

1. Executing Verilog-2005 frontend: life_flat.sv
Parsing SystemVerilog input from `life_flat.sv' to AST representation.
Generating RTLIL representation for module `\top'.
Warning: Replacing memory \BoardY_BoardX_Life_DEFAULT_Tb_passed_a2 with list of registers. See life.tlv:122
Warning: Replacing memory \BoardY_BoardX_Life_DEFAULT_Tb_stop_cnt_a2 with list of registers. See life.tlv:119
Warning: Replacing memory \BoardY_BoardX_Life_DEFAULT_Tb_start_ok_a2 with list of registers. See life.tlv:118
Warning: Replacing memory \BoardY_BoardX_Life_DEFAULT_Tb_below_max_stop_a2 with list of registers. See life.tlv:117
Warning: Replacing memory \BoardY_BoardX_Life_DEFAULT_Tb_above_min_start_a2 with list of registers. See life.tlv:116
Warning: Replacing memory \BoardY_BoardX_Life_DEFAULT_Tb_alive_cnt_a2 with list of registers. See life.tlv:115
Warning: Replacing memory \BoardY_BoardX_Life_DEFAULT_Tb_Yy_vert_alive_accum_a2 with list of registers. See life.tlv:114
Warning: Replacing memory \BoardY_BoardX_Life_DEFAULT_Tb_Yy_below_alive_accum_a2 with list of registers. See life.tlv:113
Warning: Replacing memory \BoardY_BoardX_Life_DEFAULT_Tb_Yy_Xx_horiz_alive_accum_a2 with list of registers. See life.tlv:112
Warning: Replacing memory \BoardY_BoardX_Life_DEFAULT_Tb_Yy_Xx_right_alive_accum_a2 with list of registers. See life.tlv:111
Warning: Replacing memory \BoardY_BoardX_Life_DEFAULT_Yy_Xx_alive_a1 with list of registers. See life.tlv:94
Warning: Replacing memory \BoardY_BoardX_Life_DEFAULT_Yy_Xx_init_alive_a1 with list of registers. See life.tlv:88
Warning: Replacing memory \BoardY_BoardX_Life_DEFAULT_Yy_Xx_cnt_a1 with list of registers. See life.tlv:80
Warning: Replacing memory \BoardY_BoardX_Life_DEFAULT_Yy_Xx_row_cnt_a1 with list of registers. See life.tlv:76
Warning: Replacing memory \BoardY_BoardX_Life_DEFAULT_reset_a1 with list of registers. See life.tlv:67
Warning: Replacing memory \BoardY_BoardX_Life_DEFAULT_Yy_Xx_alive_a2 with list of registers. See life_flat_gen.sv:144
Warning: Replacing memory \BoardY_BoardX_Life_DEFAULT_Tb_stop_cnt_a3 with list of registers. See life_flat_gen.sv:130
Warning: Replacing memory \BoardY_BoardX_Life_DEFAULT_Tb_start_ok_a3 with list of registers. See life_flat_gen.sv:127
Warning: Replacing memory \BoardY_BoardX_Life_DEFAULT_reset_a2 with list of registers. See life_flat_gen.sv:119
Successfully finished Verilog frontend.

2. Executing HIERARCHY pass (managing design hierarchy).

2.1. Analyzing design hierarchy..
Top module:  \top

2.2. Analyzing design hierarchy..
Top module:  \top
Removed 0 unused modules.

3. Executing PROC pass (convert processes to netlists).

3.1. Executing PROC_CLEAN pass (remove empty switches from decision trees).
Cleaned up 0 empty switches.

3.2. Executing PROC_RMDEAD pass (remove dead branches from decision trees).
Removed a total of 0 dead cases.

3.3. Executing PROC_PRUNE pass (remove redundant assignments in processes).
Removed 0 redundant assignments.
Promoted 730 assignments to connections.

3.4. Executing PROC_INIT pass (extract init attributes).

3.5. Executing PROC_ARST pass (detect async resets in processes).

3.6. Executing PROC_ROM pass (convert switches to ROMs).
Converted 0 switches.

3.7. Executing PROC_MUX pass (convert decision trees to multiplexers).
Creating decoders for process `\top.$proc$life_flat_gen.sv:0$105'.
Creating decoders for process `\top.$proc$life_flat_gen.sv:144$104'.
Creating decoders for process `\top.$proc$life_flat_gen.sv:144$103'.
Creating decoders for process `\top.$proc$life_flat_gen.sv:144$102'.
Creating decoders for process `\top.$proc$life_flat_gen.sv:144$101'.
Creating decoders for process `\top.$proc$life_flat_gen.sv:144$100'.
Creating decoders for process `\top.$proc$life_flat_gen.sv:144$99'.
Creating decoders for process `\top.$proc$life_flat_gen.sv:144$98'.
Creating decoders for process `\top.$proc$life_flat_gen.sv:144$97'.
Creating decoders for process `\top.$proc$life_flat_gen.sv:144$96'.
Creating decoders for process `\top.$proc$life_flat_gen.sv:144$95'.
Creating decoders for process `\top.$proc$life_flat_gen.sv:144$94'.
Creating decoders for process `\top.$proc$life_flat_gen.sv:144$93'.
Creating decoders for process `\top.$proc$life_flat_gen.sv:144$92'.
Creating decoders for process `\top.$proc$life_flat_gen.sv:144$91'.
Creating decoders for process `\top.$proc$life_flat_gen.sv:144$90'.
Creating decoders for process `\top.$proc$life_flat_gen.sv:144$89'.
Creating decoders for process `\top.$proc$life_flat_gen.sv:144$88'.
Creating decoders for process `\top.$proc$life_flat_gen.sv:144$87'.
Creating decoders for process `\top.$proc$life_flat_gen.sv:144$86'.
Creating decoders for process `\top.$proc$life_flat_gen.sv:144$85'.
Creating decoders for process `\top.$proc$life_flat_gen.sv:144$84'.
Creating decoders for process `\top.$proc$life_flat_gen.sv:144$83'.
Creating decoders for process `\top.$proc$life_flat_gen.sv:144$82'.
Creating decoders for process `\top.$proc$life_flat_gen.sv:144$81'.
Creating decoders for process `\top.$proc$life_flat_gen.sv:144$80'.
Creating decoders for process `\top.$proc$life_flat_gen.sv:144$79'.
Creating decoders for process `\top.$proc$life_flat_gen.sv:144$78'.
Creating decoders for process `\top.$proc$life_flat_gen.sv:144$77'.
Creating decoders for process `\top.$proc$life_flat_gen.sv:144$76'.
Creating decoders for process `\top.$proc$life_flat_gen.sv:144$75'.
Creating decoders for process `\top.$proc$life_flat_gen.sv:144$74'.
Creating decoders for process `\top.$proc$life_flat_gen.sv:144$73'.
Creating decoders for process `\top.$proc$life_flat_gen.sv:144$72'.
Creating decoders for process `\top.$proc$life_flat_gen.sv:144$71'.
Creating decoders for process `\top.$proc$life_flat_gen.sv:144$70'.
Creating decoders for process `\top.$proc$life_flat_gen.sv:144$69'.
Creating decoders for process `\top.$proc$life_flat_gen.sv:144$68'.
Creating decoders for process `\top.$proc$life_flat_gen.sv:144$67'.
Creating decoders for process `\top.$proc$life_flat_gen.sv:144$66'.
Creating decoders for process `\top.$proc$life_flat_gen.sv:144$65'.
Creating decoders for process `\top.$proc$life_flat_gen.sv:144$64'.
Creating decoders for process `\top.$proc$life_flat_gen.sv:144$63'.
Creating decoders for process `\top.$proc$life_flat_gen.sv:144$62'.
Creating decoders for process `\top.$proc$life_flat_gen.sv:144$61'.
Creating decoders for process `\top.$proc$life_flat_gen.sv:144$60'.
Creating decoders for process `\top.$proc$life_flat_gen.sv:144$59'.
Creating decoders for process `\top.$proc$life_flat_gen.sv:144$58'.
Creating decoders for process `\top.$proc$life_flat_gen.sv:144$57'.
Creating decoders for process `\top.$proc$life_flat_gen.sv:144$56'.
Creating decoders for process `\top.$proc$life_flat_gen.sv:144$55'.
Creating decoders for process `\top.$proc$life_flat_gen.sv:144$54'.
Creating decoders for process `\top.$proc$life_flat_gen.sv:144$53'.
Creating decoders for process `\top.$proc$life_flat_gen.sv:144$52'.
Creating decoders for process `\top.$proc$life_flat_gen.sv:144$51'.
Creating decoders for process `\top.$proc$life_flat_gen.sv:144$50'.
Creating decoders for process `\top.$proc$life_flat_gen.sv:144$49'.
Creating decoders for process `\top.$proc$life_flat_gen.sv:144$48'.
Creating decoders for process `\top.$proc$life_flat_gen.sv:144$47'.
Creating decoders for process `\top.$proc$life_flat_gen.sv:144$46'.
Creating decoders for process `\top.$proc$life_flat_gen.sv:144$45'.
Creating decoders for process `\top.$proc$life_flat_gen.sv:144$44'.
Creating decoders for process `\top.$proc$life_flat_gen.sv:144$43'.
Creating decoders for process `\top.$proc$life_flat_gen.sv:144$42'.
Creating decoders for process `\top.$proc$life_flat_gen.sv:144$41'.
Creating decoders for process `\top.$proc$life_flat_gen.sv:144$40'.
Creating decoders for process `\top.$proc$life_flat_gen.sv:144$39'.
Creating decoders for process `\top.$proc$life_flat_gen.sv:144$38'.
Creating decoders for process `\top.$proc$life_flat_gen.sv:144$37'.
Creating decoders for process `\top.$proc$life_flat_gen.sv:144$36'.
Creating decoders for process `\top.$proc$life_flat_gen.sv:144$35'.
Creating decoders for process `\top.$proc$life_flat_gen.sv:144$34'.
Creating decoders for process `\top.$proc$life_flat_gen.sv:144$33'.
Creating decoders for process `\top.$proc$life_flat_gen.sv:144$32'.
Creating decoders for process `\top.$proc$life_flat_gen.sv:144$31'.
Creating decoders for process `\top.$proc$life_flat_gen.sv:144$30'.
Creating decoders for process `\top.$proc$life_flat_gen.sv:144$29'.
Creating decoders for process `\top.$proc$life_flat_gen.sv:144$28'.
Creating decoders for process `\top.$proc$life_flat_gen.sv:144$27'.
Creating decoders for process `\top.$proc$life_flat_gen.sv:144$26'.
Creating decoders for process `\top.$proc$life_flat_gen.sv:144$25'.
Creating decoders for process `\top.$proc$life_flat_gen.sv:144$24'.
Creating decoders for process `\top.$proc$life_flat_gen.sv:144$23'.
Creating decoders for process `\top.$proc$life_flat_gen.sv:144$22'.
Creating decoders for process `\top.$proc$life_flat_gen.sv:144$21'.
Creating decoders for process `\top.$proc$life_flat_gen.sv:144$20'.
Creating decoders for process `\top.$proc$life_flat_gen.sv:144$19'.
Creating decoders for process `\top.$proc$life_flat_gen.sv:144$18'.
Creating decoders for process `\top.$proc$life_flat_gen.sv:144$17'.
Creating decoders for process `\top.$proc$life_flat_gen.sv:144$16'.
Creating decoders for process `\top.$proc$life_flat_gen.sv:144$15'.
Creating decoders for process `\top.$proc$life_flat_gen.sv:144$14'.
Creating decoders for process `\top.$proc$life_flat_gen.sv:144$13'.
Creating decoders for process `\top.$proc$life_flat_gen.sv:144$12'.
Creating decoders for process `\top.$proc$life_flat_gen.sv:144$11'.
Creating decoders for process `\top.$proc$life_flat_gen.sv:144$10'.
Creating decoders for process `\top.$proc$life_flat_gen.sv:144$9'.
Creating decoders for process `\top.$proc$life_flat_gen.sv:144$8'.
Creating decoders for process `\top.$proc$life_flat_gen.sv:144$7'.
Creating decoders for process `\top.$proc$life_flat_gen.sv:144$6'.
Creating decoders for process `\top.$proc$life_flat_gen.sv:144$5'.
Creating decoders for process `\top.$proc$life_flat_gen.sv:130$4'.
Creating decoders for process `\top.$proc$life_flat_gen.sv:127$3'.
Creating decoders for process `\top.$proc$life_flat_gen.sv:119$2'.

3.8. Executing PROC_DLATCH pass (convert process syncs to latches).
No latch inferred for signal `\top.\BoardY_BoardX_Life_DEFAULT_reset_a1[0]' from process `\top.$proc$life_flat_gen.sv:0$105'.
No latch inferred for signal `\top.\BoardY_BoardX_Life_DEFAULT_Yy_Xx_row_cnt_a1[0]' from process `\top.$proc$life_flat_gen.sv:0$105'.
No latch inferred for signal `\top.\BoardY_BoardX_Life_DEFAULT_Yy_Xx_row_cnt_a1[1]' from process `\top.$proc$life_flat_gen.sv:0$105'.
No latch inferred for signal `\top.\BoardY_BoardX_Life_DEFAULT_Yy_Xx_row_cnt_a1[2]' from process `\top.$proc$life_flat_gen.sv:0$105'.
No latch inferred for signal `\top.\BoardY_BoardX_Life_DEFAULT_Yy_Xx_row_cnt_a1[3]' from process `\top.$proc$life_flat_gen.sv:0$105'.
No latch inferred for signal `\top.\BoardY_BoardX_Life_DEFAULT_Yy_Xx_row_cnt_a1[4]' from process `\top.$proc$life_flat_gen.sv:0$105'.
No latch inferred for signal `\top.\BoardY_BoardX_Life_DEFAULT_Yy_Xx_row_cnt_a1[5]' from process `\top.$proc$life_flat_gen.sv:0$105'.
No latch inferred for signal `\top.\BoardY_BoardX_Life_DEFAULT_Yy_Xx_row_cnt_a1[6]' from process `\top.$proc$life_flat_gen.sv:0$105'.
No latch inferred for signal `\top.\BoardY_BoardX_Life_DEFAULT_Yy_Xx_row_cnt_a1[7]' from process `\top.$proc$life_flat_gen.sv:0$105'.
No latch inferred for signal `\top.\BoardY_BoardX_Life_DEFAULT_Yy_Xx_row_cnt_a1[8]' from process `\top.$proc$life_flat_gen.sv:0$105'.
No latch inferred for signal `\top.\BoardY_BoardX_Life_DEFAULT_Yy_Xx_row_cnt_a1[9]' from process `\top.$proc$life_flat_gen.sv:0$105'.
No latch inferred for signal `\top.\BoardY_BoardX_Life_DEFAULT_Yy_Xx_row_cnt_a1[10]' from process `\top.$proc$life_flat_gen.sv:0$105'.
No latch inferred for signal `\top.\BoardY_BoardX_Life_DEFAULT_Yy_Xx_row_cnt_a1[11]' from process `\top.$proc$life_flat_gen.sv:0$105'.
No latch inferred for signal `\top.\BoardY_BoardX_Life_DEFAULT_Yy_Xx_row_cnt_a1[12]' from process `\top.$proc$life_flat_gen.sv:0$105'.
No latch inferred for signal `\top.\BoardY_BoardX_Life_DEFAULT_Yy_Xx_row_cnt_a1[13]' from process `\top.$proc$life_flat_gen.sv:0$105'.
No latch inferred for signal `\top.\BoardY_BoardX_Life_DEFAULT_Yy_Xx_row_cnt_a1[14]' from process `\top.$proc$life_flat_gen.sv:0$105'.
No latch inferred for signal `\top.\BoardY_BoardX_Life_DEFAULT_Yy_Xx_row_cnt_a1[15]' from process `\top.$proc$life_flat_gen.sv:0$105'.
No latch inferred for signal `\top.\BoardY_BoardX_Life_DEFAULT_Yy_Xx_row_cnt_a1[16]' from process `\top.$proc$life_flat_gen.sv:0$105'.
No latch inferred for signal `\top.\BoardY_BoardX_Life_DEFAULT_Yy_Xx_row_cnt_a1[17]' from process `\top.$proc$life_flat_gen.sv:0$105'.
No latch inferred for signal `\top.\BoardY_BoardX_Life_DEFAULT_Yy_Xx_row_cnt_a1[18]' from process `\top.$proc$life_flat_gen.sv:0$105'.
No latch inferred for signal `\top.\BoardY_BoardX_Life_DEFAULT_Yy_Xx_row_cnt_a1[19]' from process `\top.$proc$life_flat_gen.sv:0$105'.
No latch inferred for signal `\top.\BoardY_BoardX_Life_DEFAULT_Yy_Xx_row_cnt_a1[20]' from process `\top.$proc$life_flat_gen.sv:0$105'.
No latch inferred for signal `\top.\BoardY_BoardX_Life_DEFAULT_Yy_Xx_row_cnt_a1[21]' from process `\top.$proc$life_flat_gen.sv:0$105'.
No latch inferred for signal `\top.\BoardY_BoardX_Life_DEFAULT_Yy_Xx_row_cnt_a1[22]' from process `\top.$proc$life_flat_gen.sv:0$105'.
No latch inferred for signal `\top.\BoardY_BoardX_Life_DEFAULT_Yy_Xx_row_cnt_a1[23]' from process `\top.$proc$life_flat_gen.sv:0$105'.
No latch inferred for signal `\top.\BoardY_BoardX_Life_DEFAULT_Yy_Xx_row_cnt_a1[24]' from process `\top.$proc$life_flat_gen.sv:0$105'.
No latch inferred for signal `\top.\BoardY_BoardX_Life_DEFAULT_Yy_Xx_row_cnt_a1[25]' from process `\top.$proc$life_flat_gen.sv:0$105'.
No latch inferred for signal `\top.\BoardY_BoardX_Life_DEFAULT_Yy_Xx_row_cnt_a1[26]' from process `\top.$proc$life_flat_gen.sv:0$105'.
No latch inferred for signal `\top.\BoardY_BoardX_Life_DEFAULT_Yy_Xx_row_cnt_a1[27]' from process `\top.$proc$life_flat_gen.sv:0$105'.
No latch inferred for signal `\top.\BoardY_BoardX_Life_DEFAULT_Yy_Xx_row_cnt_a1[28]' from process `\top.$proc$life_flat_gen.sv:0$105'.
No latch inferred for signal `\top.\BoardY_BoardX_Life_DEFAULT_Yy_Xx_row_cnt_a1[29]' from process `\top.$proc$life_flat_gen.sv:0$105'.
No latch inferred for signal `\top.\BoardY_BoardX_Life_DEFAULT_Yy_Xx_row_cnt_a1[30]' from process `\top.$proc$life_flat_gen.sv:0$105'.
No latch inferred for signal `\top.\BoardY_BoardX_Life_DEFAULT_Yy_Xx_row_cnt_a1[31]' from process `\top.$proc$life_flat_gen.sv:0$105'.
No latch inferred for signal `\top.\BoardY_BoardX_Life_DEFAULT_Yy_Xx_row_cnt_a1[32]' from process `\top.$proc$life_flat_gen.sv:0$105'.
No latch inferred for signal `\top.\BoardY_BoardX_Life_DEFAULT_Yy_Xx_row_cnt_a1[33]' from process `\top.$proc$life_flat_gen.sv:0$105'.
No latch inferred for signal `\top.\BoardY_BoardX_Life_DEFAULT_Yy_Xx_row_cnt_a1[34]' from process `\top.$proc$life_flat_gen.sv:0$105'.
No latch inferred for signal `\top.\BoardY_BoardX_Life_DEFAULT_Yy_Xx_row_cnt_a1[35]' from process `\top.$proc$life_flat_gen.sv:0$105'.
No latch inferred for signal `\top.\BoardY_BoardX_Life_DEFAULT_Yy_Xx_row_cnt_a1[36]' from process `\top.$proc$life_flat_gen.sv:0$105'.
No latch inferred for signal `\top.\BoardY_BoardX_Life_DEFAULT_Yy_Xx_row_cnt_a1[37]' from process `\top.$proc$life_flat_gen.sv:0$105'.
No latch inferred for signal `\top.\BoardY_BoardX_Life_DEFAULT_Yy_Xx_row_cnt_a1[38]' from process `\top.$proc$life_flat_gen.sv:0$105'.
No latch inferred for signal `\top.\BoardY_BoardX_Life_DEFAULT_Yy_Xx_row_cnt_a1[39]' from process `\top.$proc$life_flat_gen.sv:0$105'.
No latch inferred for signal `\top.\BoardY_BoardX_Life_DEFAULT_Yy_Xx_row_cnt_a1[40]' from process `\top.$proc$life_flat_gen.sv:0$105'.
No latch inferred for signal `\top.\BoardY_BoardX_Life_DEFAULT_Yy_Xx_row_cnt_a1[41]' from process `\top.$proc$life_flat_gen.sv:0$105'.
No latch inferred for signal `\top.\BoardY_BoardX_Life_DEFAULT_Yy_Xx_row_cnt_a1[42]' from process `\top.$proc$life_flat_gen.sv:0$105'.
No latch inferred for signal `\top.\BoardY_BoardX_Life_DEFAULT_Yy_Xx_row_cnt_a1[43]' from process `\top.$proc$life_flat_gen.sv:0$105'.
No latch inferred for signal `\top.\BoardY_BoardX_Life_DEFAULT_Yy_Xx_row_cnt_a1[44]' from process `\top.$proc$life_flat_gen.sv:0$105'.
No latch inferred for signal `\top.\BoardY_BoardX_Life_DEFAULT_Yy_Xx_row_cnt_a1[45]' from process `\top.$proc$life_flat_gen.sv:0$105'.
No latch inferred for signal `\top.\BoardY_BoardX_Life_DEFAULT_Yy_Xx_row_cnt_a1[46]' from process `\top.$proc$life_flat_gen.sv:0$105'.
No latch inferred for signal `\top.\BoardY_BoardX_Life_DEFAULT_Yy_Xx_row_cnt_a1[47]' from process `\top.$proc$life_flat_gen.sv:0$105'.
No latch inferred for signal `\top.\BoardY_BoardX_Life_DEFAULT_Yy_Xx_row_cnt_a1[48]' from process `\top.$proc$life_flat_gen.sv:0$105'.
No latch inferred for signal `\top.\BoardY_BoardX_Life_DEFAULT_Yy_Xx_row_cnt_a1[49]' from process `\top.$proc$life_flat_gen.sv:0$105'.
No latch inferred for signal `\top.\BoardY_BoardX_Life_DEFAULT_Yy_Xx_row_cnt_a1[50]' from process `\top.$proc$life_flat_gen.sv:0$105'.
No latch inferred for signal `\top.\BoardY_BoardX_Life_DEFAULT_Yy_Xx_row_cnt_a1[51]' from process `\top.$proc$life_flat_gen.sv:0$105'.
No latch inferred for signal `\top.\BoardY_BoardX_Life_DEFAULT_Yy_Xx_row_cnt_a1[52]' from process `\top.$proc$life_flat_gen.sv:0$105'.
No latch inferred for signal `\top.\BoardY_BoardX_Life_DEFAULT_Yy_Xx_row_cnt_a1[53]' from process `\top.$proc$life_flat_gen.sv:0$105'.
No latch inferred for signal `\top.\BoardY_BoardX_Life_DEFAULT_Yy_Xx_row_cnt_a1[54]' from process `\top.$proc$life_flat_gen.sv:0$105'.
No latch inferred for signal `\top.\BoardY_BoardX_Life_DEFAULT_Yy_Xx_row_cnt_a1[55]' from process `\top.$proc$life_flat_gen.sv:0$105'.
No latch inferred for signal `\top.\BoardY_BoardX_Life_DEFAULT_Yy_Xx_row_cnt_a1[56]' from process `\top.$proc$life_flat_gen.sv:0$105'.
No latch inferred for signal `\top.\BoardY_BoardX_Life_DEFAULT_Yy_Xx_row_cnt_a1[57]' from process `\top.$proc$life_flat_gen.sv:0$105'.
No latch inferred for signal `\top.\BoardY_BoardX_Life_DEFAULT_Yy_Xx_row_cnt_a1[58]' from process `\top.$proc$life_flat_gen.sv:0$105'.
No latch inferred for signal `\top.\BoardY_BoardX_Life_DEFAULT_Yy_Xx_row_cnt_a1[59]' from process `\top.$proc$life_flat_gen.sv:0$105'.
No latch inferred for signal `\top.\BoardY_BoardX_Life_DEFAULT_Yy_Xx_row_cnt_a1[60]' from process `\top.$proc$life_flat_gen.sv:0$105'.
No latch inferred for signal `\top.\BoardY_BoardX_Life_DEFAULT_Yy_Xx_row_cnt_a1[61]' from process `\top.$proc$life_flat_gen.sv:0$105'.
No latch inferred for signal `\top.\BoardY_BoardX_Life_DEFAULT_Yy_Xx_row_cnt_a1[62]' from process `\top.$proc$life_flat_gen.sv:0$105'.
No latch inferred for signal `\top.\BoardY_BoardX_Life_DEFAULT_Yy_Xx_row_cnt_a1[63]' from process `\top.$proc$life_flat_gen.sv:0$105'.
No latch inferred for signal `\top.\BoardY_BoardX_Life_DEFAULT_Yy_Xx_row_cnt_a1[64]' from process `\top.$proc$life_flat_gen.sv:0$105'.
No latch inferred for signal `\top.\BoardY_BoardX_Life_DEFAULT_Yy_Xx_row_cnt_a1[65]' from process `\top.$proc$life_flat_gen.sv:0$105'.
No latch inferred for signal `\top.\BoardY_BoardX_Life_DEFAULT_Yy_Xx_row_cnt_a1[66]' from process `\top.$proc$life_flat_gen.sv:0$105'.
No latch inferred for signal `\top.\BoardY_BoardX_Life_DEFAULT_Yy_Xx_row_cnt_a1[67]' from process `\top.$proc$life_flat_gen.sv:0$105'.
No latch inferred for signal `\top.\BoardY_BoardX_Life_DEFAULT_Yy_Xx_row_cnt_a1[68]' from process `\top.$proc$life_flat_gen.sv:0$105'.
No latch inferred for signal `\top.\BoardY_BoardX_Life_DEFAULT_Yy_Xx_row_cnt_a1[69]' from process `\top.$proc$life_flat_gen.sv:0$105'.
No latch inferred for signal `\top.\BoardY_BoardX_Life_DEFAULT_Yy_Xx_row_cnt_a1[70]' from process `\top.$proc$life_flat_gen.sv:0$105'.
No latch inferred for signal `\top.\BoardY_BoardX_Life_DEFAULT_Yy_Xx_row_cnt_a1[71]' from process `\top.$proc$life_flat_gen.sv:0$105'.
No latch inferred for signal `\top.\BoardY_BoardX_Life_DEFAULT_Yy_Xx_row_cnt_a1[72]' from process `\top.$proc$life_flat_gen.sv:0$105'.
No latch inferred for signal `\top.\BoardY_BoardX_Life_DEFAULT_Yy_Xx_row_cnt_a1[73]' from process `\top.$proc$life_flat_gen.sv:0$105'.
No latch inferred for signal `\top.\BoardY_BoardX_Life_DEFAULT_Yy_Xx_row_cnt_a1[74]' from process `\top.$proc$life_flat_gen.sv:0$105'.
No latch inferred for signal `\top.\BoardY_BoardX_Life_DEFAULT_Yy_Xx_row_cnt_a1[75]' from process `\top.$proc$life_flat_gen.sv:0$105'.
No latch inferred for signal `\top.\BoardY_BoardX_Life_DEFAULT_Yy_Xx_row_cnt_a1[76]' from process `\top.$proc$life_flat_gen.sv:0$105'.
No latch inferred for signal `\top.\BoardY_BoardX_Life_DEFAULT_Yy_Xx_row_cnt_a1[77]' from process `\top.$proc$life_flat_gen.sv:0$105'.
No latch inferred for signal `\top.\BoardY_BoardX_Life_DEFAULT_Yy_Xx_row_cnt_a1[78]' from process `\top.$proc$life_flat_gen.sv:0$105'.
No latch inferred for signal `\top.\BoardY_BoardX_Life_DEFAULT_Yy_Xx_row_cnt_a1[79]' from process `\top.$proc$life_flat_gen.sv:0$105'.
No latch inferred for signal `\top.\BoardY_BoardX_Life_DEFAULT_Yy_Xx_row_cnt_a1[80]' from process `\top.$proc$life_flat_gen.sv:0$105'.
No latch inferred for signal `\top.\BoardY_BoardX_Life_DEFAULT_Yy_Xx_row_cnt_a1[81]' from process `\top.$proc$life_flat_gen.sv:0$105'.
No latch inferred for signal `\top.\BoardY_BoardX_Life_DEFAULT_Yy_Xx_row_cnt_a1[82]' from process `\top.$proc$life_flat_gen.sv:0$105'.
No latch inferred for signal `\top.\BoardY_BoardX_Life_DEFAULT_Yy_Xx_row_cnt_a1[83]' from process `\top.$proc$life_flat_gen.sv:0$105'.
No latch inferred for signal `\top.\BoardY_BoardX_Life_DEFAULT_Yy_Xx_row_cnt_a1[84]' from process `\top.$proc$life_flat_gen.sv:0$105'.
No latch inferred for signal `\top.\BoardY_BoardX_Life_DEFAULT_Yy_Xx_row_cnt_a1[85]' from process `\top.$proc$life_flat_gen.sv:0$105'.
No latch inferred for signal `\top.\BoardY_BoardX_Life_DEFAULT_Yy_Xx_row_cnt_a1[86]' from process `\top.$proc$life_flat_gen.sv:0$105'.
No latch inferred for signal `\top.\BoardY_BoardX_Life_DEFAULT_Yy_Xx_row_cnt_a1[87]' from process `\top.$proc$life_flat_gen.sv:0$105'.
No latch inferred for signal `\top.\BoardY_BoardX_Life_DEFAULT_Yy_Xx_row_cnt_a1[88]' from process `\top.$proc$life_flat_gen.sv:0$105'.
No latch inferred for signal `\top.\BoardY_BoardX_Life_DEFAULT_Yy_Xx_row_cnt_a1[89]' from process `\top.$proc$life_flat_gen.sv:0$105'.
No latch inferred for signal `\top.\BoardY_BoardX_Life_DEFAULT_Yy_Xx_row_cnt_a1[90]' from process `\top.$proc$life_flat_gen.sv:0$105'.
No latch inferred for signal `\top.\BoardY_BoardX_Life_DEFAULT_Yy_Xx_row_cnt_a1[91]' from process `\top.$proc$life_flat_gen.sv:0$105'.
No latch inferred for signal `\top.\BoardY_BoardX_Life_DEFAULT_Yy_Xx_row_cnt_a1[92]' from process `\top.$proc$life_flat_gen.sv:0$105'.
No latch inferred for signal `\top.\BoardY_BoardX_Life_DEFAULT_Yy_Xx_row_cnt_a1[93]' from process `\top.$proc$life_flat_gen.sv:0$105'.
No latch inferred for signal `\top.\BoardY_BoardX_Life_DEFAULT_Yy_Xx_row_cnt_a1[94]' from process `\top.$proc$life_flat_gen.sv:0$105'.
No latch inferred for signal `\top.\BoardY_BoardX_Life_DEFAULT_Yy_Xx_row_cnt_a1[95]' from process `\top.$proc$life_flat_gen.sv:0$105'.
No latch inferred for signal `\top.\BoardY_BoardX_Life_DEFAULT_Yy_Xx_row_cnt_a1[96]' from process `\top.$proc$life_flat_gen.sv:0$105'.
No latch inferred for signal `\top.\BoardY_BoardX_Life_DEFAULT_Yy_Xx_row_cnt_a1[97]' from process `\top.$proc$life_flat_gen.sv:0$105'.
No latch inferred for signal `\top.\BoardY_BoardX_Life_DEFAULT_Yy_Xx_row_cnt_a1[98]' from process `\top.$proc$life_flat_gen.sv:0$105'.
No latch inferred for signal `\top.\BoardY_BoardX_Life_DEFAULT_Yy_Xx_row_cnt_a1[99]' from process `\top.$proc$life_flat_gen.sv:0$105'.
No latch inferred for signal `\top.\BoardY_BoardX_Life_DEFAULT_Yy_Xx_cnt_a1[0]' from process `\top.$proc$life_flat_gen.sv:0$105'.
No latch inferred for signal `\top.\BoardY_BoardX_Life_DEFAULT_Yy_Xx_cnt_a1[1]' from process `\top.$proc$life_flat_gen.sv:0$105'.
No latch inferred for signal `\top.\BoardY_BoardX_Life_DEFAULT_Yy_Xx_cnt_a1[2]' from process `\top.$proc$life_flat_gen.sv:0$105'.
No latch inferred for signal `\top.\BoardY_BoardX_Life_DEFAULT_Yy_Xx_cnt_a1[3]' from process `\top.$proc$life_flat_gen.sv:0$105'.
No latch inferred for signal `\top.\BoardY_BoardX_Life_DEFAULT_Yy_Xx_cnt_a1[4]' from process `\top.$proc$life_flat_gen.sv:0$105'.
No latch inferred for signal `\top.\BoardY_BoardX_Life_DEFAULT_Yy_Xx_cnt_a1[5]' from process `\top.$proc$life_flat_gen.sv:0$105'.
No latch inferred for signal `\top.\BoardY_BoardX_Life_DEFAULT_Yy_Xx_cnt_a1[6]' from process `\top.$proc$life_flat_gen.sv:0$105'.
No latch inferred for signal `\top.\BoardY_BoardX_Life_DEFAULT_Yy_Xx_cnt_a1[7]' from process `\top.$proc$life_flat_gen.sv:0$105'.
No latch inferred for signal `\top.\BoardY_BoardX_Life_DEFAULT_Yy_Xx_cnt_a1[8]' from process `\top.$proc$life_flat_gen.sv:0$105'.
No latch inferred for signal `\top.\BoardY_BoardX_Life_DEFAULT_Yy_Xx_cnt_a1[9]' from process `\top.$proc$life_flat_gen.sv:0$105'.
No latch inferred for signal `\top.\BoardY_BoardX_Life_DEFAULT_Yy_Xx_cnt_a1[10]' from process `\top.$proc$life_flat_gen.sv:0$105'.
No latch inferred for signal `\top.\BoardY_BoardX_Life_DEFAULT_Yy_Xx_cnt_a1[11]' from process `\top.$proc$life_flat_gen.sv:0$105'.
No latch inferred for signal `\top.\BoardY_BoardX_Life_DEFAULT_Yy_Xx_cnt_a1[12]' from process `\top.$proc$life_flat_gen.sv:0$105'.
No latch inferred for signal `\top.\BoardY_BoardX_Life_DEFAULT_Yy_Xx_cnt_a1[13]' from process `\top.$proc$life_flat_gen.sv:0$105'.
No latch inferred for signal `\top.\BoardY_BoardX_Life_DEFAULT_Yy_Xx_cnt_a1[14]' from process `\top.$proc$life_flat_gen.sv:0$105'.
No latch inferred for signal `\top.\BoardY_BoardX_Life_DEFAULT_Yy_Xx_cnt_a1[15]' from process `\top.$proc$life_flat_gen.sv:0$105'.
No latch inferred for signal `\top.\BoardY_BoardX_Life_DEFAULT_Yy_Xx_cnt_a1[16]' from process `\top.$proc$life_flat_gen.sv:0$105'.
No latch inferred for signal `\top.\BoardY_BoardX_Life_DEFAULT_Yy_Xx_cnt_a1[17]' from process `\top.$proc$life_flat_gen.sv:0$105'.
No latch inferred for signal `\top.\BoardY_BoardX_Life_DEFAULT_Yy_Xx_cnt_a1[18]' from process `\top.$proc$life_flat_gen.sv:0$105'.
No latch inferred for signal `\top.\BoardY_BoardX_Life_DEFAULT_Yy_Xx_cnt_a1[19]' from process `\top.$proc$life_flat_gen.sv:0$105'.
No latch inferred for signal `\top.\BoardY_BoardX_Life_DEFAULT_Yy_Xx_cnt_a1[20]' from process `\top.$proc$life_flat_gen.sv:0$105'.
No latch inferred for signal `\top.\BoardY_BoardX_Life_DEFAULT_Yy_Xx_cnt_a1[21]' from process `\top.$proc$life_flat_gen.sv:0$105'.
No latch inferred for signal `\top.\BoardY_BoardX_Life_DEFAULT_Yy_Xx_cnt_a1[22]' from process `\top.$proc$life_flat_gen.sv:0$105'.
No latch inferred for signal `\top.\BoardY_BoardX_Life_DEFAULT_Yy_Xx_cnt_a1[23]' from process `\top.$proc$life_flat_gen.sv:0$105'.
No latch inferred for signal `\top.\BoardY_BoardX_Life_DEFAULT_Yy_Xx_cnt_a1[24]' from process `\top.$proc$life_flat_gen.sv:0$105'.
No latch inferred for signal `\top.\BoardY_BoardX_Life_DEFAULT_Yy_Xx_cnt_a1[25]' from process `\top.$proc$life_flat_gen.sv:0$105'.
No latch inferred for signal `\top.\BoardY_BoardX_Life_DEFAULT_Yy_Xx_cnt_a1[26]' from process `\top.$proc$life_flat_gen.sv:0$105'.
No latch inferred for signal `\top.\BoardY_BoardX_Life_DEFAULT_Yy_Xx_cnt_a1[27]' from process `\top.$proc$life_flat_gen.sv:0$105'.
No latch inferred for signal `\top.\BoardY_BoardX_Life_DEFAULT_Yy_Xx_cnt_a1[28]' from process `\top.$proc$life_flat_gen.sv:0$105'.
No latch inferred for signal `\top.\BoardY_BoardX_Life_DEFAULT_Yy_Xx_cnt_a1[29]' from process `\top.$proc$life_flat_gen.sv:0$105'.
No latch inferred for signal `\top.\BoardY_BoardX_Life_DEFAULT_Yy_Xx_cnt_a1[30]' from process `\top.$proc$life_flat_gen.sv:0$105'.
No latch inferred for signal `\top.\BoardY_BoardX_Life_DEFAULT_Yy_Xx_cnt_a1[31]' from process `\top.$proc$life_flat_gen.sv:0$105'.
No latch inferred for signal `\top.\BoardY_BoardX_Life_DEFAULT_Yy_Xx_cnt_a1[32]' from process `\top.$proc$life_flat_gen.sv:0$105'.
No latch inferred for signal `\top.\BoardY_BoardX_Life_DEFAULT_Yy_Xx_cnt_a1[33]' from process `\top.$proc$life_flat_gen.sv:0$105'.
No latch inferred for signal `\top.\BoardY_BoardX_Life_DEFAULT_Yy_Xx_cnt_a1[34]' from process `\top.$proc$life_flat_gen.sv:0$105'.
No latch inferred for signal `\top.\BoardY_BoardX_Life_DEFAULT_Yy_Xx_cnt_a1[35]' from process `\top.$proc$life_flat_gen.sv:0$105'.
No latch inferred for signal `\top.\BoardY_BoardX_Life_DEFAULT_Yy_Xx_cnt_a1[36]' from process `\top.$proc$life_flat_gen.sv:0$105'.
No latch inferred for signal `\top.\BoardY_BoardX_Life_DEFAULT_Yy_Xx_cnt_a1[37]' from process `\top.$proc$life_flat_gen.sv:0$105'.
No latch inferred for signal `\top.\BoardY_BoardX_Life_DEFAULT_Yy_Xx_cnt_a1[38]' from process `\top.$proc$life_flat_gen.sv:0$105'.
No latch inferred for signal `\top.\BoardY_BoardX_Life_DEFAULT_Yy_Xx_cnt_a1[39]' from process `\top.$proc$life_flat_gen.sv:0$105'.
No latch inferred for signal `\top.\BoardY_BoardX_Life_DEFAULT_Yy_Xx_cnt_a1[40]' from process `\top.$proc$life_flat_gen.sv:0$105'.
No latch inferred for signal `\top.\BoardY_BoardX_Life_DEFAULT_Yy_Xx_cnt_a1[41]' from process `\top.$proc$life_flat_gen.sv:0$105'.
No latch inferred for signal `\top.\BoardY_BoardX_Life_DEFAULT_Yy_Xx_cnt_a1[42]' from process `\top.$proc$life_flat_gen.sv:0$105'.
No latch inferred for signal `\top.\BoardY_BoardX_Life_DEFAULT_Yy_Xx_cnt_a1[43]' from process `\top.$proc$life_flat_gen.sv:0$105'.
No latch inferred for signal `\top.\BoardY_BoardX_Life_DEFAULT_Yy_Xx_cnt_a1[44]' from process `\top.$proc$life_flat_gen.sv:0$105'.
No latch inferred for signal `\top.\BoardY_BoardX_Life_DEFAULT_Yy_Xx_cnt_a1[45]' from process `\top.$proc$life_flat_gen.sv:0$105'.
No latch inferred for signal `\top.\BoardY_BoardX_Life_DEFAULT_Yy_Xx_cnt_a1[46]' from process `\top.$proc$life_flat_gen.sv:0$105'.
No latch inferred for signal `\top.\BoardY_BoardX_Life_DEFAULT_Yy_Xx_cnt_a1[47]' from process `\top.$proc$life_flat_gen.sv:0$105'.
No latch inferred for signal `\top.\BoardY_BoardX_Life_DEFAULT_Yy_Xx_cnt_a1[48]' from process `\top.$proc$life_flat_gen.sv:0$105'.
No latch inferred for signal `\top.\BoardY_BoardX_Life_DEFAULT_Yy_Xx_cnt_a1[49]' from process `\top.$proc$life_flat_gen.sv:0$105'.
No latch inferred for signal `\top.\BoardY_BoardX_Life_DEFAULT_Yy_Xx_cnt_a1[50]' from process `\top.$proc$life_flat_gen.sv:0$105'.
No latch inferred for signal `\top.\BoardY_BoardX_Life_DEFAULT_Yy_Xx_cnt_a1[51]' from process `\top.$proc$life_flat_gen.sv:0$105'.
No latch inferred for signal `\top.\BoardY_BoardX_Life_DEFAULT_Yy_Xx_cnt_a1[52]' from process `\top.$proc$life_flat_gen.sv:0$105'.
No latch inferred for signal `\top.\BoardY_BoardX_Life_DEFAULT_Yy_Xx_cnt_a1[53]' from process `\top.$proc$life_flat_gen.sv:0$105'.
No latch inferred for signal `\top.\BoardY_BoardX_Life_DEFAULT_Yy_Xx_cnt_a1[54]' from process `\top.$proc$life_flat_gen.sv:0$105'.
No latch inferred for signal `\top.\BoardY_BoardX_Life_DEFAULT_Yy_Xx_cnt_a1[55]' from process `\top.$proc$life_flat_gen.sv:0$105'.
No latch inferred for signal `\top.\BoardY_BoardX_Life_DEFAULT_Yy_Xx_cnt_a1[56]' from process `\top.$proc$life_flat_gen.sv:0$105'.
No latch inferred for signal `\top.\BoardY_BoardX_Life_DEFAULT_Yy_Xx_cnt_a1[57]' from process `\top.$proc$life_flat_gen.sv:0$105'.
No latch inferred for signal `\top.\BoardY_BoardX_Life_DEFAULT_Yy_Xx_cnt_a1[58]' from process `\top.$proc$life_flat_gen.sv:0$105'.
No latch inferred for signal `\top.\BoardY_BoardX_Life_DEFAULT_Yy_Xx_cnt_a1[59]' from process `\top.$proc$life_flat_gen.sv:0$105'.
No latch inferred for signal `\top.\BoardY_BoardX_Life_DEFAULT_Yy_Xx_cnt_a1[60]' from process `\top.$proc$life_flat_gen.sv:0$105'.
No latch inferred for signal `\top.\BoardY_BoardX_Life_DEFAULT_Yy_Xx_cnt_a1[61]' from process `\top.$proc$life_flat_gen.sv:0$105'.
No latch inferred for signal `\top.\BoardY_BoardX_Life_DEFAULT_Yy_Xx_cnt_a1[62]' from process `\top.$proc$life_flat_gen.sv:0$105'.
No latch inferred for signal `\top.\BoardY_BoardX_Life_DEFAULT_Yy_Xx_cnt_a1[63]' from process `\top.$proc$life_flat_gen.sv:0$105'.
No latch inferred for signal `\top.\BoardY_BoardX_Life_DEFAULT_Yy_Xx_cnt_a1[64]' from process `\top.$proc$life_flat_gen.sv:0$105'.
No latch inferred for signal `\top.\BoardY_BoardX_Life_DEFAULT_Yy_Xx_cnt_a1[65]' from process `\top.$proc$life_flat_gen.sv:0$105'.
No latch inferred for signal `\top.\BoardY_BoardX_Life_DEFAULT_Yy_Xx_cnt_a1[66]' from process `\top.$proc$life_flat_gen.sv:0$105'.
No latch inferred for signal `\top.\BoardY_BoardX_Life_DEFAULT_Yy_Xx_cnt_a1[67]' from process `\top.$proc$life_flat_gen.sv:0$105'.
No latch inferred for signal `\top.\BoardY_BoardX_Life_DEFAULT_Yy_Xx_cnt_a1[68]' from process `\top.$proc$life_flat_gen.sv:0$105'.
No latch inferred for signal `\top.\BoardY_BoardX_Life_DEFAULT_Yy_Xx_cnt_a1[69]' from process `\top.$proc$life_flat_gen.sv:0$105'.
No latch inferred for signal `\top.\BoardY_BoardX_Life_DEFAULT_Yy_Xx_cnt_a1[70]' from process `\top.$proc$life_flat_gen.sv:0$105'.
No latch inferred for signal `\top.\BoardY_BoardX_Life_DEFAULT_Yy_Xx_cnt_a1[71]' from process `\top.$proc$life_flat_gen.sv:0$105'.
No latch inferred for signal `\top.\BoardY_BoardX_Life_DEFAULT_Yy_Xx_cnt_a1[72]' from process `\top.$proc$life_flat_gen.sv:0$105'.
No latch inferred for signal `\top.\BoardY_BoardX_Life_DEFAULT_Yy_Xx_cnt_a1[73]' from process `\top.$proc$life_flat_gen.sv:0$105'.
No latch inferred for signal `\top.\BoardY_BoardX_Life_DEFAULT_Yy_Xx_cnt_a1[74]' from process `\top.$proc$life_flat_gen.sv:0$105'.
No latch inferred for signal `\top.\BoardY_BoardX_Life_DEFAULT_Yy_Xx_cnt_a1[75]' from process `\top.$proc$life_flat_gen.sv:0$105'.
No latch inferred for signal `\top.\BoardY_BoardX_Life_DEFAULT_Yy_Xx_cnt_a1[76]' from process `\top.$proc$life_flat_gen.sv:0$105'.
No latch inferred for signal `\top.\BoardY_BoardX_Life_DEFAULT_Yy_Xx_cnt_a1[77]' from process `\top.$proc$life_flat_gen.sv:0$105'.
No latch inferred for signal `\top.\BoardY_BoardX_Life_DEFAULT_Yy_Xx_cnt_a1[78]' from process `\top.$proc$life_flat_gen.sv:0$105'.
No latch inferred for signal `\top.\BoardY_BoardX_Life_DEFAULT_Yy_Xx_cnt_a1[79]' from process `\top.$proc$life_flat_gen.sv:0$105'.
No latch inferred for signal `\top.\BoardY_BoardX_Life_DEFAULT_Yy_Xx_cnt_a1[80]' from process `\top.$proc$life_flat_gen.sv:0$105'.
No latch inferred for signal `\top.\BoardY_BoardX_Life_DEFAULT_Yy_Xx_cnt_a1[81]' from process `\top.$proc$life_flat_gen.sv:0$105'.
No latch inferred for signal `\top.\BoardY_BoardX_Life_DEFAULT_Yy_Xx_cnt_a1[82]' from process `\top.$proc$life_flat_gen.sv:0$105'.
No latch inferred for signal `\top.\BoardY_BoardX_Life_DEFAULT_Yy_Xx_cnt_a1[83]' from process `\top.$proc$life_flat_gen.sv:0$105'.
No latch inferred for signal `\top.\BoardY_BoardX_Life_DEFAULT_Yy_Xx_cnt_a1[84]' from process `\top.$proc$life_flat_gen.sv:0$105'.
No latch inferred for signal `\top.\BoardY_BoardX_Life_DEFAULT_Yy_Xx_cnt_a1[85]' from process `\top.$proc$life_flat_gen.sv:0$105'.
No latch inferred for signal `\top.\BoardY_BoardX_Life_DEFAULT_Yy_Xx_cnt_a1[86]' from process `\top.$proc$life_flat_gen.sv:0$105'.
No latch inferred for signal `\top.\BoardY_BoardX_Life_DEFAULT_Yy_Xx_cnt_a1[87]' from process `\top.$proc$life_flat_gen.sv:0$105'.
No latch inferred for signal `\top.\BoardY_BoardX_Life_DEFAULT_Yy_Xx_cnt_a1[88]' from process `\top.$proc$life_flat_gen.sv:0$105'.
No latch inferred for signal `\top.\BoardY_BoardX_Life_DEFAULT_Yy_Xx_cnt_a1[89]' from process `\top.$proc$life_flat_gen.sv:0$105'.
No latch inferred for signal `\top.\BoardY_BoardX_Life_DEFAULT_Yy_Xx_cnt_a1[90]' from process `\top.$proc$life_flat_gen.sv:0$105'.
No latch inferred for signal `\top.\BoardY_BoardX_Life_DEFAULT_Yy_Xx_cnt_a1[91]' from process `\top.$proc$life_flat_gen.sv:0$105'.
No latch inferred for signal `\top.\BoardY_BoardX_Life_DEFAULT_Yy_Xx_cnt_a1[92]' from process `\top.$proc$life_flat_gen.sv:0$105'.
No latch inferred for signal `\top.\BoardY_BoardX_Life_DEFAULT_Yy_Xx_cnt_a1[93]' from process `\top.$proc$life_flat_gen.sv:0$105'.
No latch inferred for signal `\top.\BoardY_BoardX_Life_DEFAULT_Yy_Xx_cnt_a1[94]' from process `\top.$proc$life_flat_gen.sv:0$105'.
No latch inferred for signal `\top.\BoardY_BoardX_Life_DEFAULT_Yy_Xx_cnt_a1[95]' from process `\top.$proc$life_flat_gen.sv:0$105'.
No latch inferred for signal `\top.\BoardY_BoardX_Life_DEFAULT_Yy_Xx_cnt_a1[96]' from process `\top.$proc$life_flat_gen.sv:0$105'.
No latch inferred for signal `\top.\BoardY_BoardX_Life_DEFAULT_Yy_Xx_cnt_a1[97]' from process `\top.$proc$life_flat_gen.sv:0$105'.
No latch inferred for signal `\top.\BoardY_BoardX_Life_DEFAULT_Yy_Xx_cnt_a1[98]' from process `\top.$proc$life_flat_gen.sv:0$105'.
No latch inferred for signal `\top.\BoardY_BoardX_Life_DEFAULT_Yy_Xx_cnt_a1[99]' from process `\top.$proc$life_flat_gen.sv:0$105'.
No latch inferred for signal `\top.\BoardY_BoardX_Life_DEFAULT_Yy_Xx_init_alive_a1[0]' from process `\top.$proc$life_flat_gen.sv:0$105'.
No latch inferred for signal `\top.\BoardY_BoardX_Life_DEFAULT_Yy_Xx_init_alive_a1[1]' from process `\top.$proc$life_flat_gen.sv:0$105'.
No latch inferred for signal `\top.\BoardY_BoardX_Life_DEFAULT_Yy_Xx_init_alive_a1[2]' from process `\top.$proc$life_flat_gen.sv:0$105'.
No latch inferred for signal `\top.\BoardY_BoardX_Life_DEFAULT_Yy_Xx_init_alive_a1[3]' from process `\top.$proc$life_flat_gen.sv:0$105'.
No latch inferred for signal `\top.\BoardY_BoardX_Life_DEFAULT_Yy_Xx_init_alive_a1[4]' from process `\top.$proc$life_flat_gen.sv:0$105'.
No latch inferred for signal `\top.\BoardY_BoardX_Life_DEFAULT_Yy_Xx_init_alive_a1[5]' from process `\top.$proc$life_flat_gen.sv:0$105'.
No latch inferred for signal `\top.\BoardY_BoardX_Life_DEFAULT_Yy_Xx_init_alive_a1[6]' from process `\top.$proc$life_flat_gen.sv:0$105'.
No latch inferred for signal `\top.\BoardY_BoardX_Life_DEFAULT_Yy_Xx_init_alive_a1[7]' from process `\top.$proc$life_flat_gen.sv:0$105'.
No latch inferred for signal `\top.\BoardY_BoardX_Life_DEFAULT_Yy_Xx_init_alive_a1[8]' from process `\top.$proc$life_flat_gen.sv:0$105'.
No latch inferred for signal `\top.\BoardY_BoardX_Life_DEFAULT_Yy_Xx_init_alive_a1[9]' from process `\top.$proc$life_flat_gen.sv:0$105'.
No latch inferred for signal `\top.\BoardY_BoardX_Life_DEFAULT_Yy_Xx_init_alive_a1[10]' from process `\top.$proc$life_flat_gen.sv:0$105'.
No latch inferred for signal `\top.\BoardY_BoardX_Life_DEFAULT_Yy_Xx_init_alive_a1[11]' from process `\top.$proc$life_flat_gen.sv:0$105'.
No latch inferred for signal `\top.\BoardY_BoardX_Life_DEFAULT_Yy_Xx_init_alive_a1[12]' from process `\top.$proc$life_flat_gen.sv:0$105'.
No latch inferred for signal `\top.\BoardY_BoardX_Life_DEFAULT_Yy_Xx_init_alive_a1[13]' from process `\top.$proc$life_flat_gen.sv:0$105'.
No latch inferred for signal `\top.\BoardY_BoardX_Life_DEFAULT_Yy_Xx_init_alive_a1[14]' from process `\top.$proc$life_flat_gen.sv:0$105'.
No latch inferred for signal `\top.\BoardY_BoardX_Life_DEFAULT_Yy_Xx_init_alive_a1[15]' from process `\top.$proc$life_flat_gen.sv:0$105'.
No latch inferred for signal `\top.\BoardY_BoardX_Life_DEFAULT_Yy_Xx_init_alive_a1[16]' from process `\top.$proc$life_flat_gen.sv:0$105'.
No latch inferred for signal `\top.\BoardY_BoardX_Life_DEFAULT_Yy_Xx_init_alive_a1[17]' from process `\top.$proc$life_flat_gen.sv:0$105'.
No latch inferred for signal `\top.\BoardY_BoardX_Life_DEFAULT_Yy_Xx_init_alive_a1[18]' from process `\top.$proc$life_flat_gen.sv:0$105'.
No latch inferred for signal `\top.\BoardY_BoardX_Life_DEFAULT_Yy_Xx_init_alive_a1[19]' from process `\top.$proc$life_flat_gen.sv:0$105'.
No latch inferred for signal `\top.\BoardY_BoardX_Life_DEFAULT_Yy_Xx_init_alive_a1[20]' from process `\top.$proc$life_flat_gen.sv:0$105'.
No latch inferred for signal `\top.\BoardY_BoardX_Life_DEFAULT_Yy_Xx_init_alive_a1[21]' from process `\top.$proc$life_flat_gen.sv:0$105'.
No latch inferred for signal `\top.\BoardY_BoardX_Life_DEFAULT_Yy_Xx_init_alive_a1[22]' from process `\top.$proc$life_flat_gen.sv:0$105'.
No latch inferred for signal `\top.\BoardY_BoardX_Life_DEFAULT_Yy_Xx_init_alive_a1[23]' from process `\top.$proc$life_flat_gen.sv:0$105'.
No latch inferred for signal `\top.\BoardY_BoardX_Life_DEFAULT_Yy_Xx_init_alive_a1[24]' from process `\top.$proc$life_flat_gen.sv:0$105'.
No latch inferred for signal `\top.\BoardY_BoardX_Life_DEFAULT_Yy_Xx_init_alive_a1[25]' from process `\top.$proc$life_flat_gen.sv:0$105'.
No latch inferred for signal `\top.\BoardY_BoardX_Life_DEFAULT_Yy_Xx_init_alive_a1[26]' from process `\top.$proc$life_flat_gen.sv:0$105'.
No latch inferred for signal `\top.\BoardY_BoardX_Life_DEFAULT_Yy_Xx_init_alive_a1[27]' from process `\top.$proc$life_flat_gen.sv:0$105'.
No latch inferred for signal `\top.\BoardY_BoardX_Life_DEFAULT_Yy_Xx_init_alive_a1[28]' from process `\top.$proc$life_flat_gen.sv:0$105'.
No latch inferred for signal `\top.\BoardY_BoardX_Life_DEFAULT_Yy_Xx_init_alive_a1[29]' from process `\top.$proc$life_flat_gen.sv:0$105'.
No latch inferred for signal `\top.\BoardY_BoardX_Life_DEFAULT_Yy_Xx_init_alive_a1[30]' from process `\top.$proc$life_flat_gen.sv:0$105'.
No latch inferred for signal `\top.\BoardY_BoardX_Life_DEFAULT_Yy_Xx_init_alive_a1[31]' from process `\top.$proc$life_flat_gen.sv:0$105'.
No latch inferred for signal `\top.\BoardY_BoardX_Life_DEFAULT_Yy_Xx_init_alive_a1[32]' from process `\top.$proc$life_flat_gen.sv:0$105'.
No latch inferred for signal `\top.\BoardY_BoardX_Life_DEFAULT_Yy_Xx_init_alive_a1[33]' from process `\top.$proc$life_flat_gen.sv:0$105'.
No latch inferred for signal `\top.\BoardY_BoardX_Life_DEFAULT_Yy_Xx_init_alive_a1[34]' from process `\top.$proc$life_flat_gen.sv:0$105'.
No latch inferred for signal `\top.\BoardY_BoardX_Life_DEFAULT_Yy_Xx_init_alive_a1[35]' from process `\top.$proc$life_flat_gen.sv:0$105'.
No latch inferred for signal `\top.\BoardY_BoardX_Life_DEFAULT_Yy_Xx_init_alive_a1[36]' from process `\top.$proc$life_flat_gen.sv:0$105'.
No latch inferred for signal `\top.\BoardY_BoardX_Life_DEFAULT_Yy_Xx_init_alive_a1[37]' from process `\top.$proc$life_flat_gen.sv:0$105'.
No latch inferred for signal `\top.\BoardY_BoardX_Life_DEFAULT_Yy_Xx_init_alive_a1[38]' from process `\top.$proc$life_flat_gen.sv:0$105'.
No latch inferred for signal `\top.\BoardY_BoardX_Life_DEFAULT_Yy_Xx_init_alive_a1[39]' from process `\top.$proc$life_flat_gen.sv:0$105'.
No latch inferred for signal `\top.\BoardY_BoardX_Life_DEFAULT_Yy_Xx_init_alive_a1[40]' from process `\top.$proc$life_flat_gen.sv:0$105'.
No latch inferred for signal `\top.\BoardY_BoardX_Life_DEFAULT_Yy_Xx_init_alive_a1[41]' from process `\top.$proc$life_flat_gen.sv:0$105'.
No latch inferred for signal `\top.\BoardY_BoardX_Life_DEFAULT_Yy_Xx_init_alive_a1[42]' from process `\top.$proc$life_flat_gen.sv:0$105'.
No latch inferred for signal `\top.\BoardY_BoardX_Life_DEFAULT_Yy_Xx_init_alive_a1[43]' from process `\top.$proc$life_flat_gen.sv:0$105'.
No latch inferred for signal `\top.\BoardY_BoardX_Life_DEFAULT_Yy_Xx_init_alive_a1[44]' from process `\top.$proc$life_flat_gen.sv:0$105'.
No latch inferred for signal `\top.\BoardY_BoardX_Life_DEFAULT_Yy_Xx_init_alive_a1[45]' from process `\top.$proc$life_flat_gen.sv:0$105'.
No latch inferred for signal `\top.\BoardY_BoardX_Life_DEFAULT_Yy_Xx_init_alive_a1[46]' from process `\top.$proc$life_flat_gen.sv:0$105'.
No latch inferred for signal `\top.\BoardY_BoardX_Life_DEFAULT_Yy_Xx_init_alive_a1[47]' from process `\top.$proc$life_flat_gen.sv:0$105'.
No latch inferred for signal `\top.\BoardY_BoardX_Life_DEFAULT_Yy_Xx_init_alive_a1[48]' from process `\top.$proc$life_flat_gen.sv:0$105'.
No latch inferred for signal `\top.\BoardY_BoardX_Life_DEFAULT_Yy_Xx_init_alive_a1[49]' from process `\top.$proc$life_flat_gen.sv:0$105'.
No latch inferred for signal `\top.\BoardY_BoardX_Life_DEFAULT_Yy_Xx_init_alive_a1[50]' from process `\top.$proc$life_flat_gen.sv:0$105'.
No latch inferred for signal `\top.\BoardY_BoardX_Life_DEFAULT_Yy_Xx_init_alive_a1[51]' from process `\top.$proc$life_flat_gen.sv:0$105'.
No latch inferred for signal `\top.\BoardY_BoardX_Life_DEFAULT_Yy_Xx_init_alive_a1[52]' from process `\top.$proc$life_flat_gen.sv:0$105'.
No latch inferred for signal `\top.\BoardY_BoardX_Life_DEFAULT_Yy_Xx_init_alive_a1[53]' from process `\top.$proc$life_flat_gen.sv:0$105'.
No latch inferred for signal `\top.\BoardY_BoardX_Life_DEFAULT_Yy_Xx_init_alive_a1[54]' from process `\top.$proc$life_flat_gen.sv:0$105'.
No latch inferred for signal `\top.\BoardY_BoardX_Life_DEFAULT_Yy_Xx_init_alive_a1[55]' from process `\top.$proc$life_flat_gen.sv:0$105'.
No latch inferred for signal `\top.\BoardY_BoardX_Life_DEFAULT_Yy_Xx_init_alive_a1[56]' from process `\top.$proc$life_flat_gen.sv:0$105'.
No latch inferred for signal `\top.\BoardY_BoardX_Life_DEFAULT_Yy_Xx_init_alive_a1[57]' from process `\top.$proc$life_flat_gen.sv:0$105'.
No latch inferred for signal `\top.\BoardY_BoardX_Life_DEFAULT_Yy_Xx_init_alive_a1[58]' from process `\top.$proc$life_flat_gen.sv:0$105'.
No latch inferred for signal `\top.\BoardY_BoardX_Life_DEFAULT_Yy_Xx_init_alive_a1[59]' from process `\top.$proc$life_flat_gen.sv:0$105'.
No latch inferred for signal `\top.\BoardY_BoardX_Life_DEFAULT_Yy_Xx_init_alive_a1[60]' from process `\top.$proc$life_flat_gen.sv:0$105'.
No latch inferred for signal `\top.\BoardY_BoardX_Life_DEFAULT_Yy_Xx_init_alive_a1[61]' from process `\top.$proc$life_flat_gen.sv:0$105'.
No latch inferred for signal `\top.\BoardY_BoardX_Life_DEFAULT_Yy_Xx_init_alive_a1[62]' from process `\top.$proc$life_flat_gen.sv:0$105'.
No latch inferred for signal `\top.\BoardY_BoardX_Life_DEFAULT_Yy_Xx_init_alive_a1[63]' from process `\top.$proc$life_flat_gen.sv:0$105'.
No latch inferred for signal `\top.\BoardY_BoardX_Life_DEFAULT_Yy_Xx_init_alive_a1[64]' from process `\top.$proc$life_flat_gen.sv:0$105'.
No latch inferred for signal `\top.\BoardY_BoardX_Life_DEFAULT_Yy_Xx_init_alive_a1[65]' from process `\top.$proc$life_flat_gen.sv:0$105'.
No latch inferred for signal `\top.\BoardY_BoardX_Life_DEFAULT_Yy_Xx_init_alive_a1[66]' from process `\top.$proc$life_flat_gen.sv:0$105'.
No latch inferred for signal `\top.\BoardY_BoardX_Life_DEFAULT_Yy_Xx_init_alive_a1[67]' from process `\top.$proc$life_flat_gen.sv:0$105'.
No latch inferred for signal `\top.\BoardY_BoardX_Life_DEFAULT_Yy_Xx_init_alive_a1[68]' from process `\top.$proc$life_flat_gen.sv:0$105'.
No latch inferred for signal `\top.\BoardY_BoardX_Life_DEFAULT_Yy_Xx_init_alive_a1[69]' from process `\top.$proc$life_flat_gen.sv:0$105'.
No latch inferred for signal `\top.\BoardY_BoardX_Life_DEFAULT_Yy_Xx_init_alive_a1[70]' from process `\top.$proc$life_flat_gen.sv:0$105'.
No latch inferred for signal `\top.\BoardY_BoardX_Life_DEFAULT_Yy_Xx_init_alive_a1[71]' from process `\top.$proc$life_flat_gen.sv:0$105'.
No latch inferred for signal `\top.\BoardY_BoardX_Life_DEFAULT_Yy_Xx_init_alive_a1[72]' from process `\top.$proc$life_flat_gen.sv:0$105'.
No latch inferred for signal `\top.\BoardY_BoardX_Life_DEFAULT_Yy_Xx_init_alive_a1[73]' from process `\top.$proc$life_flat_gen.sv:0$105'.
No latch inferred for signal `\top.\BoardY_BoardX_Life_DEFAULT_Yy_Xx_init_alive_a1[74]' from process `\top.$proc$life_flat_gen.sv:0$105'.
No latch inferred for signal `\top.\BoardY_BoardX_Life_DEFAULT_Yy_Xx_init_alive_a1[75]' from process `\top.$proc$life_flat_gen.sv:0$105'.
No latch inferred for signal `\top.\BoardY_BoardX_Life_DEFAULT_Yy_Xx_init_alive_a1[76]' from process `\top.$proc$life_flat_gen.sv:0$105'.
No latch inferred for signal `\top.\BoardY_BoardX_Life_DEFAULT_Yy_Xx_init_alive_a1[77]' from process `\top.$proc$life_flat_gen.sv:0$105'.
No latch inferred for signal `\top.\BoardY_BoardX_Life_DEFAULT_Yy_Xx_init_alive_a1[78]' from process `\top.$proc$life_flat_gen.sv:0$105'.
No latch inferred for signal `\top.\BoardY_BoardX_Life_DEFAULT_Yy_Xx_init_alive_a1[79]' from process `\top.$proc$life_flat_gen.sv:0$105'.
No latch inferred for signal `\top.\BoardY_BoardX_Life_DEFAULT_Yy_Xx_init_alive_a1[80]' from process `\top.$proc$life_flat_gen.sv:0$105'.
No latch inferred for signal `\top.\BoardY_BoardX_Life_DEFAULT_Yy_Xx_init_alive_a1[81]' from process `\top.$proc$life_flat_gen.sv:0$105'.
No latch inferred for signal `\top.\BoardY_BoardX_Life_DEFAULT_Yy_Xx_init_alive_a1[82]' from process `\top.$proc$life_flat_gen.sv:0$105'.
No latch inferred for signal `\top.\BoardY_BoardX_Life_DEFAULT_Yy_Xx_init_alive_a1[83]' from process `\top.$proc$life_flat_gen.sv:0$105'.
No latch inferred for signal `\top.\BoardY_BoardX_Life_DEFAULT_Yy_Xx_init_alive_a1[84]' from process `\top.$proc$life_flat_gen.sv:0$105'.
No latch inferred for signal `\top.\BoardY_BoardX_Life_DEFAULT_Yy_Xx_init_alive_a1[85]' from process `\top.$proc$life_flat_gen.sv:0$105'.
No latch inferred for signal `\top.\BoardY_BoardX_Life_DEFAULT_Yy_Xx_init_alive_a1[86]' from process `\top.$proc$life_flat_gen.sv:0$105'.
No latch inferred for signal `\top.\BoardY_BoardX_Life_DEFAULT_Yy_Xx_init_alive_a1[87]' from process `\top.$proc$life_flat_gen.sv:0$105'.
No latch inferred for signal `\top.\BoardY_BoardX_Life_DEFAULT_Yy_Xx_init_alive_a1[88]' from process `\top.$proc$life_flat_gen.sv:0$105'.
No latch inferred for signal `\top.\BoardY_BoardX_Life_DEFAULT_Yy_Xx_init_alive_a1[89]' from process `\top.$proc$life_flat_gen.sv:0$105'.
No latch inferred for signal `\top.\BoardY_BoardX_Life_DEFAULT_Yy_Xx_init_alive_a1[90]' from process `\top.$proc$life_flat_gen.sv:0$105'.
No latch inferred for signal `\top.\BoardY_BoardX_Life_DEFAULT_Yy_Xx_init_alive_a1[91]' from process `\top.$proc$life_flat_gen.sv:0$105'.
No latch inferred for signal `\top.\BoardY_BoardX_Life_DEFAULT_Yy_Xx_init_alive_a1[92]' from process `\top.$proc$life_flat_gen.sv:0$105'.
No latch inferred for signal `\top.\BoardY_BoardX_Life_DEFAULT_Yy_Xx_init_alive_a1[93]' from process `\top.$proc$life_flat_gen.sv:0$105'.
No latch inferred for signal `\top.\BoardY_BoardX_Life_DEFAULT_Yy_Xx_init_alive_a1[94]' from process `\top.$proc$life_flat_gen.sv:0$105'.
No latch inferred for signal `\top.\BoardY_BoardX_Life_DEFAULT_Yy_Xx_init_alive_a1[95]' from process `\top.$proc$life_flat_gen.sv:0$105'.
No latch inferred for signal `\top.\BoardY_BoardX_Life_DEFAULT_Yy_Xx_init_alive_a1[96]' from process `\top.$proc$life_flat_gen.sv:0$105'.
No latch inferred for signal `\top.\BoardY_BoardX_Life_DEFAULT_Yy_Xx_init_alive_a1[97]' from process `\top.$proc$life_flat_gen.sv:0$105'.
No latch inferred for signal `\top.\BoardY_BoardX_Life_DEFAULT_Yy_Xx_init_alive_a1[98]' from process `\top.$proc$life_flat_gen.sv:0$105'.
No latch inferred for signal `\top.\BoardY_BoardX_Life_DEFAULT_Yy_Xx_init_alive_a1[99]' from process `\top.$proc$life_flat_gen.sv:0$105'.
No latch inferred for signal `\top.\BoardY_BoardX_Life_DEFAULT_Yy_Xx_alive_a1[0]' from process `\top.$proc$life_flat_gen.sv:0$105'.
No latch inferred for signal `\top.\BoardY_BoardX_Life_DEFAULT_Yy_Xx_alive_a1[1]' from process `\top.$proc$life_flat_gen.sv:0$105'.
No latch inferred for signal `\top.\BoardY_BoardX_Life_DEFAULT_Yy_Xx_alive_a1[2]' from process `\top.$proc$life_flat_gen.sv:0$105'.
No latch inferred for signal `\top.\BoardY_BoardX_Life_DEFAULT_Yy_Xx_alive_a1[3]' from process `\top.$proc$life_flat_gen.sv:0$105'.
No latch inferred for signal `\top.\BoardY_BoardX_Life_DEFAULT_Yy_Xx_alive_a1[4]' from process `\top.$proc$life_flat_gen.sv:0$105'.
No latch inferred for signal `\top.\BoardY_BoardX_Life_DEFAULT_Yy_Xx_alive_a1[5]' from process `\top.$proc$life_flat_gen.sv:0$105'.
No latch inferred for signal `\top.\BoardY_BoardX_Life_DEFAULT_Yy_Xx_alive_a1[6]' from process `\top.$proc$life_flat_gen.sv:0$105'.
No latch inferred for signal `\top.\BoardY_BoardX_Life_DEFAULT_Yy_Xx_alive_a1[7]' from process `\top.$proc$life_flat_gen.sv:0$105'.
No latch inferred for signal `\top.\BoardY_BoardX_Life_DEFAULT_Yy_Xx_alive_a1[8]' from process `\top.$proc$life_flat_gen.sv:0$105'.
No latch inferred for signal `\top.\BoardY_BoardX_Life_DEFAULT_Yy_Xx_alive_a1[9]' from process `\top.$proc$life_flat_gen.sv:0$105'.
No latch inferred for signal `\top.\BoardY_BoardX_Life_DEFAULT_Yy_Xx_alive_a1[10]' from process `\top.$proc$life_flat_gen.sv:0$105'.
No latch inferred for signal `\top.\BoardY_BoardX_Life_DEFAULT_Yy_Xx_alive_a1[11]' from process `\top.$proc$life_flat_gen.sv:0$105'.
No latch inferred for signal `\top.\BoardY_BoardX_Life_DEFAULT_Yy_Xx_alive_a1[12]' from process `\top.$proc$life_flat_gen.sv:0$105'.
No latch inferred for signal `\top.\BoardY_BoardX_Life_DEFAULT_Yy_Xx_alive_a1[13]' from process `\top.$proc$life_flat_gen.sv:0$105'.
No latch inferred for signal `\top.\BoardY_BoardX_Life_DEFAULT_Yy_Xx_alive_a1[14]' from process `\top.$proc$life_flat_gen.sv:0$105'.
No latch inferred for signal `\top.\BoardY_BoardX_Life_DEFAULT_Yy_Xx_alive_a1[15]' from process `\top.$proc$life_flat_gen.sv:0$105'.
No latch inferred for signal `\top.\BoardY_BoardX_Life_DEFAULT_Yy_Xx_alive_a1[16]' from process `\top.$proc$life_flat_gen.sv:0$105'.
No latch inferred for signal `\top.\BoardY_BoardX_Life_DEFAULT_Yy_Xx_alive_a1[17]' from process `\top.$proc$life_flat_gen.sv:0$105'.
No latch inferred for signal `\top.\BoardY_BoardX_Life_DEFAULT_Yy_Xx_alive_a1[18]' from process `\top.$proc$life_flat_gen.sv:0$105'.
No latch inferred for signal `\top.\BoardY_BoardX_Life_DEFAULT_Yy_Xx_alive_a1[19]' from process `\top.$proc$life_flat_gen.sv:0$105'.
No latch inferred for signal `\top.\BoardY_BoardX_Life_DEFAULT_Yy_Xx_alive_a1[20]' from process `\top.$proc$life_flat_gen.sv:0$105'.
No latch inferred for signal `\top.\BoardY_BoardX_Life_DEFAULT_Yy_Xx_alive_a1[21]' from process `\top.$proc$life_flat_gen.sv:0$105'.
No latch inferred for signal `\top.\BoardY_BoardX_Life_DEFAULT_Yy_Xx_alive_a1[22]' from process `\top.$proc$life_flat_gen.sv:0$105'.
No latch inferred for signal `\top.\BoardY_BoardX_Life_DEFAULT_Yy_Xx_alive_a1[23]' from process `\top.$proc$life_flat_gen.sv:0$105'.
No latch inferred for signal `\top.\BoardY_BoardX_Life_DEFAULT_Yy_Xx_alive_a1[24]' from process `\top.$proc$life_flat_gen.sv:0$105'.
No latch inferred for signal `\top.\BoardY_BoardX_Life_DEFAULT_Yy_Xx_alive_a1[25]' from process `\top.$proc$life_flat_gen.sv:0$105'.
No latch inferred for signal `\top.\BoardY_BoardX_Life_DEFAULT_Yy_Xx_alive_a1[26]' from process `\top.$proc$life_flat_gen.sv:0$105'.
No latch inferred for signal `\top.\BoardY_BoardX_Life_DEFAULT_Yy_Xx_alive_a1[27]' from process `\top.$proc$life_flat_gen.sv:0$105'.
No latch inferred for signal `\top.\BoardY_BoardX_Life_DEFAULT_Yy_Xx_alive_a1[28]' from process `\top.$proc$life_flat_gen.sv:0$105'.
No latch inferred for signal `\top.\BoardY_BoardX_Life_DEFAULT_Yy_Xx_alive_a1[29]' from process `\top.$proc$life_flat_gen.sv:0$105'.
No latch inferred for signal `\top.\BoardY_BoardX_Life_DEFAULT_Yy_Xx_alive_a1[30]' from process `\top.$proc$life_flat_gen.sv:0$105'.
No latch inferred for signal `\top.\BoardY_BoardX_Life_DEFAULT_Yy_Xx_alive_a1[31]' from process `\top.$proc$life_flat_gen.sv:0$105'.
No latch inferred for signal `\top.\BoardY_BoardX_Life_DEFAULT_Yy_Xx_alive_a1[32]' from process `\top.$proc$life_flat_gen.sv:0$105'.
No latch inferred for signal `\top.\BoardY_BoardX_Life_DEFAULT_Yy_Xx_alive_a1[33]' from process `\top.$proc$life_flat_gen.sv:0$105'.
No latch inferred for signal `\top.\BoardY_BoardX_Life_DEFAULT_Yy_Xx_alive_a1[34]' from process `\top.$proc$life_flat_gen.sv:0$105'.
No latch inferred for signal `\top.\BoardY_BoardX_Life_DEFAULT_Yy_Xx_alive_a1[35]' from process `\top.$proc$life_flat_gen.sv:0$105'.
No latch inferred for signal `\top.\BoardY_BoardX_Life_DEFAULT_Yy_Xx_alive_a1[36]' from process `\top.$proc$life_flat_gen.sv:0$105'.
No latch inferred for signal `\top.\BoardY_BoardX_Life_DEFAULT_Yy_Xx_alive_a1[37]' from process `\top.$proc$life_flat_gen.sv:0$105'.
No latch inferred for signal `\top.\BoardY_BoardX_Life_DEFAULT_Yy_Xx_alive_a1[38]' from process `\top.$proc$life_flat_gen.sv:0$105'.
No latch inferred for signal `\top.\BoardY_BoardX_Life_DEFAULT_Yy_Xx_alive_a1[39]' from process `\top.$proc$life_flat_gen.sv:0$105'.
No latch inferred for signal `\top.\BoardY_BoardX_Life_DEFAULT_Yy_Xx_alive_a1[40]' from process `\top.$proc$life_flat_gen.sv:0$105'.
No latch inferred for signal `\top.\BoardY_BoardX_Life_DEFAULT_Yy_Xx_alive_a1[41]' from process `\top.$proc$life_flat_gen.sv:0$105'.
No latch inferred for signal `\top.\BoardY_BoardX_Life_DEFAULT_Yy_Xx_alive_a1[42]' from process `\top.$proc$life_flat_gen.sv:0$105'.
No latch inferred for signal `\top.\BoardY_BoardX_Life_DEFAULT_Yy_Xx_alive_a1[43]' from process `\top.$proc$life_flat_gen.sv:0$105'.
No latch inferred for signal `\top.\BoardY_BoardX_Life_DEFAULT_Yy_Xx_alive_a1[44]' from process `\top.$proc$life_flat_gen.sv:0$105'.
No latch inferred for signal `\top.\BoardY_BoardX_Life_DEFAULT_Yy_Xx_alive_a1[45]' from process `\top.$proc$life_flat_gen.sv:0$105'.
No latch inferred for signal `\top.\BoardY_BoardX_Life_DEFAULT_Yy_Xx_alive_a1[46]' from process `\top.$proc$life_flat_gen.sv:0$105'.
No latch inferred for signal `\top.\BoardY_BoardX_Life_DEFAULT_Yy_Xx_alive_a1[47]' from process `\top.$proc$life_flat_gen.sv:0$105'.
No latch inferred for signal `\top.\BoardY_BoardX_Life_DEFAULT_Yy_Xx_alive_a1[48]' from process `\top.$proc$life_flat_gen.sv:0$105'.
No latch inferred for signal `\top.\BoardY_BoardX_Life_DEFAULT_Yy_Xx_alive_a1[49]' from process `\top.$proc$life_flat_gen.sv:0$105'.
No latch inferred for signal `\top.\BoardY_BoardX_Life_DEFAULT_Yy_Xx_alive_a1[50]' from process `\top.$proc$life_flat_gen.sv:0$105'.
No latch inferred for signal `\top.\BoardY_BoardX_Life_DEFAULT_Yy_Xx_alive_a1[51]' from process `\top.$proc$life_flat_gen.sv:0$105'.
No latch inferred for signal `\top.\BoardY_BoardX_Life_DEFAULT_Yy_Xx_alive_a1[52]' from process `\top.$proc$life_flat_gen.sv:0$105'.
No latch inferred for signal `\top.\BoardY_BoardX_Life_DEFAULT_Yy_Xx_alive_a1[53]' from process `\top.$proc$life_flat_gen.sv:0$105'.
No latch inferred for signal `\top.\BoardY_BoardX_Life_DEFAULT_Yy_Xx_alive_a1[54]' from process `\top.$proc$life_flat_gen.sv:0$105'.
No latch inferred for signal `\top.\BoardY_BoardX_Life_DEFAULT_Yy_Xx_alive_a1[55]' from process `\top.$proc$life_flat_gen.sv:0$105'.
No latch inferred for signal `\top.\BoardY_BoardX_Life_DEFAULT_Yy_Xx_alive_a1[56]' from process `\top.$proc$life_flat_gen.sv:0$105'.
No latch inferred for signal `\top.\BoardY_BoardX_Life_DEFAULT_Yy_Xx_alive_a1[57]' from process `\top.$proc$life_flat_gen.sv:0$105'.
No latch inferred for signal `\top.\BoardY_BoardX_Life_DEFAULT_Yy_Xx_alive_a1[58]' from process `\top.$proc$life_flat_gen.sv:0$105'.
No latch inferred for signal `\top.\BoardY_BoardX_Life_DEFAULT_Yy_Xx_alive_a1[59]' from process `\top.$proc$life_flat_gen.sv:0$105'.
No latch inferred for signal `\top.\BoardY_BoardX_Life_DEFAULT_Yy_Xx_alive_a1[60]' from process `\top.$proc$life_flat_gen.sv:0$105'.
No latch inferred for signal `\top.\BoardY_BoardX_Life_DEFAULT_Yy_Xx_alive_a1[61]' from process `\top.$proc$life_flat_gen.sv:0$105'.
No latch inferred for signal `\top.\BoardY_BoardX_Life_DEFAULT_Yy_Xx_alive_a1[62]' from process `\top.$proc$life_flat_gen.sv:0$105'.
No latch inferred for signal `\top.\BoardY_BoardX_Life_DEFAULT_Yy_Xx_alive_a1[63]' from process `\top.$proc$life_flat_gen.sv:0$105'.
No latch inferred for signal `\top.\BoardY_BoardX_Life_DEFAULT_Yy_Xx_alive_a1[64]' from process `\top.$proc$life_flat_gen.sv:0$105'.
No latch inferred for signal `\top.\BoardY_BoardX_Life_DEFAULT_Yy_Xx_alive_a1[65]' from process `\top.$proc$life_flat_gen.sv:0$105'.
No latch inferred for signal `\top.\BoardY_BoardX_Life_DEFAULT_Yy_Xx_alive_a1[66]' from process `\top.$proc$life_flat_gen.sv:0$105'.
No latch inferred for signal `\top.\BoardY_BoardX_Life_DEFAULT_Yy_Xx_alive_a1[67]' from process `\top.$proc$life_flat_gen.sv:0$105'.
No latch inferred for signal `\top.\BoardY_BoardX_Life_DEFAULT_Yy_Xx_alive_a1[68]' from process `\top.$proc$life_flat_gen.sv:0$105'.
No latch inferred for signal `\top.\BoardY_BoardX_Life_DEFAULT_Yy_Xx_alive_a1[69]' from process `\top.$proc$life_flat_gen.sv:0$105'.
No latch inferred for signal `\top.\BoardY_BoardX_Life_DEFAULT_Yy_Xx_alive_a1[70]' from process `\top.$proc$life_flat_gen.sv:0$105'.
No latch inferred for signal `\top.\BoardY_BoardX_Life_DEFAULT_Yy_Xx_alive_a1[71]' from process `\top.$proc$life_flat_gen.sv:0$105'.
No latch inferred for signal `\top.\BoardY_BoardX_Life_DEFAULT_Yy_Xx_alive_a1[72]' from process `\top.$proc$life_flat_gen.sv:0$105'.
No latch inferred for signal `\top.\BoardY_BoardX_Life_DEFAULT_Yy_Xx_alive_a1[73]' from process `\top.$proc$life_flat_gen.sv:0$105'.
No latch inferred for signal `\top.\BoardY_BoardX_Life_DEFAULT_Yy_Xx_alive_a1[74]' from process `\top.$proc$life_flat_gen.sv:0$105'.
No latch inferred for signal `\top.\BoardY_BoardX_Life_DEFAULT_Yy_Xx_alive_a1[75]' from process `\top.$proc$life_flat_gen.sv:0$105'.
No latch inferred for signal `\top.\BoardY_BoardX_Life_DEFAULT_Yy_Xx_alive_a1[76]' from process `\top.$proc$life_flat_gen.sv:0$105'.
No latch inferred for signal `\top.\BoardY_BoardX_Life_DEFAULT_Yy_Xx_alive_a1[77]' from process `\top.$proc$life_flat_gen.sv:0$105'.
No latch inferred for signal `\top.\BoardY_BoardX_Life_DEFAULT_Yy_Xx_alive_a1[78]' from process `\top.$proc$life_flat_gen.sv:0$105'.
No latch inferred for signal `\top.\BoardY_BoardX_Life_DEFAULT_Yy_Xx_alive_a1[79]' from process `\top.$proc$life_flat_gen.sv:0$105'.
No latch inferred for signal `\top.\BoardY_BoardX_Life_DEFAULT_Yy_Xx_alive_a1[80]' from process `\top.$proc$life_flat_gen.sv:0$105'.
No latch inferred for signal `\top.\BoardY_BoardX_Life_DEFAULT_Yy_Xx_alive_a1[81]' from process `\top.$proc$life_flat_gen.sv:0$105'.
No latch inferred for signal `\top.\BoardY_BoardX_Life_DEFAULT_Yy_Xx_alive_a1[82]' from process `\top.$proc$life_flat_gen.sv:0$105'.
No latch inferred for signal `\top.\BoardY_BoardX_Life_DEFAULT_Yy_Xx_alive_a1[83]' from process `\top.$proc$life_flat_gen.sv:0$105'.
No latch inferred for signal `\top.\BoardY_BoardX_Life_DEFAULT_Yy_Xx_alive_a1[84]' from process `\top.$proc$life_flat_gen.sv:0$105'.
No latch inferred for signal `\top.\BoardY_BoardX_Life_DEFAULT_Yy_Xx_alive_a1[85]' from process `\top.$proc$life_flat_gen.sv:0$105'.
No latch inferred for signal `\top.\BoardY_BoardX_Life_DEFAULT_Yy_Xx_alive_a1[86]' from process `\top.$proc$life_flat_gen.sv:0$105'.
No latch inferred for signal `\top.\BoardY_BoardX_Life_DEFAULT_Yy_Xx_alive_a1[87]' from process `\top.$proc$life_flat_gen.sv:0$105'.
No latch inferred for signal `\top.\BoardY_BoardX_Life_DEFAULT_Yy_Xx_alive_a1[88]' from process `\top.$proc$life_flat_gen.sv:0$105'.
No latch inferred for signal `\top.\BoardY_BoardX_Life_DEFAULT_Yy_Xx_alive_a1[89]' from process `\top.$proc$life_flat_gen.sv:0$105'.
No latch inferred for signal `\top.\BoardY_BoardX_Life_DEFAULT_Yy_Xx_alive_a1[90]' from process `\top.$proc$life_flat_gen.sv:0$105'.
No latch inferred for signal `\top.\BoardY_BoardX_Life_DEFAULT_Yy_Xx_alive_a1[91]' from process `\top.$proc$life_flat_gen.sv:0$105'.
No latch inferred for signal `\top.\BoardY_BoardX_Life_DEFAULT_Yy_Xx_alive_a1[92]' from process `\top.$proc$life_flat_gen.sv:0$105'.
No latch inferred for signal `\top.\BoardY_BoardX_Life_DEFAULT_Yy_Xx_alive_a1[93]' from process `\top.$proc$life_flat_gen.sv:0$105'.
No latch inferred for signal `\top.\BoardY_BoardX_Life_DEFAULT_Yy_Xx_alive_a1[94]' from process `\top.$proc$life_flat_gen.sv:0$105'.
No latch inferred for signal `\top.\BoardY_BoardX_Life_DEFAULT_Yy_Xx_alive_a1[95]' from process `\top.$proc$life_flat_gen.sv:0$105'.
No latch inferred for signal `\top.\BoardY_BoardX_Life_DEFAULT_Yy_Xx_alive_a1[96]' from process `\top.$proc$life_flat_gen.sv:0$105'.
No latch inferred for signal `\top.\BoardY_BoardX_Life_DEFAULT_Yy_Xx_alive_a1[97]' from process `\top.$proc$life_flat_gen.sv:0$105'.
No latch inferred for signal `\top.\BoardY_BoardX_Life_DEFAULT_Yy_Xx_alive_a1[98]' from process `\top.$proc$life_flat_gen.sv:0$105'.
No latch inferred for signal `\top.\BoardY_BoardX_Life_DEFAULT_Yy_Xx_alive_a1[99]' from process `\top.$proc$life_flat_gen.sv:0$105'.
No latch inferred for signal `\top.\BoardY_BoardX_Life_DEFAULT_Tb_Yy_Xx_right_alive_accum_a2[0]' from process `\top.$proc$life_flat_gen.sv:0$105'.
No latch inferred for signal `\top.\BoardY_BoardX_Life_DEFAULT_Tb_Yy_Xx_right_alive_accum_a2[1]' from process `\top.$proc$life_flat_gen.sv:0$105'.
No latch inferred for signal `\top.\BoardY_BoardX_Life_DEFAULT_Tb_Yy_Xx_right_alive_accum_a2[2]' from process `\top.$proc$life_flat_gen.sv:0$105'.
No latch inferred for signal `\top.\BoardY_BoardX_Life_DEFAULT_Tb_Yy_Xx_right_alive_accum_a2[3]' from process `\top.$proc$life_flat_gen.sv:0$105'.
No latch inferred for signal `\top.\BoardY_BoardX_Life_DEFAULT_Tb_Yy_Xx_right_alive_accum_a2[4]' from process `\top.$proc$life_flat_gen.sv:0$105'.
No latch inferred for signal `\top.\BoardY_BoardX_Life_DEFAULT_Tb_Yy_Xx_right_alive_accum_a2[5]' from process `\top.$proc$life_flat_gen.sv:0$105'.
No latch inferred for signal `\top.\BoardY_BoardX_Life_DEFAULT_Tb_Yy_Xx_right_alive_accum_a2[6]' from process `\top.$proc$life_flat_gen.sv:0$105'.
No latch inferred for signal `\top.\BoardY_BoardX_Life_DEFAULT_Tb_Yy_Xx_right_alive_accum_a2[7]' from process `\top.$proc$life_flat_gen.sv:0$105'.
No latch inferred for signal `\top.\BoardY_BoardX_Life_DEFAULT_Tb_Yy_Xx_right_alive_accum_a2[8]' from process `\top.$proc$life_flat_gen.sv:0$105'.
No latch inferred for signal `\top.\BoardY_BoardX_Life_DEFAULT_Tb_Yy_Xx_right_alive_accum_a2[9]' from process `\top.$proc$life_flat_gen.sv:0$105'.
No latch inferred for signal `\top.\BoardY_BoardX_Life_DEFAULT_Tb_Yy_Xx_right_alive_accum_a2[10]' from process `\top.$proc$life_flat_gen.sv:0$105'.
No latch inferred for signal `\top.\BoardY_BoardX_Life_DEFAULT_Tb_Yy_Xx_right_alive_accum_a2[11]' from process `\top.$proc$life_flat_gen.sv:0$105'.
No latch inferred for signal `\top.\BoardY_BoardX_Life_DEFAULT_Tb_Yy_Xx_right_alive_accum_a2[12]' from process `\top.$proc$life_flat_gen.sv:0$105'.
No latch inferred for signal `\top.\BoardY_BoardX_Life_DEFAULT_Tb_Yy_Xx_right_alive_accum_a2[13]' from process `\top.$proc$life_flat_gen.sv:0$105'.
No latch inferred for signal `\top.\BoardY_BoardX_Life_DEFAULT_Tb_Yy_Xx_right_alive_accum_a2[14]' from process `\top.$proc$life_flat_gen.sv:0$105'.
No latch inferred for signal `\top.\BoardY_BoardX_Life_DEFAULT_Tb_Yy_Xx_right_alive_accum_a2[15]' from process `\top.$proc$life_flat_gen.sv:0$105'.
No latch inferred for signal `\top.\BoardY_BoardX_Life_DEFAULT_Tb_Yy_Xx_right_alive_accum_a2[16]' from process `\top.$proc$life_flat_gen.sv:0$105'.
No latch inferred for signal `\top.\BoardY_BoardX_Life_DEFAULT_Tb_Yy_Xx_right_alive_accum_a2[17]' from process `\top.$proc$life_flat_gen.sv:0$105'.
No latch inferred for signal `\top.\BoardY_BoardX_Life_DEFAULT_Tb_Yy_Xx_right_alive_accum_a2[18]' from process `\top.$proc$life_flat_gen.sv:0$105'.
No latch inferred for signal `\top.\BoardY_BoardX_Life_DEFAULT_Tb_Yy_Xx_right_alive_accum_a2[19]' from process `\top.$proc$life_flat_gen.sv:0$105'.
No latch inferred for signal `\top.\BoardY_BoardX_Life_DEFAULT_Tb_Yy_Xx_right_alive_accum_a2[20]' from process `\top.$proc$life_flat_gen.sv:0$105'.
No latch inferred for signal `\top.\BoardY_BoardX_Life_DEFAULT_Tb_Yy_Xx_right_alive_accum_a2[21]' from process `\top.$proc$life_flat_gen.sv:0$105'.
No latch inferred for signal `\top.\BoardY_BoardX_Life_DEFAULT_Tb_Yy_Xx_right_alive_accum_a2[22]' from process `\top.$proc$life_flat_gen.sv:0$105'.
No latch inferred for signal `\top.\BoardY_BoardX_Life_DEFAULT_Tb_Yy_Xx_right_alive_accum_a2[23]' from process `\top.$proc$life_flat_gen.sv:0$105'.
No latch inferred for signal `\top.\BoardY_BoardX_Life_DEFAULT_Tb_Yy_Xx_right_alive_accum_a2[24]' from process `\top.$proc$life_flat_gen.sv:0$105'.
No latch inferred for signal `\top.\BoardY_BoardX_Life_DEFAULT_Tb_Yy_Xx_right_alive_accum_a2[25]' from process `\top.$proc$life_flat_gen.sv:0$105'.
No latch inferred for signal `\top.\BoardY_BoardX_Life_DEFAULT_Tb_Yy_Xx_right_alive_accum_a2[26]' from process `\top.$proc$life_flat_gen.sv:0$105'.
No latch inferred for signal `\top.\BoardY_BoardX_Life_DEFAULT_Tb_Yy_Xx_right_alive_accum_a2[27]' from process `\top.$proc$life_flat_gen.sv:0$105'.
No latch inferred for signal `\top.\BoardY_BoardX_Life_DEFAULT_Tb_Yy_Xx_right_alive_accum_a2[28]' from process `\top.$proc$life_flat_gen.sv:0$105'.
No latch inferred for signal `\top.\BoardY_BoardX_Life_DEFAULT_Tb_Yy_Xx_right_alive_accum_a2[29]' from process `\top.$proc$life_flat_gen.sv:0$105'.
No latch inferred for signal `\top.\BoardY_BoardX_Life_DEFAULT_Tb_Yy_Xx_right_alive_accum_a2[30]' from process `\top.$proc$life_flat_gen.sv:0$105'.
No latch inferred for signal `\top.\BoardY_BoardX_Life_DEFAULT_Tb_Yy_Xx_right_alive_accum_a2[31]' from process `\top.$proc$life_flat_gen.sv:0$105'.
No latch inferred for signal `\top.\BoardY_BoardX_Life_DEFAULT_Tb_Yy_Xx_right_alive_accum_a2[32]' from process `\top.$proc$life_flat_gen.sv:0$105'.
No latch inferred for signal `\top.\BoardY_BoardX_Life_DEFAULT_Tb_Yy_Xx_right_alive_accum_a2[33]' from process `\top.$proc$life_flat_gen.sv:0$105'.
No latch inferred for signal `\top.\BoardY_BoardX_Life_DEFAULT_Tb_Yy_Xx_right_alive_accum_a2[34]' from process `\top.$proc$life_flat_gen.sv:0$105'.
No latch inferred for signal `\top.\BoardY_BoardX_Life_DEFAULT_Tb_Yy_Xx_right_alive_accum_a2[35]' from process `\top.$proc$life_flat_gen.sv:0$105'.
No latch inferred for signal `\top.\BoardY_BoardX_Life_DEFAULT_Tb_Yy_Xx_right_alive_accum_a2[36]' from process `\top.$proc$life_flat_gen.sv:0$105'.
No latch inferred for signal `\top.\BoardY_BoardX_Life_DEFAULT_Tb_Yy_Xx_right_alive_accum_a2[37]' from process `\top.$proc$life_flat_gen.sv:0$105'.
No latch inferred for signal `\top.\BoardY_BoardX_Life_DEFAULT_Tb_Yy_Xx_right_alive_accum_a2[38]' from process `\top.$proc$life_flat_gen.sv:0$105'.
No latch inferred for signal `\top.\BoardY_BoardX_Life_DEFAULT_Tb_Yy_Xx_right_alive_accum_a2[39]' from process `\top.$proc$life_flat_gen.sv:0$105'.
No latch inferred for signal `\top.\BoardY_BoardX_Life_DEFAULT_Tb_Yy_Xx_right_alive_accum_a2[40]' from process `\top.$proc$life_flat_gen.sv:0$105'.
No latch inferred for signal `\top.\BoardY_BoardX_Life_DEFAULT_Tb_Yy_Xx_right_alive_accum_a2[41]' from process `\top.$proc$life_flat_gen.sv:0$105'.
No latch inferred for signal `\top.\BoardY_BoardX_Life_DEFAULT_Tb_Yy_Xx_right_alive_accum_a2[42]' from process `\top.$proc$life_flat_gen.sv:0$105'.
No latch inferred for signal `\top.\BoardY_BoardX_Life_DEFAULT_Tb_Yy_Xx_right_alive_accum_a2[43]' from process `\top.$proc$life_flat_gen.sv:0$105'.
No latch inferred for signal `\top.\BoardY_BoardX_Life_DEFAULT_Tb_Yy_Xx_right_alive_accum_a2[44]' from process `\top.$proc$life_flat_gen.sv:0$105'.
No latch inferred for signal `\top.\BoardY_BoardX_Life_DEFAULT_Tb_Yy_Xx_right_alive_accum_a2[45]' from process `\top.$proc$life_flat_gen.sv:0$105'.
No latch inferred for signal `\top.\BoardY_BoardX_Life_DEFAULT_Tb_Yy_Xx_right_alive_accum_a2[46]' from process `\top.$proc$life_flat_gen.sv:0$105'.
No latch inferred for signal `\top.\BoardY_BoardX_Life_DEFAULT_Tb_Yy_Xx_right_alive_accum_a2[47]' from process `\top.$proc$life_flat_gen.sv:0$105'.
No latch inferred for signal `\top.\BoardY_BoardX_Life_DEFAULT_Tb_Yy_Xx_right_alive_accum_a2[48]' from process `\top.$proc$life_flat_gen.sv:0$105'.
No latch inferred for signal `\top.\BoardY_BoardX_Life_DEFAULT_Tb_Yy_Xx_right_alive_accum_a2[49]' from process `\top.$proc$life_flat_gen.sv:0$105'.
No latch inferred for signal `\top.\BoardY_BoardX_Life_DEFAULT_Tb_Yy_Xx_right_alive_accum_a2[50]' from process `\top.$proc$life_flat_gen.sv:0$105'.
No latch inferred for signal `\top.\BoardY_BoardX_Life_DEFAULT_Tb_Yy_Xx_right_alive_accum_a2[51]' from process `\top.$proc$life_flat_gen.sv:0$105'.
No latch inferred for signal `\top.\BoardY_BoardX_Life_DEFAULT_Tb_Yy_Xx_right_alive_accum_a2[52]' from process `\top.$proc$life_flat_gen.sv:0$105'.
No latch inferred for signal `\top.\BoardY_BoardX_Life_DEFAULT_Tb_Yy_Xx_right_alive_accum_a2[53]' from process `\top.$proc$life_flat_gen.sv:0$105'.
No latch inferred for signal `\top.\BoardY_BoardX_Life_DEFAULT_Tb_Yy_Xx_right_alive_accum_a2[54]' from process `\top.$proc$life_flat_gen.sv:0$105'.
No latch inferred for signal `\top.\BoardY_BoardX_Life_DEFAULT_Tb_Yy_Xx_right_alive_accum_a2[55]' from process `\top.$proc$life_flat_gen.sv:0$105'.
No latch inferred for signal `\top.\BoardY_BoardX_Life_DEFAULT_Tb_Yy_Xx_right_alive_accum_a2[56]' from process `\top.$proc$life_flat_gen.sv:0$105'.
No latch inferred for signal `\top.\BoardY_BoardX_Life_DEFAULT_Tb_Yy_Xx_right_alive_accum_a2[57]' from process `\top.$proc$life_flat_gen.sv:0$105'.
No latch inferred for signal `\top.\BoardY_BoardX_Life_DEFAULT_Tb_Yy_Xx_right_alive_accum_a2[58]' from process `\top.$proc$life_flat_gen.sv:0$105'.
No latch inferred for signal `\top.\BoardY_BoardX_Life_DEFAULT_Tb_Yy_Xx_right_alive_accum_a2[59]' from process `\top.$proc$life_flat_gen.sv:0$105'.
No latch inferred for signal `\top.\BoardY_BoardX_Life_DEFAULT_Tb_Yy_Xx_right_alive_accum_a2[60]' from process `\top.$proc$life_flat_gen.sv:0$105'.
No latch inferred for signal `\top.\BoardY_BoardX_Life_DEFAULT_Tb_Yy_Xx_right_alive_accum_a2[61]' from process `\top.$proc$life_flat_gen.sv:0$105'.
No latch inferred for signal `\top.\BoardY_BoardX_Life_DEFAULT_Tb_Yy_Xx_right_alive_accum_a2[62]' from process `\top.$proc$life_flat_gen.sv:0$105'.
No latch inferred for signal `\top.\BoardY_BoardX_Life_DEFAULT_Tb_Yy_Xx_right_alive_accum_a2[63]' from process `\top.$proc$life_flat_gen.sv:0$105'.
No latch inferred for signal `\top.\BoardY_BoardX_Life_DEFAULT_Tb_Yy_Xx_right_alive_accum_a2[64]' from process `\top.$proc$life_flat_gen.sv:0$105'.
No latch inferred for signal `\top.\BoardY_BoardX_Life_DEFAULT_Tb_Yy_Xx_right_alive_accum_a2[65]' from process `\top.$proc$life_flat_gen.sv:0$105'.
No latch inferred for signal `\top.\BoardY_BoardX_Life_DEFAULT_Tb_Yy_Xx_right_alive_accum_a2[66]' from process `\top.$proc$life_flat_gen.sv:0$105'.
No latch inferred for signal `\top.\BoardY_BoardX_Life_DEFAULT_Tb_Yy_Xx_right_alive_accum_a2[67]' from process `\top.$proc$life_flat_gen.sv:0$105'.
No latch inferred for signal `\top.\BoardY_BoardX_Life_DEFAULT_Tb_Yy_Xx_right_alive_accum_a2[68]' from process `\top.$proc$life_flat_gen.sv:0$105'.
No latch inferred for signal `\top.\BoardY_BoardX_Life_DEFAULT_Tb_Yy_Xx_right_alive_accum_a2[69]' from process `\top.$proc$life_flat_gen.sv:0$105'.
No latch inferred for signal `\top.\BoardY_BoardX_Life_DEFAULT_Tb_Yy_Xx_right_alive_accum_a2[70]' from process `\top.$proc$life_flat_gen.sv:0$105'.
No latch inferred for signal `\top.\BoardY_BoardX_Life_DEFAULT_Tb_Yy_Xx_right_alive_accum_a2[71]' from process `\top.$proc$life_flat_gen.sv:0$105'.
No latch inferred for signal `\top.\BoardY_BoardX_Life_DEFAULT_Tb_Yy_Xx_right_alive_accum_a2[72]' from process `\top.$proc$life_flat_gen.sv:0$105'.
No latch inferred for signal `\top.\BoardY_BoardX_Life_DEFAULT_Tb_Yy_Xx_right_alive_accum_a2[73]' from process `\top.$proc$life_flat_gen.sv:0$105'.
No latch inferred for signal `\top.\BoardY_BoardX_Life_DEFAULT_Tb_Yy_Xx_right_alive_accum_a2[74]' from process `\top.$proc$life_flat_gen.sv:0$105'.
No latch inferred for signal `\top.\BoardY_BoardX_Life_DEFAULT_Tb_Yy_Xx_right_alive_accum_a2[75]' from process `\top.$proc$life_flat_gen.sv:0$105'.
No latch inferred for signal `\top.\BoardY_BoardX_Life_DEFAULT_Tb_Yy_Xx_right_alive_accum_a2[76]' from process `\top.$proc$life_flat_gen.sv:0$105'.
No latch inferred for signal `\top.\BoardY_BoardX_Life_DEFAULT_Tb_Yy_Xx_right_alive_accum_a2[77]' from process `\top.$proc$life_flat_gen.sv:0$105'.
No latch inferred for signal `\top.\BoardY_BoardX_Life_DEFAULT_Tb_Yy_Xx_right_alive_accum_a2[78]' from process `\top.$proc$life_flat_gen.sv:0$105'.
No latch inferred for signal `\top.\BoardY_BoardX_Life_DEFAULT_Tb_Yy_Xx_right_alive_accum_a2[79]' from process `\top.$proc$life_flat_gen.sv:0$105'.
No latch inferred for signal `\top.\BoardY_BoardX_Life_DEFAULT_Tb_Yy_Xx_right_alive_accum_a2[80]' from process `\top.$proc$life_flat_gen.sv:0$105'.
No latch inferred for signal `\top.\BoardY_BoardX_Life_DEFAULT_Tb_Yy_Xx_right_alive_accum_a2[81]' from process `\top.$proc$life_flat_gen.sv:0$105'.
No latch inferred for signal `\top.\BoardY_BoardX_Life_DEFAULT_Tb_Yy_Xx_right_alive_accum_a2[82]' from process `\top.$proc$life_flat_gen.sv:0$105'.
No latch inferred for signal `\top.\BoardY_BoardX_Life_DEFAULT_Tb_Yy_Xx_right_alive_accum_a2[83]' from process `\top.$proc$life_flat_gen.sv:0$105'.
No latch inferred for signal `\top.\BoardY_BoardX_Life_DEFAULT_Tb_Yy_Xx_right_alive_accum_a2[84]' from process `\top.$proc$life_flat_gen.sv:0$105'.
No latch inferred for signal `\top.\BoardY_BoardX_Life_DEFAULT_Tb_Yy_Xx_right_alive_accum_a2[85]' from process `\top.$proc$life_flat_gen.sv:0$105'.
No latch inferred for signal `\top.\BoardY_BoardX_Life_DEFAULT_Tb_Yy_Xx_right_alive_accum_a2[86]' from process `\top.$proc$life_flat_gen.sv:0$105'.
No latch inferred for signal `\top.\BoardY_BoardX_Life_DEFAULT_Tb_Yy_Xx_right_alive_accum_a2[87]' from process `\top.$proc$life_flat_gen.sv:0$105'.
No latch inferred for signal `\top.\BoardY_BoardX_Life_DEFAULT_Tb_Yy_Xx_right_alive_accum_a2[88]' from process `\top.$proc$life_flat_gen.sv:0$105'.
No latch inferred for signal `\top.\BoardY_BoardX_Life_DEFAULT_Tb_Yy_Xx_right_alive_accum_a2[89]' from process `\top.$proc$life_flat_gen.sv:0$105'.
No latch inferred for signal `\top.\BoardY_BoardX_Life_DEFAULT_Tb_Yy_Xx_right_alive_accum_a2[90]' from process `\top.$proc$life_flat_gen.sv:0$105'.
No latch inferred for signal `\top.\BoardY_BoardX_Life_DEFAULT_Tb_Yy_Xx_right_alive_accum_a2[91]' from process `\top.$proc$life_flat_gen.sv:0$105'.
No latch inferred for signal `\top.\BoardY_BoardX_Life_DEFAULT_Tb_Yy_Xx_right_alive_accum_a2[92]' from process `\top.$proc$life_flat_gen.sv:0$105'.
No latch inferred for signal `\top.\BoardY_BoardX_Life_DEFAULT_Tb_Yy_Xx_right_alive_accum_a2[93]' from process `\top.$proc$life_flat_gen.sv:0$105'.
No latch inferred for signal `\top.\BoardY_BoardX_Life_DEFAULT_Tb_Yy_Xx_right_alive_accum_a2[94]' from process `\top.$proc$life_flat_gen.sv:0$105'.
No latch inferred for signal `\top.\BoardY_BoardX_Life_DEFAULT_Tb_Yy_Xx_right_alive_accum_a2[95]' from process `\top.$proc$life_flat_gen.sv:0$105'.
No latch inferred for signal `\top.\BoardY_BoardX_Life_DEFAULT_Tb_Yy_Xx_right_alive_accum_a2[96]' from process `\top.$proc$life_flat_gen.sv:0$105'.
No latch inferred for signal `\top.\BoardY_BoardX_Life_DEFAULT_Tb_Yy_Xx_right_alive_accum_a2[97]' from process `\top.$proc$life_flat_gen.sv:0$105'.
No latch inferred for signal `\top.\BoardY_BoardX_Life_DEFAULT_Tb_Yy_Xx_right_alive_accum_a2[98]' from process `\top.$proc$life_flat_gen.sv:0$105'.
No latch inferred for signal `\top.\BoardY_BoardX_Life_DEFAULT_Tb_Yy_Xx_right_alive_accum_a2[99]' from process `\top.$proc$life_flat_gen.sv:0$105'.
No latch inferred for signal `\top.\BoardY_BoardX_Life_DEFAULT_Tb_Yy_Xx_horiz_alive_accum_a2[0]' from process `\top.$proc$life_flat_gen.sv:0$105'.
No latch inferred for signal `\top.\BoardY_BoardX_Life_DEFAULT_Tb_Yy_Xx_horiz_alive_accum_a2[1]' from process `\top.$proc$life_flat_gen.sv:0$105'.
No latch inferred for signal `\top.\BoardY_BoardX_Life_DEFAULT_Tb_Yy_Xx_horiz_alive_accum_a2[2]' from process `\top.$proc$life_flat_gen.sv:0$105'.
No latch inferred for signal `\top.\BoardY_BoardX_Life_DEFAULT_Tb_Yy_Xx_horiz_alive_accum_a2[3]' from process `\top.$proc$life_flat_gen.sv:0$105'.
No latch inferred for signal `\top.\BoardY_BoardX_Life_DEFAULT_Tb_Yy_Xx_horiz_alive_accum_a2[4]' from process `\top.$proc$life_flat_gen.sv:0$105'.
No latch inferred for signal `\top.\BoardY_BoardX_Life_DEFAULT_Tb_Yy_Xx_horiz_alive_accum_a2[5]' from process `\top.$proc$life_flat_gen.sv:0$105'.
No latch inferred for signal `\top.\BoardY_BoardX_Life_DEFAULT_Tb_Yy_Xx_horiz_alive_accum_a2[6]' from process `\top.$proc$life_flat_gen.sv:0$105'.
No latch inferred for signal `\top.\BoardY_BoardX_Life_DEFAULT_Tb_Yy_Xx_horiz_alive_accum_a2[7]' from process `\top.$proc$life_flat_gen.sv:0$105'.
No latch inferred for signal `\top.\BoardY_BoardX_Life_DEFAULT_Tb_Yy_Xx_horiz_alive_accum_a2[8]' from process `\top.$proc$life_flat_gen.sv:0$105'.
No latch inferred for signal `\top.\BoardY_BoardX_Life_DEFAULT_Tb_Yy_Xx_horiz_alive_accum_a2[9]' from process `\top.$proc$life_flat_gen.sv:0$105'.
No latch inferred for signal `\top.\BoardY_BoardX_Life_DEFAULT_Tb_Yy_Xx_horiz_alive_accum_a2[10]' from process `\top.$proc$life_flat_gen.sv:0$105'.
No latch inferred for signal `\top.\BoardY_BoardX_Life_DEFAULT_Tb_Yy_Xx_horiz_alive_accum_a2[11]' from process `\top.$proc$life_flat_gen.sv:0$105'.
No latch inferred for signal `\top.\BoardY_BoardX_Life_DEFAULT_Tb_Yy_Xx_horiz_alive_accum_a2[12]' from process `\top.$proc$life_flat_gen.sv:0$105'.
No latch inferred for signal `\top.\BoardY_BoardX_Life_DEFAULT_Tb_Yy_Xx_horiz_alive_accum_a2[13]' from process `\top.$proc$life_flat_gen.sv:0$105'.
No latch inferred for signal `\top.\BoardY_BoardX_Life_DEFAULT_Tb_Yy_Xx_horiz_alive_accum_a2[14]' from process `\top.$proc$life_flat_gen.sv:0$105'.
No latch inferred for signal `\top.\BoardY_BoardX_Life_DEFAULT_Tb_Yy_Xx_horiz_alive_accum_a2[15]' from process `\top.$proc$life_flat_gen.sv:0$105'.
No latch inferred for signal `\top.\BoardY_BoardX_Life_DEFAULT_Tb_Yy_Xx_horiz_alive_accum_a2[16]' from process `\top.$proc$life_flat_gen.sv:0$105'.
No latch inferred for signal `\top.\BoardY_BoardX_Life_DEFAULT_Tb_Yy_Xx_horiz_alive_accum_a2[17]' from process `\top.$proc$life_flat_gen.sv:0$105'.
No latch inferred for signal `\top.\BoardY_BoardX_Life_DEFAULT_Tb_Yy_Xx_horiz_alive_accum_a2[18]' from process `\top.$proc$life_flat_gen.sv:0$105'.
No latch inferred for signal `\top.\BoardY_BoardX_Life_DEFAULT_Tb_Yy_Xx_horiz_alive_accum_a2[19]' from process `\top.$proc$life_flat_gen.sv:0$105'.
No latch inferred for signal `\top.\BoardY_BoardX_Life_DEFAULT_Tb_Yy_Xx_horiz_alive_accum_a2[20]' from process `\top.$proc$life_flat_gen.sv:0$105'.
No latch inferred for signal `\top.\BoardY_BoardX_Life_DEFAULT_Tb_Yy_Xx_horiz_alive_accum_a2[21]' from process `\top.$proc$life_flat_gen.sv:0$105'.
No latch inferred for signal `\top.\BoardY_BoardX_Life_DEFAULT_Tb_Yy_Xx_horiz_alive_accum_a2[22]' from process `\top.$proc$life_flat_gen.sv:0$105'.
No latch inferred for signal `\top.\BoardY_BoardX_Life_DEFAULT_Tb_Yy_Xx_horiz_alive_accum_a2[23]' from process `\top.$proc$life_flat_gen.sv:0$105'.
No latch inferred for signal `\top.\BoardY_BoardX_Life_DEFAULT_Tb_Yy_Xx_horiz_alive_accum_a2[24]' from process `\top.$proc$life_flat_gen.sv:0$105'.
No latch inferred for signal `\top.\BoardY_BoardX_Life_DEFAULT_Tb_Yy_Xx_horiz_alive_accum_a2[25]' from process `\top.$proc$life_flat_gen.sv:0$105'.
No latch inferred for signal `\top.\BoardY_BoardX_Life_DEFAULT_Tb_Yy_Xx_horiz_alive_accum_a2[26]' from process `\top.$proc$life_flat_gen.sv:0$105'.
No latch inferred for signal `\top.\BoardY_BoardX_Life_DEFAULT_Tb_Yy_Xx_horiz_alive_accum_a2[27]' from process `\top.$proc$life_flat_gen.sv:0$105'.
No latch inferred for signal `\top.\BoardY_BoardX_Life_DEFAULT_Tb_Yy_Xx_horiz_alive_accum_a2[28]' from process `\top.$proc$life_flat_gen.sv:0$105'.
No latch inferred for signal `\top.\BoardY_BoardX_Life_DEFAULT_Tb_Yy_Xx_horiz_alive_accum_a2[29]' from process `\top.$proc$life_flat_gen.sv:0$105'.
No latch inferred for signal `\top.\BoardY_BoardX_Life_DEFAULT_Tb_Yy_Xx_horiz_alive_accum_a2[30]' from process `\top.$proc$life_flat_gen.sv:0$105'.
No latch inferred for signal `\top.\BoardY_BoardX_Life_DEFAULT_Tb_Yy_Xx_horiz_alive_accum_a2[31]' from process `\top.$proc$life_flat_gen.sv:0$105'.
No latch inferred for signal `\top.\BoardY_BoardX_Life_DEFAULT_Tb_Yy_Xx_horiz_alive_accum_a2[32]' from process `\top.$proc$life_flat_gen.sv:0$105'.
No latch inferred for signal `\top.\BoardY_BoardX_Life_DEFAULT_Tb_Yy_Xx_horiz_alive_accum_a2[33]' from process `\top.$proc$life_flat_gen.sv:0$105'.
No latch inferred for signal `\top.\BoardY_BoardX_Life_DEFAULT_Tb_Yy_Xx_horiz_alive_accum_a2[34]' from process `\top.$proc$life_flat_gen.sv:0$105'.
No latch inferred for signal `\top.\BoardY_BoardX_Life_DEFAULT_Tb_Yy_Xx_horiz_alive_accum_a2[35]' from process `\top.$proc$life_flat_gen.sv:0$105'.
No latch inferred for signal `\top.\BoardY_BoardX_Life_DEFAULT_Tb_Yy_Xx_horiz_alive_accum_a2[36]' from process `\top.$proc$life_flat_gen.sv:0$105'.
No latch inferred for signal `\top.\BoardY_BoardX_Life_DEFAULT_Tb_Yy_Xx_horiz_alive_accum_a2[37]' from process `\top.$proc$life_flat_gen.sv:0$105'.
No latch inferred for signal `\top.\BoardY_BoardX_Life_DEFAULT_Tb_Yy_Xx_horiz_alive_accum_a2[38]' from process `\top.$proc$life_flat_gen.sv:0$105'.
No latch inferred for signal `\top.\BoardY_BoardX_Life_DEFAULT_Tb_Yy_Xx_horiz_alive_accum_a2[39]' from process `\top.$proc$life_flat_gen.sv:0$105'.
No latch inferred for signal `\top.\BoardY_BoardX_Life_DEFAULT_Tb_Yy_Xx_horiz_alive_accum_a2[40]' from process `\top.$proc$life_flat_gen.sv:0$105'.
No latch inferred for signal `\top.\BoardY_BoardX_Life_DEFAULT_Tb_Yy_Xx_horiz_alive_accum_a2[41]' from process `\top.$proc$life_flat_gen.sv:0$105'.
No latch inferred for signal `\top.\BoardY_BoardX_Life_DEFAULT_Tb_Yy_Xx_horiz_alive_accum_a2[42]' from process `\top.$proc$life_flat_gen.sv:0$105'.
No latch inferred for signal `\top.\BoardY_BoardX_Life_DEFAULT_Tb_Yy_Xx_horiz_alive_accum_a2[43]' from process `\top.$proc$life_flat_gen.sv:0$105'.
No latch inferred for signal `\top.\BoardY_BoardX_Life_DEFAULT_Tb_Yy_Xx_horiz_alive_accum_a2[44]' from process `\top.$proc$life_flat_gen.sv:0$105'.
No latch inferred for signal `\top.\BoardY_BoardX_Life_DEFAULT_Tb_Yy_Xx_horiz_alive_accum_a2[45]' from process `\top.$proc$life_flat_gen.sv:0$105'.
No latch inferred for signal `\top.\BoardY_BoardX_Life_DEFAULT_Tb_Yy_Xx_horiz_alive_accum_a2[46]' from process `\top.$proc$life_flat_gen.sv:0$105'.
No latch inferred for signal `\top.\BoardY_BoardX_Life_DEFAULT_Tb_Yy_Xx_horiz_alive_accum_a2[47]' from process `\top.$proc$life_flat_gen.sv:0$105'.
No latch inferred for signal `\top.\BoardY_BoardX_Life_DEFAULT_Tb_Yy_Xx_horiz_alive_accum_a2[48]' from process `\top.$proc$life_flat_gen.sv:0$105'.
No latch inferred for signal `\top.\BoardY_BoardX_Life_DEFAULT_Tb_Yy_Xx_horiz_alive_accum_a2[49]' from process `\top.$proc$life_flat_gen.sv:0$105'.
No latch inferred for signal `\top.\BoardY_BoardX_Life_DEFAULT_Tb_Yy_Xx_horiz_alive_accum_a2[50]' from process `\top.$proc$life_flat_gen.sv:0$105'.
No latch inferred for signal `\top.\BoardY_BoardX_Life_DEFAULT_Tb_Yy_Xx_horiz_alive_accum_a2[51]' from process `\top.$proc$life_flat_gen.sv:0$105'.
No latch inferred for signal `\top.\BoardY_BoardX_Life_DEFAULT_Tb_Yy_Xx_horiz_alive_accum_a2[52]' from process `\top.$proc$life_flat_gen.sv:0$105'.
No latch inferred for signal `\top.\BoardY_BoardX_Life_DEFAULT_Tb_Yy_Xx_horiz_alive_accum_a2[53]' from process `\top.$proc$life_flat_gen.sv:0$105'.
No latch inferred for signal `\top.\BoardY_BoardX_Life_DEFAULT_Tb_Yy_Xx_horiz_alive_accum_a2[54]' from process `\top.$proc$life_flat_gen.sv:0$105'.
No latch inferred for signal `\top.\BoardY_BoardX_Life_DEFAULT_Tb_Yy_Xx_horiz_alive_accum_a2[55]' from process `\top.$proc$life_flat_gen.sv:0$105'.
No latch inferred for signal `\top.\BoardY_BoardX_Life_DEFAULT_Tb_Yy_Xx_horiz_alive_accum_a2[56]' from process `\top.$proc$life_flat_gen.sv:0$105'.
No latch inferred for signal `\top.\BoardY_BoardX_Life_DEFAULT_Tb_Yy_Xx_horiz_alive_accum_a2[57]' from process `\top.$proc$life_flat_gen.sv:0$105'.
No latch inferred for signal `\top.\BoardY_BoardX_Life_DEFAULT_Tb_Yy_Xx_horiz_alive_accum_a2[58]' from process `\top.$proc$life_flat_gen.sv:0$105'.
No latch inferred for signal `\top.\BoardY_BoardX_Life_DEFAULT_Tb_Yy_Xx_horiz_alive_accum_a2[59]' from process `\top.$proc$life_flat_gen.sv:0$105'.
No latch inferred for signal `\top.\BoardY_BoardX_Life_DEFAULT_Tb_Yy_Xx_horiz_alive_accum_a2[60]' from process `\top.$proc$life_flat_gen.sv:0$105'.
No latch inferred for signal `\top.\BoardY_BoardX_Life_DEFAULT_Tb_Yy_Xx_horiz_alive_accum_a2[61]' from process `\top.$proc$life_flat_gen.sv:0$105'.
No latch inferred for signal `\top.\BoardY_BoardX_Life_DEFAULT_Tb_Yy_Xx_horiz_alive_accum_a2[62]' from process `\top.$proc$life_flat_gen.sv:0$105'.
No latch inferred for signal `\top.\BoardY_BoardX_Life_DEFAULT_Tb_Yy_Xx_horiz_alive_accum_a2[63]' from process `\top.$proc$life_flat_gen.sv:0$105'.
No latch inferred for signal `\top.\BoardY_BoardX_Life_DEFAULT_Tb_Yy_Xx_horiz_alive_accum_a2[64]' from process `\top.$proc$life_flat_gen.sv:0$105'.
No latch inferred for signal `\top.\BoardY_BoardX_Life_DEFAULT_Tb_Yy_Xx_horiz_alive_accum_a2[65]' from process `\top.$proc$life_flat_gen.sv:0$105'.
No latch inferred for signal `\top.\BoardY_BoardX_Life_DEFAULT_Tb_Yy_Xx_horiz_alive_accum_a2[66]' from process `\top.$proc$life_flat_gen.sv:0$105'.
No latch inferred for signal `\top.\BoardY_BoardX_Life_DEFAULT_Tb_Yy_Xx_horiz_alive_accum_a2[67]' from process `\top.$proc$life_flat_gen.sv:0$105'.
No latch inferred for signal `\top.\BoardY_BoardX_Life_DEFAULT_Tb_Yy_Xx_horiz_alive_accum_a2[68]' from process `\top.$proc$life_flat_gen.sv:0$105'.
No latch inferred for signal `\top.\BoardY_BoardX_Life_DEFAULT_Tb_Yy_Xx_horiz_alive_accum_a2[69]' from process `\top.$proc$life_flat_gen.sv:0$105'.
No latch inferred for signal `\top.\BoardY_BoardX_Life_DEFAULT_Tb_Yy_Xx_horiz_alive_accum_a2[70]' from process `\top.$proc$life_flat_gen.sv:0$105'.
No latch inferred for signal `\top.\BoardY_BoardX_Life_DEFAULT_Tb_Yy_Xx_horiz_alive_accum_a2[71]' from process `\top.$proc$life_flat_gen.sv:0$105'.
No latch inferred for signal `\top.\BoardY_BoardX_Life_DEFAULT_Tb_Yy_Xx_horiz_alive_accum_a2[72]' from process `\top.$proc$life_flat_gen.sv:0$105'.
No latch inferred for signal `\top.\BoardY_BoardX_Life_DEFAULT_Tb_Yy_Xx_horiz_alive_accum_a2[73]' from process `\top.$proc$life_flat_gen.sv:0$105'.
No latch inferred for signal `\top.\BoardY_BoardX_Life_DEFAULT_Tb_Yy_Xx_horiz_alive_accum_a2[74]' from process `\top.$proc$life_flat_gen.sv:0$105'.
No latch inferred for signal `\top.\BoardY_BoardX_Life_DEFAULT_Tb_Yy_Xx_horiz_alive_accum_a2[75]' from process `\top.$proc$life_flat_gen.sv:0$105'.
No latch inferred for signal `\top.\BoardY_BoardX_Life_DEFAULT_Tb_Yy_Xx_horiz_alive_accum_a2[76]' from process `\top.$proc$life_flat_gen.sv:0$105'.
No latch inferred for signal `\top.\BoardY_BoardX_Life_DEFAULT_Tb_Yy_Xx_horiz_alive_accum_a2[77]' from process `\top.$proc$life_flat_gen.sv:0$105'.
No latch inferred for signal `\top.\BoardY_BoardX_Life_DEFAULT_Tb_Yy_Xx_horiz_alive_accum_a2[78]' from process `\top.$proc$life_flat_gen.sv:0$105'.
No latch inferred for signal `\top.\BoardY_BoardX_Life_DEFAULT_Tb_Yy_Xx_horiz_alive_accum_a2[79]' from process `\top.$proc$life_flat_gen.sv:0$105'.
No latch inferred for signal `\top.\BoardY_BoardX_Life_DEFAULT_Tb_Yy_Xx_horiz_alive_accum_a2[80]' from process `\top.$proc$life_flat_gen.sv:0$105'.
No latch inferred for signal `\top.\BoardY_BoardX_Life_DEFAULT_Tb_Yy_Xx_horiz_alive_accum_a2[81]' from process `\top.$proc$life_flat_gen.sv:0$105'.
No latch inferred for signal `\top.\BoardY_BoardX_Life_DEFAULT_Tb_Yy_Xx_horiz_alive_accum_a2[82]' from process `\top.$proc$life_flat_gen.sv:0$105'.
No latch inferred for signal `\top.\BoardY_BoardX_Life_DEFAULT_Tb_Yy_Xx_horiz_alive_accum_a2[83]' from process `\top.$proc$life_flat_gen.sv:0$105'.
No latch inferred for signal `\top.\BoardY_BoardX_Life_DEFAULT_Tb_Yy_Xx_horiz_alive_accum_a2[84]' from process `\top.$proc$life_flat_gen.sv:0$105'.
No latch inferred for signal `\top.\BoardY_BoardX_Life_DEFAULT_Tb_Yy_Xx_horiz_alive_accum_a2[85]' from process `\top.$proc$life_flat_gen.sv:0$105'.
No latch inferred for signal `\top.\BoardY_BoardX_Life_DEFAULT_Tb_Yy_Xx_horiz_alive_accum_a2[86]' from process `\top.$proc$life_flat_gen.sv:0$105'.
No latch inferred for signal `\top.\BoardY_BoardX_Life_DEFAULT_Tb_Yy_Xx_horiz_alive_accum_a2[87]' from process `\top.$proc$life_flat_gen.sv:0$105'.
No latch inferred for signal `\top.\BoardY_BoardX_Life_DEFAULT_Tb_Yy_Xx_horiz_alive_accum_a2[88]' from process `\top.$proc$life_flat_gen.sv:0$105'.
No latch inferred for signal `\top.\BoardY_BoardX_Life_DEFAULT_Tb_Yy_Xx_horiz_alive_accum_a2[89]' from process `\top.$proc$life_flat_gen.sv:0$105'.
No latch inferred for signal `\top.\BoardY_BoardX_Life_DEFAULT_Tb_Yy_Xx_horiz_alive_accum_a2[90]' from process `\top.$proc$life_flat_gen.sv:0$105'.
No latch inferred for signal `\top.\BoardY_BoardX_Life_DEFAULT_Tb_Yy_Xx_horiz_alive_accum_a2[91]' from process `\top.$proc$life_flat_gen.sv:0$105'.
No latch inferred for signal `\top.\BoardY_BoardX_Life_DEFAULT_Tb_Yy_Xx_horiz_alive_accum_a2[92]' from process `\top.$proc$life_flat_gen.sv:0$105'.
No latch inferred for signal `\top.\BoardY_BoardX_Life_DEFAULT_Tb_Yy_Xx_horiz_alive_accum_a2[93]' from process `\top.$proc$life_flat_gen.sv:0$105'.
No latch inferred for signal `\top.\BoardY_BoardX_Life_DEFAULT_Tb_Yy_Xx_horiz_alive_accum_a2[94]' from process `\top.$proc$life_flat_gen.sv:0$105'.
No latch inferred for signal `\top.\BoardY_BoardX_Life_DEFAULT_Tb_Yy_Xx_horiz_alive_accum_a2[95]' from process `\top.$proc$life_flat_gen.sv:0$105'.
No latch inferred for signal `\top.\BoardY_BoardX_Life_DEFAULT_Tb_Yy_Xx_horiz_alive_accum_a2[96]' from process `\top.$proc$life_flat_gen.sv:0$105'.
No latch inferred for signal `\top.\BoardY_BoardX_Life_DEFAULT_Tb_Yy_Xx_horiz_alive_accum_a2[97]' from process `\top.$proc$life_flat_gen.sv:0$105'.
No latch inferred for signal `\top.\BoardY_BoardX_Life_DEFAULT_Tb_Yy_Xx_horiz_alive_accum_a2[98]' from process `\top.$proc$life_flat_gen.sv:0$105'.
No latch inferred for signal `\top.\BoardY_BoardX_Life_DEFAULT_Tb_Yy_Xx_horiz_alive_accum_a2[99]' from process `\top.$proc$life_flat_gen.sv:0$105'.
No latch inferred for signal `\top.\BoardY_BoardX_Life_DEFAULT_Tb_Yy_below_alive_accum_a2[0]' from process `\top.$proc$life_flat_gen.sv:0$105'.
No latch inferred for signal `\top.\BoardY_BoardX_Life_DEFAULT_Tb_Yy_below_alive_accum_a2[1]' from process `\top.$proc$life_flat_gen.sv:0$105'.
No latch inferred for signal `\top.\BoardY_BoardX_Life_DEFAULT_Tb_Yy_below_alive_accum_a2[2]' from process `\top.$proc$life_flat_gen.sv:0$105'.
No latch inferred for signal `\top.\BoardY_BoardX_Life_DEFAULT_Tb_Yy_below_alive_accum_a2[3]' from process `\top.$proc$life_flat_gen.sv:0$105'.
No latch inferred for signal `\top.\BoardY_BoardX_Life_DEFAULT_Tb_Yy_below_alive_accum_a2[4]' from process `\top.$proc$life_flat_gen.sv:0$105'.
No latch inferred for signal `\top.\BoardY_BoardX_Life_DEFAULT_Tb_Yy_below_alive_accum_a2[5]' from process `\top.$proc$life_flat_gen.sv:0$105'.
No latch inferred for signal `\top.\BoardY_BoardX_Life_DEFAULT_Tb_Yy_below_alive_accum_a2[6]' from process `\top.$proc$life_flat_gen.sv:0$105'.
No latch inferred for signal `\top.\BoardY_BoardX_Life_DEFAULT_Tb_Yy_below_alive_accum_a2[7]' from process `\top.$proc$life_flat_gen.sv:0$105'.
No latch inferred for signal `\top.\BoardY_BoardX_Life_DEFAULT_Tb_Yy_below_alive_accum_a2[8]' from process `\top.$proc$life_flat_gen.sv:0$105'.
No latch inferred for signal `\top.\BoardY_BoardX_Life_DEFAULT_Tb_Yy_below_alive_accum_a2[9]' from process `\top.$proc$life_flat_gen.sv:0$105'.
No latch inferred for signal `\top.\BoardY_BoardX_Life_DEFAULT_Tb_Yy_vert_alive_accum_a2[0]' from process `\top.$proc$life_flat_gen.sv:0$105'.
No latch inferred for signal `\top.\BoardY_BoardX_Life_DEFAULT_Tb_Yy_vert_alive_accum_a2[1]' from process `\top.$proc$life_flat_gen.sv:0$105'.
No latch inferred for signal `\top.\BoardY_BoardX_Life_DEFAULT_Tb_Yy_vert_alive_accum_a2[2]' from process `\top.$proc$life_flat_gen.sv:0$105'.
No latch inferred for signal `\top.\BoardY_BoardX_Life_DEFAULT_Tb_Yy_vert_alive_accum_a2[3]' from process `\top.$proc$life_flat_gen.sv:0$105'.
No latch inferred for signal `\top.\BoardY_BoardX_Life_DEFAULT_Tb_Yy_vert_alive_accum_a2[4]' from process `\top.$proc$life_flat_gen.sv:0$105'.
No latch inferred for signal `\top.\BoardY_BoardX_Life_DEFAULT_Tb_Yy_vert_alive_accum_a2[5]' from process `\top.$proc$life_flat_gen.sv:0$105'.
No latch inferred for signal `\top.\BoardY_BoardX_Life_DEFAULT_Tb_Yy_vert_alive_accum_a2[6]' from process `\top.$proc$life_flat_gen.sv:0$105'.
No latch inferred for signal `\top.\BoardY_BoardX_Life_DEFAULT_Tb_Yy_vert_alive_accum_a2[7]' from process `\top.$proc$life_flat_gen.sv:0$105'.
No latch inferred for signal `\top.\BoardY_BoardX_Life_DEFAULT_Tb_Yy_vert_alive_accum_a2[8]' from process `\top.$proc$life_flat_gen.sv:0$105'.
No latch inferred for signal `\top.\BoardY_BoardX_Life_DEFAULT_Tb_Yy_vert_alive_accum_a2[9]' from process `\top.$proc$life_flat_gen.sv:0$105'.
No latch inferred for signal `\top.\BoardY_BoardX_Life_DEFAULT_Tb_alive_cnt_a2[0]' from process `\top.$proc$life_flat_gen.sv:0$105'.
No latch inferred for signal `\top.\BoardY_BoardX_Life_DEFAULT_Tb_above_min_start_a2[0]' from process `\top.$proc$life_flat_gen.sv:0$105'.
No latch inferred for signal `\top.\BoardY_BoardX_Life_DEFAULT_Tb_below_max_stop_a2[0]' from process `\top.$proc$life_flat_gen.sv:0$105'.
No latch inferred for signal `\top.\BoardY_BoardX_Life_DEFAULT_Tb_start_ok_a2[0]' from process `\top.$proc$life_flat_gen.sv:0$105'.
No latch inferred for signal `\top.\BoardY_BoardX_Life_DEFAULT_Tb_stop_cnt_a2[0]' from process `\top.$proc$life_flat_gen.sv:0$105'.
No latch inferred for signal `\top.\BoardY_BoardX_Life_DEFAULT_Tb_passed_a2[0]' from process `\top.$proc$life_flat_gen.sv:0$105'.

3.9. Executing PROC_DFF pass (convert process syncs to FFs).
Creating register for signal `\top.\BoardY_BoardX_Life_DEFAULT_Yy_Xx_alive_a2[0]' using process `\top.$proc$life_flat_gen.sv:144$104'.
  created $dff cell `$procdff$1627' with positive edge clock.
Creating register for signal `\top.\BoardY_BoardX_Life_DEFAULT_Yy_Xx_alive_a2[1]' using process `\top.$proc$life_flat_gen.sv:144$103'.
  created $dff cell `$procdff$1628' with positive edge clock.
Creating register for signal `\top.\BoardY_BoardX_Life_DEFAULT_Yy_Xx_alive_a2[2]' using process `\top.$proc$life_flat_gen.sv:144$102'.
  created $dff cell `$procdff$1629' with positive edge clock.
Creating register for signal `\top.\BoardY_BoardX_Life_DEFAULT_Yy_Xx_alive_a2[3]' using process `\top.$proc$life_flat_gen.sv:144$101'.
  created $dff cell `$procdff$1630' with positive edge clock.
Creating register for signal `\top.\BoardY_BoardX_Life_DEFAULT_Yy_Xx_alive_a2[4]' using process `\top.$proc$life_flat_gen.sv:144$100'.
  created $dff cell `$procdff$1631' with positive edge clock.
Creating register for signal `\top.\BoardY_BoardX_Life_DEFAULT_Yy_Xx_alive_a2[5]' using process `\top.$proc$life_flat_gen.sv:144$99'.
  created $dff cell `$procdff$1632' with positive edge clock.
Creating register for signal `\top.\BoardY_BoardX_Life_DEFAULT_Yy_Xx_alive_a2[6]' using process `\top.$proc$life_flat_gen.sv:144$98'.
  created $dff cell `$procdff$1633' with positive edge clock.
Creating register for signal `\top.\BoardY_BoardX_Life_DEFAULT_Yy_Xx_alive_a2[7]' using process `\top.$proc$life_flat_gen.sv:144$97'.
  created $dff cell `$procdff$1634' with positive edge clock.
Creating register for signal `\top.\BoardY_BoardX_Life_DEFAULT_Yy_Xx_alive_a2[8]' using process `\top.$proc$life_flat_gen.sv:144$96'.
  created $dff cell `$procdff$1635' with positive edge clock.
Creating register for signal `\top.\BoardY_BoardX_Life_DEFAULT_Yy_Xx_alive_a2[9]' using process `\top.$proc$life_flat_gen.sv:144$95'.
  created $dff cell `$procdff$1636' with positive edge clock.
Creating register for signal `\top.\BoardY_BoardX_Life_DEFAULT_Yy_Xx_alive_a2[10]' using process `\top.$proc$life_flat_gen.sv:144$94'.
  created $dff cell `$procdff$1637' with positive edge clock.
Creating register for signal `\top.\BoardY_BoardX_Life_DEFAULT_Yy_Xx_alive_a2[11]' using process `\top.$proc$life_flat_gen.sv:144$93'.
  created $dff cell `$procdff$1638' with positive edge clock.
Creating register for signal `\top.\BoardY_BoardX_Life_DEFAULT_Yy_Xx_alive_a2[12]' using process `\top.$proc$life_flat_gen.sv:144$92'.
  created $dff cell `$procdff$1639' with positive edge clock.
Creating register for signal `\top.\BoardY_BoardX_Life_DEFAULT_Yy_Xx_alive_a2[13]' using process `\top.$proc$life_flat_gen.sv:144$91'.
  created $dff cell `$procdff$1640' with positive edge clock.
Creating register for signal `\top.\BoardY_BoardX_Life_DEFAULT_Yy_Xx_alive_a2[14]' using process `\top.$proc$life_flat_gen.sv:144$90'.
  created $dff cell `$procdff$1641' with positive edge clock.
Creating register for signal `\top.\BoardY_BoardX_Life_DEFAULT_Yy_Xx_alive_a2[15]' using process `\top.$proc$life_flat_gen.sv:144$89'.
  created $dff cell `$procdff$1642' with positive edge clock.
Creating register for signal `\top.\BoardY_BoardX_Life_DEFAULT_Yy_Xx_alive_a2[16]' using process `\top.$proc$life_flat_gen.sv:144$88'.
  created $dff cell `$procdff$1643' with positive edge clock.
Creating register for signal `\top.\BoardY_BoardX_Life_DEFAULT_Yy_Xx_alive_a2[17]' using process `\top.$proc$life_flat_gen.sv:144$87'.
  created $dff cell `$procdff$1644' with positive edge clock.
Creating register for signal `\top.\BoardY_BoardX_Life_DEFAULT_Yy_Xx_alive_a2[18]' using process `\top.$proc$life_flat_gen.sv:144$86'.
  created $dff cell `$procdff$1645' with positive edge clock.
Creating register for signal `\top.\BoardY_BoardX_Life_DEFAULT_Yy_Xx_alive_a2[19]' using process `\top.$proc$life_flat_gen.sv:144$85'.
  created $dff cell `$procdff$1646' with positive edge clock.
Creating register for signal `\top.\BoardY_BoardX_Life_DEFAULT_Yy_Xx_alive_a2[20]' using process `\top.$proc$life_flat_gen.sv:144$84'.
  created $dff cell `$procdff$1647' with positive edge clock.
Creating register for signal `\top.\BoardY_BoardX_Life_DEFAULT_Yy_Xx_alive_a2[21]' using process `\top.$proc$life_flat_gen.sv:144$83'.
  created $dff cell `$procdff$1648' with positive edge clock.
Creating register for signal `\top.\BoardY_BoardX_Life_DEFAULT_Yy_Xx_alive_a2[22]' using process `\top.$proc$life_flat_gen.sv:144$82'.
  created $dff cell `$procdff$1649' with positive edge clock.
Creating register for signal `\top.\BoardY_BoardX_Life_DEFAULT_Yy_Xx_alive_a2[23]' using process `\top.$proc$life_flat_gen.sv:144$81'.
  created $dff cell `$procdff$1650' with positive edge clock.
Creating register for signal `\top.\BoardY_BoardX_Life_DEFAULT_Yy_Xx_alive_a2[24]' using process `\top.$proc$life_flat_gen.sv:144$80'.
  created $dff cell `$procdff$1651' with positive edge clock.
Creating register for signal `\top.\BoardY_BoardX_Life_DEFAULT_Yy_Xx_alive_a2[25]' using process `\top.$proc$life_flat_gen.sv:144$79'.
  created $dff cell `$procdff$1652' with positive edge clock.
Creating register for signal `\top.\BoardY_BoardX_Life_DEFAULT_Yy_Xx_alive_a2[26]' using process `\top.$proc$life_flat_gen.sv:144$78'.
  created $dff cell `$procdff$1653' with positive edge clock.
Creating register for signal `\top.\BoardY_BoardX_Life_DEFAULT_Yy_Xx_alive_a2[27]' using process `\top.$proc$life_flat_gen.sv:144$77'.
  created $dff cell `$procdff$1654' with positive edge clock.
Creating register for signal `\top.\BoardY_BoardX_Life_DEFAULT_Yy_Xx_alive_a2[28]' using process `\top.$proc$life_flat_gen.sv:144$76'.
  created $dff cell `$procdff$1655' with positive edge clock.
Creating register for signal `\top.\BoardY_BoardX_Life_DEFAULT_Yy_Xx_alive_a2[29]' using process `\top.$proc$life_flat_gen.sv:144$75'.
  created $dff cell `$procdff$1656' with positive edge clock.
Creating register for signal `\top.\BoardY_BoardX_Life_DEFAULT_Yy_Xx_alive_a2[30]' using process `\top.$proc$life_flat_gen.sv:144$74'.
  created $dff cell `$procdff$1657' with positive edge clock.
Creating register for signal `\top.\BoardY_BoardX_Life_DEFAULT_Yy_Xx_alive_a2[31]' using process `\top.$proc$life_flat_gen.sv:144$73'.
  created $dff cell `$procdff$1658' with positive edge clock.
Creating register for signal `\top.\BoardY_BoardX_Life_DEFAULT_Yy_Xx_alive_a2[32]' using process `\top.$proc$life_flat_gen.sv:144$72'.
  created $dff cell `$procdff$1659' with positive edge clock.
Creating register for signal `\top.\BoardY_BoardX_Life_DEFAULT_Yy_Xx_alive_a2[33]' using process `\top.$proc$life_flat_gen.sv:144$71'.
  created $dff cell `$procdff$1660' with positive edge clock.
Creating register for signal `\top.\BoardY_BoardX_Life_DEFAULT_Yy_Xx_alive_a2[34]' using process `\top.$proc$life_flat_gen.sv:144$70'.
  created $dff cell `$procdff$1661' with positive edge clock.
Creating register for signal `\top.\BoardY_BoardX_Life_DEFAULT_Yy_Xx_alive_a2[35]' using process `\top.$proc$life_flat_gen.sv:144$69'.
  created $dff cell `$procdff$1662' with positive edge clock.
Creating register for signal `\top.\BoardY_BoardX_Life_DEFAULT_Yy_Xx_alive_a2[36]' using process `\top.$proc$life_flat_gen.sv:144$68'.
  created $dff cell `$procdff$1663' with positive edge clock.
Creating register for signal `\top.\BoardY_BoardX_Life_DEFAULT_Yy_Xx_alive_a2[37]' using process `\top.$proc$life_flat_gen.sv:144$67'.
  created $dff cell `$procdff$1664' with positive edge clock.
Creating register for signal `\top.\BoardY_BoardX_Life_DEFAULT_Yy_Xx_alive_a2[38]' using process `\top.$proc$life_flat_gen.sv:144$66'.
  created $dff cell `$procdff$1665' with positive edge clock.
Creating register for signal `\top.\BoardY_BoardX_Life_DEFAULT_Yy_Xx_alive_a2[39]' using process `\top.$proc$life_flat_gen.sv:144$65'.
  created $dff cell `$procdff$1666' with positive edge clock.
Creating register for signal `\top.\BoardY_BoardX_Life_DEFAULT_Yy_Xx_alive_a2[40]' using process `\top.$proc$life_flat_gen.sv:144$64'.
  created $dff cell `$procdff$1667' with positive edge clock.
Creating register for signal `\top.\BoardY_BoardX_Life_DEFAULT_Yy_Xx_alive_a2[41]' using process `\top.$proc$life_flat_gen.sv:144$63'.
  created $dff cell `$procdff$1668' with positive edge clock.
Creating register for signal `\top.\BoardY_BoardX_Life_DEFAULT_Yy_Xx_alive_a2[42]' using process `\top.$proc$life_flat_gen.sv:144$62'.
  created $dff cell `$procdff$1669' with positive edge clock.
Creating register for signal `\top.\BoardY_BoardX_Life_DEFAULT_Yy_Xx_alive_a2[43]' using process `\top.$proc$life_flat_gen.sv:144$61'.
  created $dff cell `$procdff$1670' with positive edge clock.
Creating register for signal `\top.\BoardY_BoardX_Life_DEFAULT_Yy_Xx_alive_a2[44]' using process `\top.$proc$life_flat_gen.sv:144$60'.
  created $dff cell `$procdff$1671' with positive edge clock.
Creating register for signal `\top.\BoardY_BoardX_Life_DEFAULT_Yy_Xx_alive_a2[45]' using process `\top.$proc$life_flat_gen.sv:144$59'.
  created $dff cell `$procdff$1672' with positive edge clock.
Creating register for signal `\top.\BoardY_BoardX_Life_DEFAULT_Yy_Xx_alive_a2[46]' using process `\top.$proc$life_flat_gen.sv:144$58'.
  created $dff cell `$procdff$1673' with positive edge clock.
Creating register for signal `\top.\BoardY_BoardX_Life_DEFAULT_Yy_Xx_alive_a2[47]' using process `\top.$proc$life_flat_gen.sv:144$57'.
  created $dff cell `$procdff$1674' with positive edge clock.
Creating register for signal `\top.\BoardY_BoardX_Life_DEFAULT_Yy_Xx_alive_a2[48]' using process `\top.$proc$life_flat_gen.sv:144$56'.
  created $dff cell `$procdff$1675' with positive edge clock.
Creating register for signal `\top.\BoardY_BoardX_Life_DEFAULT_Yy_Xx_alive_a2[49]' using process `\top.$proc$life_flat_gen.sv:144$55'.
  created $dff cell `$procdff$1676' with positive edge clock.
Creating register for signal `\top.\BoardY_BoardX_Life_DEFAULT_Yy_Xx_alive_a2[50]' using process `\top.$proc$life_flat_gen.sv:144$54'.
  created $dff cell `$procdff$1677' with positive edge clock.
Creating register for signal `\top.\BoardY_BoardX_Life_DEFAULT_Yy_Xx_alive_a2[51]' using process `\top.$proc$life_flat_gen.sv:144$53'.
  created $dff cell `$procdff$1678' with positive edge clock.
Creating register for signal `\top.\BoardY_BoardX_Life_DEFAULT_Yy_Xx_alive_a2[52]' using process `\top.$proc$life_flat_gen.sv:144$52'.
  created $dff cell `$procdff$1679' with positive edge clock.
Creating register for signal `\top.\BoardY_BoardX_Life_DEFAULT_Yy_Xx_alive_a2[53]' using process `\top.$proc$life_flat_gen.sv:144$51'.
  created $dff cell `$procdff$1680' with positive edge clock.
Creating register for signal `\top.\BoardY_BoardX_Life_DEFAULT_Yy_Xx_alive_a2[54]' using process `\top.$proc$life_flat_gen.sv:144$50'.
  created $dff cell `$procdff$1681' with positive edge clock.
Creating register for signal `\top.\BoardY_BoardX_Life_DEFAULT_Yy_Xx_alive_a2[55]' using process `\top.$proc$life_flat_gen.sv:144$49'.
  created $dff cell `$procdff$1682' with positive edge clock.
Creating register for signal `\top.\BoardY_BoardX_Life_DEFAULT_Yy_Xx_alive_a2[56]' using process `\top.$proc$life_flat_gen.sv:144$48'.
  created $dff cell `$procdff$1683' with positive edge clock.
Creating register for signal `\top.\BoardY_BoardX_Life_DEFAULT_Yy_Xx_alive_a2[57]' using process `\top.$proc$life_flat_gen.sv:144$47'.
  created $dff cell `$procdff$1684' with positive edge clock.
Creating register for signal `\top.\BoardY_BoardX_Life_DEFAULT_Yy_Xx_alive_a2[58]' using process `\top.$proc$life_flat_gen.sv:144$46'.
  created $dff cell `$procdff$1685' with positive edge clock.
Creating register for signal `\top.\BoardY_BoardX_Life_DEFAULT_Yy_Xx_alive_a2[59]' using process `\top.$proc$life_flat_gen.sv:144$45'.
  created $dff cell `$procdff$1686' with positive edge clock.
Creating register for signal `\top.\BoardY_BoardX_Life_DEFAULT_Yy_Xx_alive_a2[60]' using process `\top.$proc$life_flat_gen.sv:144$44'.
  created $dff cell `$procdff$1687' with positive edge clock.
Creating register for signal `\top.\BoardY_BoardX_Life_DEFAULT_Yy_Xx_alive_a2[61]' using process `\top.$proc$life_flat_gen.sv:144$43'.
  created $dff cell `$procdff$1688' with positive edge clock.
Creating register for signal `\top.\BoardY_BoardX_Life_DEFAULT_Yy_Xx_alive_a2[62]' using process `\top.$proc$life_flat_gen.sv:144$42'.
  created $dff cell `$procdff$1689' with positive edge clock.
Creating register for signal `\top.\BoardY_BoardX_Life_DEFAULT_Yy_Xx_alive_a2[63]' using process `\top.$proc$life_flat_gen.sv:144$41'.
  created $dff cell `$procdff$1690' with positive edge clock.
Creating register for signal `\top.\BoardY_BoardX_Life_DEFAULT_Yy_Xx_alive_a2[64]' using process `\top.$proc$life_flat_gen.sv:144$40'.
  created $dff cell `$procdff$1691' with positive edge clock.
Creating register for signal `\top.\BoardY_BoardX_Life_DEFAULT_Yy_Xx_alive_a2[65]' using process `\top.$proc$life_flat_gen.sv:144$39'.
  created $dff cell `$procdff$1692' with positive edge clock.
Creating register for signal `\top.\BoardY_BoardX_Life_DEFAULT_Yy_Xx_alive_a2[66]' using process `\top.$proc$life_flat_gen.sv:144$38'.
  created $dff cell `$procdff$1693' with positive edge clock.
Creating register for signal `\top.\BoardY_BoardX_Life_DEFAULT_Yy_Xx_alive_a2[67]' using process `\top.$proc$life_flat_gen.sv:144$37'.
  created $dff cell `$procdff$1694' with positive edge clock.
Creating register for signal `\top.\BoardY_BoardX_Life_DEFAULT_Yy_Xx_alive_a2[68]' using process `\top.$proc$life_flat_gen.sv:144$36'.
  created $dff cell `$procdff$1695' with positive edge clock.
Creating register for signal `\top.\BoardY_BoardX_Life_DEFAULT_Yy_Xx_alive_a2[69]' using process `\top.$proc$life_flat_gen.sv:144$35'.
  created $dff cell `$procdff$1696' with positive edge clock.
Creating register for signal `\top.\BoardY_BoardX_Life_DEFAULT_Yy_Xx_alive_a2[70]' using process `\top.$proc$life_flat_gen.sv:144$34'.
  created $dff cell `$procdff$1697' with positive edge clock.
Creating register for signal `\top.\BoardY_BoardX_Life_DEFAULT_Yy_Xx_alive_a2[71]' using process `\top.$proc$life_flat_gen.sv:144$33'.
  created $dff cell `$procdff$1698' with positive edge clock.
Creating register for signal `\top.\BoardY_BoardX_Life_DEFAULT_Yy_Xx_alive_a2[72]' using process `\top.$proc$life_flat_gen.sv:144$32'.
  created $dff cell `$procdff$1699' with positive edge clock.
Creating register for signal `\top.\BoardY_BoardX_Life_DEFAULT_Yy_Xx_alive_a2[73]' using process `\top.$proc$life_flat_gen.sv:144$31'.
  created $dff cell `$procdff$1700' with positive edge clock.
Creating register for signal `\top.\BoardY_BoardX_Life_DEFAULT_Yy_Xx_alive_a2[74]' using process `\top.$proc$life_flat_gen.sv:144$30'.
  created $dff cell `$procdff$1701' with positive edge clock.
Creating register for signal `\top.\BoardY_BoardX_Life_DEFAULT_Yy_Xx_alive_a2[75]' using process `\top.$proc$life_flat_gen.sv:144$29'.
  created $dff cell `$procdff$1702' with positive edge clock.
Creating register for signal `\top.\BoardY_BoardX_Life_DEFAULT_Yy_Xx_alive_a2[76]' using process `\top.$proc$life_flat_gen.sv:144$28'.
  created $dff cell `$procdff$1703' with positive edge clock.
Creating register for signal `\top.\BoardY_BoardX_Life_DEFAULT_Yy_Xx_alive_a2[77]' using process `\top.$proc$life_flat_gen.sv:144$27'.
  created $dff cell `$procdff$1704' with positive edge clock.
Creating register for signal `\top.\BoardY_BoardX_Life_DEFAULT_Yy_Xx_alive_a2[78]' using process `\top.$proc$life_flat_gen.sv:144$26'.
  created $dff cell `$procdff$1705' with positive edge clock.
Creating register for signal `\top.\BoardY_BoardX_Life_DEFAULT_Yy_Xx_alive_a2[79]' using process `\top.$proc$life_flat_gen.sv:144$25'.
  created $dff cell `$procdff$1706' with positive edge clock.
Creating register for signal `\top.\BoardY_BoardX_Life_DEFAULT_Yy_Xx_alive_a2[80]' using process `\top.$proc$life_flat_gen.sv:144$24'.
  created $dff cell `$procdff$1707' with positive edge clock.
Creating register for signal `\top.\BoardY_BoardX_Life_DEFAULT_Yy_Xx_alive_a2[81]' using process `\top.$proc$life_flat_gen.sv:144$23'.
  created $dff cell `$procdff$1708' with positive edge clock.
Creating register for signal `\top.\BoardY_BoardX_Life_DEFAULT_Yy_Xx_alive_a2[82]' using process `\top.$proc$life_flat_gen.sv:144$22'.
  created $dff cell `$procdff$1709' with positive edge clock.
Creating register for signal `\top.\BoardY_BoardX_Life_DEFAULT_Yy_Xx_alive_a2[83]' using process `\top.$proc$life_flat_gen.sv:144$21'.
  created $dff cell `$procdff$1710' with positive edge clock.
Creating register for signal `\top.\BoardY_BoardX_Life_DEFAULT_Yy_Xx_alive_a2[84]' using process `\top.$proc$life_flat_gen.sv:144$20'.
  created $dff cell `$procdff$1711' with positive edge clock.
Creating register for signal `\top.\BoardY_BoardX_Life_DEFAULT_Yy_Xx_alive_a2[85]' using process `\top.$proc$life_flat_gen.sv:144$19'.
  created $dff cell `$procdff$1712' with positive edge clock.
Creating register for signal `\top.\BoardY_BoardX_Life_DEFAULT_Yy_Xx_alive_a2[86]' using process `\top.$proc$life_flat_gen.sv:144$18'.
  created $dff cell `$procdff$1713' with positive edge clock.
Creating register for signal `\top.\BoardY_BoardX_Life_DEFAULT_Yy_Xx_alive_a2[87]' using process `\top.$proc$life_flat_gen.sv:144$17'.
  created $dff cell `$procdff$1714' with positive edge clock.
Creating register for signal `\top.\BoardY_BoardX_Life_DEFAULT_Yy_Xx_alive_a2[88]' using process `\top.$proc$life_flat_gen.sv:144$16'.
  created $dff cell `$procdff$1715' with positive edge clock.
Creating register for signal `\top.\BoardY_BoardX_Life_DEFAULT_Yy_Xx_alive_a2[89]' using process `\top.$proc$life_flat_gen.sv:144$15'.
  created $dff cell `$procdff$1716' with positive edge clock.
Creating register for signal `\top.\BoardY_BoardX_Life_DEFAULT_Yy_Xx_alive_a2[90]' using process `\top.$proc$life_flat_gen.sv:144$14'.
  created $dff cell `$procdff$1717' with positive edge clock.
Creating register for signal `\top.\BoardY_BoardX_Life_DEFAULT_Yy_Xx_alive_a2[91]' using process `\top.$proc$life_flat_gen.sv:144$13'.
  created $dff cell `$procdff$1718' with positive edge clock.
Creating register for signal `\top.\BoardY_BoardX_Life_DEFAULT_Yy_Xx_alive_a2[92]' using process `\top.$proc$life_flat_gen.sv:144$12'.
  created $dff cell `$procdff$1719' with positive edge clock.
Creating register for signal `\top.\BoardY_BoardX_Life_DEFAULT_Yy_Xx_alive_a2[93]' using process `\top.$proc$life_flat_gen.sv:144$11'.
  created $dff cell `$procdff$1720' with positive edge clock.
Creating register for signal `\top.\BoardY_BoardX_Life_DEFAULT_Yy_Xx_alive_a2[94]' using process `\top.$proc$life_flat_gen.sv:144$10'.
  created $dff cell `$procdff$1721' with positive edge clock.
Creating register for signal `\top.\BoardY_BoardX_Life_DEFAULT_Yy_Xx_alive_a2[95]' using process `\top.$proc$life_flat_gen.sv:144$9'.
  created $dff cell `$procdff$1722' with positive edge clock.
Creating register for signal `\top.\BoardY_BoardX_Life_DEFAULT_Yy_Xx_alive_a2[96]' using process `\top.$proc$life_flat_gen.sv:144$8'.
  created $dff cell `$procdff$1723' with positive edge clock.
Creating register for signal `\top.\BoardY_BoardX_Life_DEFAULT_Yy_Xx_alive_a2[97]' using process `\top.$proc$life_flat_gen.sv:144$7'.
  created $dff cell `$procdff$1724' with positive edge clock.
Creating register for signal `\top.\BoardY_BoardX_Life_DEFAULT_Yy_Xx_alive_a2[98]' using process `\top.$proc$life_flat_gen.sv:144$6'.
  created $dff cell `$procdff$1725' with positive edge clock.
Creating register for signal `\top.\BoardY_BoardX_Life_DEFAULT_Yy_Xx_alive_a2[99]' using process `\top.$proc$life_flat_gen.sv:144$5'.
  created $dff cell `$procdff$1726' with positive edge clock.
Creating register for signal `\top.\BoardY_BoardX_Life_DEFAULT_Tb_stop_cnt_a3[0]' using process `\top.$proc$life_flat_gen.sv:130$4'.
  created $dff cell `$procdff$1727' with positive edge clock.
Creating register for signal `\top.\BoardY_BoardX_Life_DEFAULT_Tb_start_ok_a3[0]' using process `\top.$proc$life_flat_gen.sv:127$3'.
  created $dff cell `$procdff$1728' with positive edge clock.
Creating register for signal `\top.\BoardY_BoardX_Life_DEFAULT_reset_a2[0]' using process `\top.$proc$life_flat_gen.sv:119$2'.
  created $dff cell `$procdff$1729' with positive edge clock.

3.10. Executing PROC_MEMWR pass (convert process memory writes to cells).

3.11. Executing PROC_CLEAN pass (remove empty switches from decision trees).
Removing empty process `top.$proc$life_flat_gen.sv:0$105'.
Removing empty process `top.$proc$life_flat_gen.sv:144$104'.
Removing empty process `top.$proc$life_flat_gen.sv:144$103'.
Removing empty process `top.$proc$life_flat_gen.sv:144$102'.
Removing empty process `top.$proc$life_flat_gen.sv:144$101'.
Removing empty process `top.$proc$life_flat_gen.sv:144$100'.
Removing empty process `top.$proc$life_flat_gen.sv:144$99'.
Removing empty process `top.$proc$life_flat_gen.sv:144$98'.
Removing empty process `top.$proc$life_flat_gen.sv:144$97'.
Removing empty process `top.$proc$life_flat_gen.sv:144$96'.
Removing empty process `top.$proc$life_flat_gen.sv:144$95'.
Removing empty process `top.$proc$life_flat_gen.sv:144$94'.
Removing empty process `top.$proc$life_flat_gen.sv:144$93'.
Removing empty process `top.$proc$life_flat_gen.sv:144$92'.
Removing empty process `top.$proc$life_flat_gen.sv:144$91'.
Removing empty process `top.$proc$life_flat_gen.sv:144$90'.
Removing empty process `top.$proc$life_flat_gen.sv:144$89'.
Removing empty process `top.$proc$life_flat_gen.sv:144$88'.
Removing empty process `top.$proc$life_flat_gen.sv:144$87'.
Removing empty process `top.$proc$life_flat_gen.sv:144$86'.
Removing empty process `top.$proc$life_flat_gen.sv:144$85'.
Removing empty process `top.$proc$life_flat_gen.sv:144$84'.
Removing empty process `top.$proc$life_flat_gen.sv:144$83'.
Removing empty process `top.$proc$life_flat_gen.sv:144$82'.
Removing empty process `top.$proc$life_flat_gen.sv:144$81'.
Removing empty process `top.$proc$life_flat_gen.sv:144$80'.
Removing empty process `top.$proc$life_flat_gen.sv:144$79'.
Removing empty process `top.$proc$life_flat_gen.sv:144$78'.
Removing empty process `top.$proc$life_flat_gen.sv:144$77'.
Removing empty process `top.$proc$life_flat_gen.sv:144$76'.
Removing empty process `top.$proc$life_flat_gen.sv:144$75'.
Removing empty process `top.$proc$life_flat_gen.sv:144$74'.
Removing empty process `top.$proc$life_flat_gen.sv:144$73'.
Removing empty process `top.$proc$life_flat_gen.sv:144$72'.
Removing empty process `top.$proc$life_flat_gen.sv:144$71'.
Removing empty process `top.$proc$life_flat_gen.sv:144$70'.
Removing empty process `top.$proc$life_flat_gen.sv:144$69'.
Removing empty process `top.$proc$life_flat_gen.sv:144$68'.
Removing empty process `top.$proc$life_flat_gen.sv:144$67'.
Removing empty process `top.$proc$life_flat_gen.sv:144$66'.
Removing empty process `top.$proc$life_flat_gen.sv:144$65'.
Removing empty process `top.$proc$life_flat_gen.sv:144$64'.
Removing empty process `top.$proc$life_flat_gen.sv:144$63'.
Removing empty process `top.$proc$life_flat_gen.sv:144$62'.
Removing empty process `top.$proc$life_flat_gen.sv:144$61'.
Removing empty process `top.$proc$life_flat_gen.sv:144$60'.
Removing empty process `top.$proc$life_flat_gen.sv:144$59'.
Removing empty process `top.$proc$life_flat_gen.sv:144$58'.
Removing empty process `top.$proc$life_flat_gen.sv:144$57'.
Removing empty process `top.$proc$life_flat_gen.sv:144$56'.
Removing empty process `top.$proc$life_flat_gen.sv:144$55'.
Removing empty process `top.$proc$life_flat_gen.sv:144$54'.
Removing empty process `top.$proc$life_flat_gen.sv:144$53'.
Removing empty process `top.$proc$life_flat_gen.sv:144$52'.
Removing empty process `top.$proc$life_flat_gen.sv:144$51'.
Removing empty process `top.$proc$life_flat_gen.sv:144$50'.
Removing empty process `top.$proc$life_flat_gen.sv:144$49'.
Removing empty process `top.$proc$life_flat_gen.sv:144$48'.
Removing empty process `top.$proc$life_flat_gen.sv:144$47'.
Removing empty process `top.$proc$life_flat_gen.sv:144$46'.
Removing empty process `top.$proc$life_flat_gen.sv:144$45'.
Removing empty process `top.$proc$life_flat_gen.sv:144$44'.
Removing empty process `top.$proc$life_flat_gen.sv:144$43'.
Removing empty process `top.$proc$life_flat_gen.sv:144$42'.
Removing empty process `top.$proc$life_flat_gen.sv:144$41'.
Removing empty process `top.$proc$life_flat_gen.sv:144$40'.
Removing empty process `top.$proc$life_flat_gen.sv:144$39'.
Removing empty process `top.$proc$life_flat_gen.sv:144$38'.
Removing empty process `top.$proc$life_flat_gen.sv:144$37'.
Removing empty process `top.$proc$life_flat_gen.sv:144$36'.
Removing empty process `top.$proc$life_flat_gen.sv:144$35'.
Removing empty process `top.$proc$life_flat_gen.sv:144$34'.
Removing empty process `top.$proc$life_flat_gen.sv:144$33'.
Removing empty process `top.$proc$life_flat_gen.sv:144$32'.
Removing empty process `top.$proc$life_flat_gen.sv:144$31'.
Removing empty process `top.$proc$life_flat_gen.sv:144$30'.
Removing empty process `top.$proc$life_flat_gen.sv:144$29'.
Removing empty process `top.$proc$life_flat_gen.sv:144$28'.
Removing empty process `top.$proc$life_flat_gen.sv:144$27'.
Removing empty process `top.$proc$life_flat_gen.sv:144$26'.
Removing empty process `top.$proc$life_flat_gen.sv:144$25'.
Removing empty process `top.$proc$life_flat_gen.sv:144$24'.
Removing empty process `top.$proc$life_flat_gen.sv:144$23'.
Removing empty process `top.$proc$life_flat_gen.sv:144$22'.
Removing empty process `top.$proc$life_flat_gen.sv:144$21'.
Removing empty process `top.$proc$life_flat_gen.sv:144$20'.
Removing empty process `top.$proc$life_flat_gen.sv:144$19'.
Removing empty process `top.$proc$life_flat_gen.sv:144$18'.
Removing empty process `top.$proc$life_flat_gen.sv:144$17'.
Removing empty process `top.$proc$life_flat_gen.sv:144$16'.
Removing empty process `top.$proc$life_flat_gen.sv:144$15'.
Removing empty process `top.$proc$life_flat_gen.sv:144$14'.
Removing empty process `top.$proc$life_flat_gen.sv:144$13'.
Removing empty process `top.$proc$life_flat_gen.sv:144$12'.
Removing empty process `top.$proc$life_flat_gen.sv:144$11'.
Removing empty process `top.$proc$life_flat_gen.sv:144$10'.
Removing empty process `top.$proc$life_flat_gen.sv:144$9'.
Removing empty process `top.$proc$life_flat_gen.sv:144$8'.
Removing empty process `top.$proc$life_flat_gen.sv:144$7'.
Removing empty process `top.$proc$life_flat_gen.sv:144$6'.
Removing empty process `top.$proc$life_flat_gen.sv:144$5'.
Removing empty process `top.$proc$life_flat_gen.sv:130$4'.
Removing empty process `top.$proc$life_flat_gen.sv:127$3'.
Removing empty process `top.$proc$life_flat_gen.sv:119$2'.
Cleaned up 0 empty switches.

3.12. Executing OPT_EXPR pass (perform const folding).
Optimizing module top.
<suppressed ~402 debug messages>

4. Executing SPLITNETS pass (splitting up multi-bit signals).

5. Executing OPT_CLEAN pass (remove unused cells and wires).
Finding unused cells or wires in module \top..
Removed 0 unused cells and 6218 unused wires.
<suppressed ~1 debug messages>

6. Executing JSON backend.

Warnings: 19 unique messages, 19 total
End of script. Logfile hash: 1c6e5de42a, CPU: user 0.38s system 0.01s, MEM: 26.69 MB peak
Yosys 0.52 (git sha1 fee39a3284c90249e1d9684cf6944ffbbcbb8f90)
Time spent: 55% 2x read_verilog (0 sec), 15% 1x opt_clean (0 sec), ...
