
 /----------------------------------------------------------------------------\
 |  yosys -- Yosys Open SYnthesis Suite                                       |
 |  Copyright (C) 2012 - 2025  Claire Xenia Wolf <claire@yosyshq.com>         |
 |  Distributed under an ISC-like license, type "license" to see terms        |
 \----------------------------------------------------------------------------/
 Yosys 0.52 (git sha1 fee39a3284c90249e1d9684cf6944ffbbcbb8f90)

-- Executing script file `/export/redwood/tlv/life/hier_out/hier.ys' --

1. Executing Verilog-2005 frontend: life_flat.sv
Parsing SystemVerilog input from `life_flat.sv' to AST representation.
Generating RTLIL representation for module `\top'.
Warning: Replacing memory \BoardY_BoardX_Life_DEFAULT_Tb_passed_a2 with list of registers. See life.tlv:122
Warning: Replacing memory \BoardY_BoardX_Life_DEFAULT_Tb_stop_cnt_a2 with list of registers. See life.tlv:119
Warning: Replacing memory \BoardY_BoardX_Life_DEFAULT_Tb_start_ok_a2 with list of registers. See life.tlv:118
Warning: Replacing memory \BoardY_BoardX_Life_DEFAULT_Tb_below_max_stop_a2 with list of registers. See life.tlv:117
Warning: Replacing memory \BoardY_BoardX_Life_DEFAULT_Tb_above_min_start_a2 with list of registers. See life.tlv:116
Warning: Replacing memory \BoardY_BoardX_Life_DEFAULT_Tb_alive_cnt_a2 with list of registers. See life.tlv:115
Warning: Replacing memory \BoardY_BoardX_Life_DEFAULT_Tb_Yy_vert_alive_accum_a2 with list of registers. See life.tlv:114
Warning: Replacing memory \BoardY_BoardX_Life_DEFAULT_Tb_Yy_below_alive_accum_a2 with list of registers. See life.tlv:113
Warning: Replacing memory \BoardY_BoardX_Life_DEFAULT_Tb_Yy_Xx_horiz_alive_accum_a2 with list of registers. See life.tlv:112
Warning: Replacing memory \BoardY_BoardX_Life_DEFAULT_Tb_Yy_Xx_right_alive_accum_a2 with list of registers. See life.tlv:111
Warning: Replacing memory \BoardY_BoardX_Life_DEFAULT_Yy_Xx_alive_a1 with list of registers. See life.tlv:94
Warning: Replacing memory \BoardY_BoardX_Life_DEFAULT_Yy_Xx_init_alive_a1 with list of registers. See life.tlv:88
Warning: Replacing memory \BoardY_BoardX_Life_DEFAULT_Yy_Xx_cnt_a1 with list of registers. See life.tlv:80
Warning: Replacing memory \BoardY_BoardX_Life_DEFAULT_Yy_Xx_row_cnt_a1 with list of registers. See life.tlv:76
Warning: Replacing memory \BoardY_BoardX_Life_DEFAULT_reset_a1 with list of registers. See life.tlv:67
Warning: Replacing memory \BoardY_BoardX_Life_DEFAULT_Yy_Xx_alive_a2 with list of registers. See life_flat_gen.sv:144
Warning: Replacing memory \BoardY_BoardX_Life_DEFAULT_Tb_stop_cnt_a3 with list of registers. See life_flat_gen.sv:130
Warning: Replacing memory \BoardY_BoardX_Life_DEFAULT_Tb_start_ok_a3 with list of registers. See life_flat_gen.sv:127
Warning: Replacing memory \BoardY_BoardX_Life_DEFAULT_reset_a2 with list of registers. See life_flat_gen.sv:119
Successfully finished Verilog frontend.

2. Executing HIERARCHY pass (managing design hierarchy).

2.1. Analyzing design hierarchy..
Top module:  \top

2.2. Analyzing design hierarchy..
Top module:  \top
Removed 0 unused modules.

3. Executing PROC pass (convert processes to netlists).

3.1. Executing PROC_CLEAN pass (remove empty switches from decision trees).
Cleaned up 0 empty switches.

3.2. Executing PROC_RMDEAD pass (remove dead branches from decision trees).
Removed a total of 0 dead cases.

3.3. Executing PROC_PRUNE pass (remove redundant assignments in processes).
Removed 0 redundant assignments.
Promoted 730 assignments to connections.

3.4. Executing PROC_INIT pass (extract init attributes).

3.5. Executing PROC_ARST pass (detect async resets in processes).

3.6. Executing PROC_ROM pass (convert switches to ROMs).
Converted 0 switches.

3.7. Executing PROC_MUX pass (convert decision trees to multiplexers).
Creating decoders for process `\top.$proc$life_flat_gen.sv:0$105'.
Creating decoders for process `\top.$proc$life_flat_gen.sv:144$104'.
Creating decoders for process `\top.$proc$life_flat_gen.sv:144$103'.
Creating decoders for process `\top.$proc$life_flat_gen.sv:144$102'.
Creating decoders for process `\top.$proc$life_flat_gen.sv:144$101'.
Creating decoders for process `\top.$proc$life_flat_gen.sv:144$100'.
Creating decoders for process `\top.$proc$life_flat_gen.sv:144$99'.
Creating decoders for process `\top.$proc$life_flat_gen.sv:144$98'.
Creating decoders for process `\top.$proc$life_flat_gen.sv:144$97'.
Creating decoders for process `\top.$proc$life_flat_gen.sv:144$96'.
Creating decoders for process `\top.$proc$life_flat_gen.sv:144$95'.
Creating decoders for process `\top.$proc$life_flat_gen.sv:144$94'.
Creating decoders for process `\top.$proc$life_flat_gen.sv:144$93'.
Creating decoders for process `\top.$proc$life_flat_gen.sv:144$92'.
Creating decoders for process `\top.$proc$life_flat_gen.sv:144$91'.
Creating decoders for process `\top.$proc$life_flat_gen.sv:144$90'.
Creating decoders for process `\top.$proc$life_flat_gen.sv:144$89'.
Creating decoders for process `\top.$proc$life_flat_gen.sv:144$88'.
Creating decoders for process `\top.$proc$life_flat_gen.sv:144$87'.
Creating decoders for process `\top.$proc$life_flat_gen.sv:144$86'.
Creating decoders for process `\top.$proc$life_flat_gen.sv:144$85'.
Creating decoders for process `\top.$proc$life_flat_gen.sv:144$84'.
Creating decoders for process `\top.$proc$life_flat_gen.sv:144$83'.
Creating decoders for process `\top.$proc$life_flat_gen.sv:144$82'.
Creating decoders for process `\top.$proc$life_flat_gen.sv:144$81'.
Creating decoders for process `\top.$proc$life_flat_gen.sv:144$80'.
Creating decoders for process `\top.$proc$life_flat_gen.sv:144$79'.
Creating decoders for process `\top.$proc$life_flat_gen.sv:144$78'.
Creating decoders for process `\top.$proc$life_flat_gen.sv:144$77'.
Creating decoders for process `\top.$proc$life_flat_gen.sv:144$76'.
Creating decoders for process `\top.$proc$life_flat_gen.sv:144$75'.
Creating decoders for process `\top.$proc$life_flat_gen.sv:144$74'.
Creating decoders for process `\top.$proc$life_flat_gen.sv:144$73'.
Creating decoders for process `\top.$proc$life_flat_gen.sv:144$72'.
Creating decoders for process `\top.$proc$life_flat_gen.sv:144$71'.
Creating decoders for process `\top.$proc$life_flat_gen.sv:144$70'.
Creating decoders for process `\top.$proc$life_flat_gen.sv:144$69'.
Creating decoders for process `\top.$proc$life_flat_gen.sv:144$68'.
Creating decoders for process `\top.$proc$life_flat_gen.sv:144$67'.
Creating decoders for process `\top.$proc$life_flat_gen.sv:144$66'.
Creating decoders for process `\top.$proc$life_flat_gen.sv:144$65'.
Creating decoders for process `\top.$proc$life_flat_gen.sv:144$64'.
Creating decoders for process `\top.$proc$life_flat_gen.sv:144$63'.
Creating decoders for process `\top.$proc$life_flat_gen.sv:144$62'.
Creating decoders for process `\top.$proc$life_flat_gen.sv:144$61'.
Creating decoders for process `\top.$proc$life_flat_gen.sv:144$60'.
Creating decoders for process `\top.$proc$life_flat_gen.sv:144$59'.
Creating decoders for process `\top.$proc$life_flat_gen.sv:144$58'.
Creating decoders for process `\top.$proc$life_flat_gen.sv:144$57'.
Creating decoders for process `\top.$proc$life_flat_gen.sv:144$56'.
Creating decoders for process `\top.$proc$life_flat_gen.sv:144$55'.
Creating decoders for process `\top.$proc$life_flat_gen.sv:144$54'.
Creating decoders for process `\top.$proc$life_flat_gen.sv:144$53'.
Creating decoders for process `\top.$proc$life_flat_gen.sv:144$52'.
Creating decoders for process `\top.$proc$life_flat_gen.sv:144$51'.
Creating decoders for process `\top.$proc$life_flat_gen.sv:144$50'.
Creating decoders for process `\top.$proc$life_flat_gen.sv:144$49'.
Creating decoders for process `\top.$proc$life_flat_gen.sv:144$48'.
Creating decoders for process `\top.$proc$life_flat_gen.sv:144$47'.
Creating decoders for process `\top.$proc$life_flat_gen.sv:144$46'.
Creating decoders for process `\top.$proc$life_flat_gen.sv:144$45'.
Creating decoders for process `\top.$proc$life_flat_gen.sv:144$44'.
Creating decoders for process `\top.$proc$life_flat_gen.sv:144$43'.
Creating decoders for process `\top.$proc$life_flat_gen.sv:144$42'.
Creating decoders for process `\top.$proc$life_flat_gen.sv:144$41'.
Creating decoders for process `\top.$proc$life_flat_gen.sv:144$40'.
Creating decoders for process `\top.$proc$life_flat_gen.sv:144$39'.
Creating decoders for process `\top.$proc$life_flat_gen.sv:144$38'.
Creating decoders for process `\top.$proc$life_flat_gen.sv:144$37'.
Creating decoders for process `\top.$proc$life_flat_gen.sv:144$36'.
Creating decoders for process `\top.$proc$life_flat_gen.sv:144$35'.
Creating decoders for process `\top.$proc$life_flat_gen.sv:144$34'.
Creating decoders for process `\top.$proc$life_flat_gen.sv:144$33'.
Creating decoders for process `\top.$proc$life_flat_gen.sv:144$32'.
Creating decoders for process `\top.$proc$life_flat_gen.sv:144$31'.
Creating decoders for process `\top.$proc$life_flat_gen.sv:144$30'.
Creating decoders for process `\top.$proc$life_flat_gen.sv:144$29'.
Creating decoders for process `\top.$proc$life_flat_gen.sv:144$28'.
Creating decoders for process `\top.$proc$life_flat_gen.sv:144$27'.
Creating decoders for process `\top.$proc$life_flat_gen.sv:144$26'.
Creating decoders for process `\top.$proc$life_flat_gen.sv:144$25'.
Creating decoders for process `\top.$proc$life_flat_gen.sv:144$24'.
Creating decoders for process `\top.$proc$life_flat_gen.sv:144$23'.
Creating decoders for process `\top.$proc$life_flat_gen.sv:144$22'.
Creating decoders for process `\top.$proc$life_flat_gen.sv:144$21'.
Creating decoders for process `\top.$proc$life_flat_gen.sv:144$20'.
Creating decoders for process `\top.$proc$life_flat_gen.sv:144$19'.
Creating decoders for process `\top.$proc$life_flat_gen.sv:144$18'.
Creating decoders for process `\top.$proc$life_flat_gen.sv:144$17'.
Creating decoders for process `\top.$proc$life_flat_gen.sv:144$16'.
Creating decoders for process `\top.$proc$life_flat_gen.sv:144$15'.
Creating decoders for process `\top.$proc$life_flat_gen.sv:144$14'.
Creating decoders for process `\top.$proc$life_flat_gen.sv:144$13'.
Creating decoders for process `\top.$proc$life_flat_gen.sv:144$12'.
Creating decoders for process `\top.$proc$life_flat_gen.sv:144$11'.
Creating decoders for process `\top.$proc$life_flat_gen.sv:144$10'.
Creating decoders for process `\top.$proc$life_flat_gen.sv:144$9'.
Creating decoders for process `\top.$proc$life_flat_gen.sv:144$8'.
Creating decoders for process `\top.$proc$life_flat_gen.sv:144$7'.
Creating decoders for process `\top.$proc$life_flat_gen.sv:144$6'.
Creating decoders for process `\top.$proc$life_flat_gen.sv:144$5'.
Creating decoders for process `\top.$proc$life_flat_gen.sv:130$4'.
Creating decoders for process `\top.$proc$life_flat_gen.sv:127$3'.
Creating decoders for process `\top.$proc$life_flat_gen.sv:119$2'.

3.8. Executing PROC_DLATCH pass (convert process syncs to latches).
No latch inferred for signal `\top.\BoardY_BoardX_Life_DEFAULT_reset_a1[0]' from process `\top.$proc$life_flat_gen.sv:0$105'.
No latch inferred for signal `\top.\BoardY_BoardX_Life_DEFAULT_Yy_Xx_row_cnt_a1[0]' from process `\top.$proc$life_flat_gen.sv:0$105'.
No latch inferred for signal `\top.\BoardY_BoardX_Life_DEFAULT_Yy_Xx_row_cnt_a1[1]' from process `\top.$proc$life_flat_gen.sv:0$105'.
No latch inferred for signal `\top.\BoardY_BoardX_Life_DEFAULT_Yy_Xx_row_cnt_a1[2]' from process `\top.$proc$life_flat_gen.sv:0$105'.
No latch inferred for signal `\top.\BoardY_BoardX_Life_DEFAULT_Yy_Xx_row_cnt_a1[3]' from process `\top.$proc$life_flat_gen.sv:0$105'.
No latch inferred for signal `\top.\BoardY_BoardX_Life_DEFAULT_Yy_Xx_row_cnt_a1[4]' from process `\top.$proc$life_flat_gen.sv:0$105'.
No latch inferred for signal `\top.\BoardY_BoardX_Life_DEFAULT_Yy_Xx_row_cnt_a1[5]' from process `\top.$proc$life_flat_gen.sv:0$105'.
No latch inferred for signal `\top.\BoardY_BoardX_Life_DEFAULT_Yy_Xx_row_cnt_a1[6]' from process `\top.$proc$life_flat_gen.sv:0$105'.
No latch inferred for signal `\top.\BoardY_BoardX_Life_DEFAULT_Yy_Xx_row_cnt_a1[7]' from process `\top.$proc$life_flat_gen.sv:0$105'.
No latch inferred for signal `\top.\BoardY_BoardX_Life_DEFAULT_Yy_Xx_row_cnt_a1[8]' from process `\top.$proc$life_flat_gen.sv:0$105'.
No latch inferred for signal `\top.\BoardY_BoardX_Life_DEFAULT_Yy_Xx_row_cnt_a1[9]' from process `\top.$proc$life_flat_gen.sv:0$105'.
No latch inferred for signal `\top.\BoardY_BoardX_Life_DEFAULT_Yy_Xx_row_cnt_a1[10]' from process `\top.$proc$life_flat_gen.sv:0$105'.
No latch inferred for signal `\top.\BoardY_BoardX_Life_DEFAULT_Yy_Xx_row_cnt_a1[11]' from process `\top.$proc$life_flat_gen.sv:0$105'.
No latch inferred for signal `\top.\BoardY_BoardX_Life_DEFAULT_Yy_Xx_row_cnt_a1[12]' from process `\top.$proc$life_flat_gen.sv:0$105'.
No latch inferred for signal `\top.\BoardY_BoardX_Life_DEFAULT_Yy_Xx_row_cnt_a1[13]' from process `\top.$proc$life_flat_gen.sv:0$105'.
No latch inferred for signal `\top.\BoardY_BoardX_Life_DEFAULT_Yy_Xx_row_cnt_a1[14]' from process `\top.$proc$life_flat_gen.sv:0$105'.
No latch inferred for signal `\top.\BoardY_BoardX_Life_DEFAULT_Yy_Xx_row_cnt_a1[15]' from process `\top.$proc$life_flat_gen.sv:0$105'.
No latch inferred for signal `\top.\BoardY_BoardX_Life_DEFAULT_Yy_Xx_row_cnt_a1[16]' from process `\top.$proc$life_flat_gen.sv:0$105'.
No latch inferred for signal `\top.\BoardY_BoardX_Life_DEFAULT_Yy_Xx_row_cnt_a1[17]' from process `\top.$proc$life_flat_gen.sv:0$105'.
No latch inferred for signal `\top.\BoardY_BoardX_Life_DEFAULT_Yy_Xx_row_cnt_a1[18]' from process `\top.$proc$life_flat_gen.sv:0$105'.
No latch inferred for signal `\top.\BoardY_BoardX_Life_DEFAULT_Yy_Xx_row_cnt_a1[19]' from process `\top.$proc$life_flat_gen.sv:0$105'.
No latch inferred for signal `\top.\BoardY_BoardX_Life_DEFAULT_Yy_Xx_row_cnt_a1[20]' from process `\top.$proc$life_flat_gen.sv:0$105'.
No latch inferred for signal `\top.\BoardY_BoardX_Life_DEFAULT_Yy_Xx_row_cnt_a1[21]' from process `\top.$proc$life_flat_gen.sv:0$105'.
No latch inferred for signal `\top.\BoardY_BoardX_Life_DEFAULT_Yy_Xx_row_cnt_a1[22]' from process `\top.$proc$life_flat_gen.sv:0$105'.
No latch inferred for signal `\top.\BoardY_BoardX_Life_DEFAULT_Yy_Xx_row_cnt_a1[23]' from process `\top.$proc$life_flat_gen.sv:0$105'.
No latch inferred for signal `\top.\BoardY_BoardX_Life_DEFAULT_Yy_Xx_row_cnt_a1[24]' from process `\top.$proc$life_flat_gen.sv:0$105'.
No latch inferred for signal `\top.\BoardY_BoardX_Life_DEFAULT_Yy_Xx_row_cnt_a1[25]' from process `\top.$proc$life_flat_gen.sv:0$105'.
No latch inferred for signal `\top.\BoardY_BoardX_Life_DEFAULT_Yy_Xx_row_cnt_a1[26]' from process `\top.$proc$life_flat_gen.sv:0$105'.
No latch inferred for signal `\top.\BoardY_BoardX_Life_DEFAULT_Yy_Xx_row_cnt_a1[27]' from process `\top.$proc$life_flat_gen.sv:0$105'.
No latch inferred for signal `\top.\BoardY_BoardX_Life_DEFAULT_Yy_Xx_row_cnt_a1[28]' from process `\top.$proc$life_flat_gen.sv:0$105'.
No latch inferred for signal `\top.\BoardY_BoardX_Life_DEFAULT_Yy_Xx_row_cnt_a1[29]' from process `\top.$proc$life_flat_gen.sv:0$105'.
No latch inferred for signal `\top.\BoardY_BoardX_Life_DEFAULT_Yy_Xx_row_cnt_a1[30]' from process `\top.$proc$life_flat_gen.sv:0$105'.
No latch inferred for signal `\top.\BoardY_BoardX_Life_DEFAULT_Yy_Xx_row_cnt_a1[31]' from process `\top.$proc$life_flat_gen.sv:0$105'.
No latch inferred for signal `\top.\BoardY_BoardX_Life_DEFAULT_Yy_Xx_row_cnt_a1[32]' from process `\top.$proc$life_flat_gen.sv:0$105'.
No latch inferred for signal `\top.\BoardY_BoardX_Life_DEFAULT_Yy_Xx_row_cnt_a1[33]' from process `\top.$proc$life_flat_gen.sv:0$105'.
No latch inferred for signal `\top.\BoardY_BoardX_Life_DEFAULT_Yy_Xx_row_cnt_a1[34]' from process `\top.$proc$life_flat_gen.sv:0$105'.
No latch inferred for signal `\top.\BoardY_BoardX_Life_DEFAULT_Yy_Xx_row_cnt_a1[35]' from process `\top.$proc$life_flat_gen.sv:0$105'.
No latch inferred for signal `\top.\BoardY_BoardX_Life_DEFAULT_Yy_Xx_row_cnt_a1[36]' from process `\top.$proc$life_flat_gen.sv:0$105'.
No latch inferred for signal `\top.\BoardY_BoardX_Life_DEFAULT_Yy_Xx_row_cnt_a1[37]' from process `\top.$proc$life_flat_gen.sv:0$105'.
No latch inferred for signal `\top.\BoardY_BoardX_Life_DEFAULT_Yy_Xx_row_cnt_a1[38]' from process `\top.$proc$life_flat_gen.sv:0$105'.
No latch inferred for signal `\top.\BoardY_BoardX_Life_DEFAULT_Yy_Xx_row_cnt_a1[39]' from process `\top.$proc$life_flat_gen.sv:0$105'.
No latch inferred for signal `\top.\BoardY_BoardX_Life_DEFAULT_Yy_Xx_row_cnt_a1[40]' from process `\top.$proc$life_flat_gen.sv:0$105'.
No latch inferred for signal `\top.\BoardY_BoardX_Life_DEFAULT_Yy_Xx_row_cnt_a1[41]' from process `\top.$proc$life_flat_gen.sv:0$105'.
No latch inferred for signal `\top.\BoardY_BoardX_Life_DEFAULT_Yy_Xx_row_cnt_a1[42]' from process `\top.$proc$life_flat_gen.sv:0$105'.
No latch inferred for signal `\top.\BoardY_BoardX_Life_DEFAULT_Yy_Xx_row_cnt_a1[43]' from process `\top.$proc$life_flat_gen.sv:0$105'.
No latch inferred for signal `\top.\BoardY_BoardX_Life_DEFAULT_Yy_Xx_row_cnt_a1[44]' from process `\top.$proc$life_flat_gen.sv:0$105'.
No latch inferred for signal `\top.\BoardY_BoardX_Life_DEFAULT_Yy_Xx_row_cnt_a1[45]' from process `\top.$proc$life_flat_gen.sv:0$105'.
No latch inferred for signal `\top.\BoardY_BoardX_Life_DEFAULT_Yy_Xx_row_cnt_a1[46]' from process `\top.$proc$life_flat_gen.sv:0$105'.
No latch inferred for signal `\top.\BoardY_BoardX_Life_DEFAULT_Yy_Xx_row_cnt_a1[47]' from process `\top.$proc$life_flat_gen.sv:0$105'.
No latch inferred for signal `\top.\BoardY_BoardX_Life_DEFAULT_Yy_Xx_row_cnt_a1[48]' from process `\top.$proc$life_flat_gen.sv:0$105'.
No latch inferred for signal `\top.\BoardY_BoardX_Life_DEFAULT_Yy_Xx_row_cnt_a1[49]' from process `\top.$proc$life_flat_gen.sv:0$105'.
No latch inferred for signal `\top.\BoardY_BoardX_Life_DEFAULT_Yy_Xx_row_cnt_a1[50]' from process `\top.$proc$life_flat_gen.sv:0$105'.
No latch inferred for signal `\top.\BoardY_BoardX_Life_DEFAULT_Yy_Xx_row_cnt_a1[51]' from process `\top.$proc$life_flat_gen.sv:0$105'.
No latch inferred for signal `\top.\BoardY_BoardX_Life_DEFAULT_Yy_Xx_row_cnt_a1[52]' from process `\top.$proc$life_flat_gen.sv:0$105'.
No latch inferred for signal `\top.\BoardY_BoardX_Life_DEFAULT_Yy_Xx_row_cnt_a1[53]' from process `\top.$proc$life_flat_gen.sv:0$105'.
No latch inferred for signal `\top.\BoardY_BoardX_Life_DEFAULT_Yy_Xx_row_cnt_a1[54]' from process `\top.$proc$life_flat_gen.sv:0$105'.
No latch inferred for signal `\top.\BoardY_BoardX_Life_DEFAULT_Yy_Xx_row_cnt_a1[55]' from process `\top.$proc$life_flat_gen.sv:0$105'.
No latch inferred for signal `\top.\BoardY_BoardX_Life_DEFAULT_Yy_Xx_row_cnt_a1[56]' from process `\top.$proc$life_flat_gen.sv:0$105'.
No latch inferred for signal `\top.\BoardY_BoardX_Life_DEFAULT_Yy_Xx_row_cnt_a1[57]' from process `\top.$proc$life_flat_gen.sv:0$105'.
No latch inferred for signal `\top.\BoardY_BoardX_Life_DEFAULT_Yy_Xx_row_cnt_a1[58]' from process `\top.$proc$life_flat_gen.sv:0$105'.
No latch inferred for signal `\top.\BoardY_BoardX_Life_DEFAULT_Yy_Xx_row_cnt_a1[59]' from process `\top.$proc$life_flat_gen.sv:0$105'.
No latch inferred for signal `\top.\BoardY_BoardX_Life_DEFAULT_Yy_Xx_row_cnt_a1[60]' from process `\top.$proc$life_flat_gen.sv:0$105'.
No latch inferred for signal `\top.\BoardY_BoardX_Life_DEFAULT_Yy_Xx_row_cnt_a1[61]' from process `\top.$proc$life_flat_gen.sv:0$105'.
No latch inferred for signal `\top.\BoardY_BoardX_Life_DEFAULT_Yy_Xx_row_cnt_a1[62]' from process `\top.$proc$life_flat_gen.sv:0$105'.
No latch inferred for signal `\top.\BoardY_BoardX_Life_DEFAULT_Yy_Xx_row_cnt_a1[63]' from process `\top.$proc$life_flat_gen.sv:0$105'.
No latch inferred for signal `\top.\BoardY_BoardX_Life_DEFAULT_Yy_Xx_row_cnt_a1[64]' from process `\top.$proc$life_flat_gen.sv:0$105'.
No latch inferred for signal `\top.\BoardY_BoardX_Life_DEFAULT_Yy_Xx_row_cnt_a1[65]' from process `\top.$proc$life_flat_gen.sv:0$105'.
No latch inferred for signal `\top.\BoardY_BoardX_Life_DEFAULT_Yy_Xx_row_cnt_a1[66]' from process `\top.$proc$life_flat_gen.sv:0$105'.
No latch inferred for signal `\top.\BoardY_BoardX_Life_DEFAULT_Yy_Xx_row_cnt_a1[67]' from process `\top.$proc$life_flat_gen.sv:0$105'.
No latch inferred for signal `\top.\BoardY_BoardX_Life_DEFAULT_Yy_Xx_row_cnt_a1[68]' from process `\top.$proc$life_flat_gen.sv:0$105'.
No latch inferred for signal `\top.\BoardY_BoardX_Life_DEFAULT_Yy_Xx_row_cnt_a1[69]' from process `\top.$proc$life_flat_gen.sv:0$105'.
No latch inferred for signal `\top.\BoardY_BoardX_Life_DEFAULT_Yy_Xx_row_cnt_a1[70]' from process `\top.$proc$life_flat_gen.sv:0$105'.
No latch inferred for signal `\top.\BoardY_BoardX_Life_DEFAULT_Yy_Xx_row_cnt_a1[71]' from process `\top.$proc$life_flat_gen.sv:0$105'.
No latch inferred for signal `\top.\BoardY_BoardX_Life_DEFAULT_Yy_Xx_row_cnt_a1[72]' from process `\top.$proc$life_flat_gen.sv:0$105'.
No latch inferred for signal `\top.\BoardY_BoardX_Life_DEFAULT_Yy_Xx_row_cnt_a1[73]' from process `\top.$proc$life_flat_gen.sv:0$105'.
No latch inferred for signal `\top.\BoardY_BoardX_Life_DEFAULT_Yy_Xx_row_cnt_a1[74]' from process `\top.$proc$life_flat_gen.sv:0$105'.
No latch inferred for signal `\top.\BoardY_BoardX_Life_DEFAULT_Yy_Xx_row_cnt_a1[75]' from process `\top.$proc$life_flat_gen.sv:0$105'.
No latch inferred for signal `\top.\BoardY_BoardX_Life_DEFAULT_Yy_Xx_row_cnt_a1[76]' from process `\top.$proc$life_flat_gen.sv:0$105'.
No latch inferred for signal `\top.\BoardY_BoardX_Life_DEFAULT_Yy_Xx_row_cnt_a1[77]' from process `\top.$proc$life_flat_gen.sv:0$105'.
No latch inferred for signal `\top.\BoardY_BoardX_Life_DEFAULT_Yy_Xx_row_cnt_a1[78]' from process `\top.$proc$life_flat_gen.sv:0$105'.
No latch inferred for signal `\top.\BoardY_BoardX_Life_DEFAULT_Yy_Xx_row_cnt_a1[79]' from process `\top.$proc$life_flat_gen.sv:0$105'.
No latch inferred for signal `\top.\BoardY_BoardX_Life_DEFAULT_Yy_Xx_row_cnt_a1[80]' from process `\top.$proc$life_flat_gen.sv:0$105'.
No latch inferred for signal `\top.\BoardY_BoardX_Life_DEFAULT_Yy_Xx_row_cnt_a1[81]' from process `\top.$proc$life_flat_gen.sv:0$105'.
No latch inferred for signal `\top.\BoardY_BoardX_Life_DEFAULT_Yy_Xx_row_cnt_a1[82]' from process `\top.$proc$life_flat_gen.sv:0$105'.
No latch inferred for signal `\top.\BoardY_BoardX_Life_DEFAULT_Yy_Xx_row_cnt_a1[83]' from process `\top.$proc$life_flat_gen.sv:0$105'.
No latch inferred for signal `\top.\BoardY_BoardX_Life_DEFAULT_Yy_Xx_row_cnt_a1[84]' from process `\top.$proc$life_flat_gen.sv:0$105'.
No latch inferred for signal `\top.\BoardY_BoardX_Life_DEFAULT_Yy_Xx_row_cnt_a1[85]' from process `\top.$proc$life_flat_gen.sv:0$105'.
No latch inferred for signal `\top.\BoardY_BoardX_Life_DEFAULT_Yy_Xx_row_cnt_a1[86]' from process `\top.$proc$life_flat_gen.sv:0$105'.
No latch inferred for signal `\top.\BoardY_BoardX_Life_DEFAULT_Yy_Xx_row_cnt_a1[87]' from process `\top.$proc$life_flat_gen.sv:0$105'.
No latch inferred for signal `\top.\BoardY_BoardX_Life_DEFAULT_Yy_Xx_row_cnt_a1[88]' from process `\top.$proc$life_flat_gen.sv:0$105'.
No latch inferred for signal `\top.\BoardY_BoardX_Life_DEFAULT_Yy_Xx_row_cnt_a1[89]' from process `\top.$proc$life_flat_gen.sv:0$105'.
No latch inferred for signal `\top.\BoardY_BoardX_Life_DEFAULT_Yy_Xx_row_cnt_a1[90]' from process `\top.$proc$life_flat_gen.sv:0$105'.
No latch inferred for signal `\top.\BoardY_BoardX_Life_DEFAULT_Yy_Xx_row_cnt_a1[91]' from process `\top.$proc$life_flat_gen.sv:0$105'.
No latch inferred for signal `\top.\BoardY_BoardX_Life_DEFAULT_Yy_Xx_row_cnt_a1[92]' from process `\top.$proc$life_flat_gen.sv:0$105'.
No latch inferred for signal `\top.\BoardY_BoardX_Life_DEFAULT_Yy_Xx_row_cnt_a1[93]' from process `\top.$proc$life_flat_gen.sv:0$105'.
No latch inferred for signal `\top.\BoardY_BoardX_Life_DEFAULT_Yy_Xx_row_cnt_a1[94]' from process `\top.$proc$life_flat_gen.sv:0$105'.
No latch inferred for signal `\top.\BoardY_BoardX_Life_DEFAULT_Yy_Xx_row_cnt_a1[95]' from process `\top.$proc$life_flat_gen.sv:0$105'.
No latch inferred for signal `\top.\BoardY_BoardX_Life_DEFAULT_Yy_Xx_row_cnt_a1[96]' from process `\top.$proc$life_flat_gen.sv:0$105'.
No latch inferred for signal `\top.\BoardY_BoardX_Life_DEFAULT_Yy_Xx_row_cnt_a1[97]' from process `\top.$proc$life_flat_gen.sv:0$105'.
No latch inferred for signal `\top.\BoardY_BoardX_Life_DEFAULT_Yy_Xx_row_cnt_a1[98]' from process `\top.$proc$life_flat_gen.sv:0$105'.
No latch inferred for signal `\top.\BoardY_BoardX_Life_DEFAULT_Yy_Xx_row_cnt_a1[99]' from process `\top.$proc$life_flat_gen.sv:0$105'.
No latch inferred for signal `\top.\BoardY_BoardX_Life_DEFAULT_Yy_Xx_cnt_a1[0]' from process `\top.$proc$life_flat_gen.sv:0$105'.
No latch inferred for signal `\top.\BoardY_BoardX_Life_DEFAULT_Yy_Xx_cnt_a1[1]' from process `\top.$proc$life_flat_gen.sv:0$105'.
No latch inferred for signal `\top.\BoardY_BoardX_Life_DEFAULT_Yy_Xx_cnt_a1[2]' from process `\top.$proc$life_flat_gen.sv:0$105'.
No latch inferred for signal `\top.\BoardY_BoardX_Life_DEFAULT_Yy_Xx_cnt_a1[3]' from process `\top.$proc$life_flat_gen.sv:0$105'.
No latch inferred for signal `\top.\BoardY_BoardX_Life_DEFAULT_Yy_Xx_cnt_a1[4]' from process `\top.$proc$life_flat_gen.sv:0$105'.
No latch inferred for signal `\top.\BoardY_BoardX_Life_DEFAULT_Yy_Xx_cnt_a1[5]' from process `\top.$proc$life_flat_gen.sv:0$105'.
No latch inferred for signal `\top.\BoardY_BoardX_Life_DEFAULT_Yy_Xx_cnt_a1[6]' from process `\top.$proc$life_flat_gen.sv:0$105'.
No latch inferred for signal `\top.\BoardY_BoardX_Life_DEFAULT_Yy_Xx_cnt_a1[7]' from process `\top.$proc$life_flat_gen.sv:0$105'.
No latch inferred for signal `\top.\BoardY_BoardX_Life_DEFAULT_Yy_Xx_cnt_a1[8]' from process `\top.$proc$life_flat_gen.sv:0$105'.
No latch inferred for signal `\top.\BoardY_BoardX_Life_DEFAULT_Yy_Xx_cnt_a1[9]' from process `\top.$proc$life_flat_gen.sv:0$105'.
No latch inferred for signal `\top.\BoardY_BoardX_Life_DEFAULT_Yy_Xx_cnt_a1[10]' from process `\top.$proc$life_flat_gen.sv:0$105'.
No latch inferred for signal `\top.\BoardY_BoardX_Life_DEFAULT_Yy_Xx_cnt_a1[11]' from process `\top.$proc$life_flat_gen.sv:0$105'.
No latch inferred for signal `\top.\BoardY_BoardX_Life_DEFAULT_Yy_Xx_cnt_a1[12]' from process `\top.$proc$life_flat_gen.sv:0$105'.
No latch inferred for signal `\top.\BoardY_BoardX_Life_DEFAULT_Yy_Xx_cnt_a1[13]' from process `\top.$proc$life_flat_gen.sv:0$105'.
No latch inferred for signal `\top.\BoardY_BoardX_Life_DEFAULT_Yy_Xx_cnt_a1[14]' from process `\top.$proc$life_flat_gen.sv:0$105'.
No latch inferred for signal `\top.\BoardY_BoardX_Life_DEFAULT_Yy_Xx_cnt_a1[15]' from process `\top.$proc$life_flat_gen.sv:0$105'.
No latch inferred for signal `\top.\BoardY_BoardX_Life_DEFAULT_Yy_Xx_cnt_a1[16]' from process `\top.$proc$life_flat_gen.sv:0$105'.
No latch inferred for signal `\top.\BoardY_BoardX_Life_DEFAULT_Yy_Xx_cnt_a1[17]' from process `\top.$proc$life_flat_gen.sv:0$105'.
No latch inferred for signal `\top.\BoardY_BoardX_Life_DEFAULT_Yy_Xx_cnt_a1[18]' from process `\top.$proc$life_flat_gen.sv:0$105'.
No latch inferred for signal `\top.\BoardY_BoardX_Life_DEFAULT_Yy_Xx_cnt_a1[19]' from process `\top.$proc$life_flat_gen.sv:0$105'.
No latch inferred for signal `\top.\BoardY_BoardX_Life_DEFAULT_Yy_Xx_cnt_a1[20]' from process `\top.$proc$life_flat_gen.sv:0$105'.
No latch inferred for signal `\top.\BoardY_BoardX_Life_DEFAULT_Yy_Xx_cnt_a1[21]' from process `\top.$proc$life_flat_gen.sv:0$105'.
No latch inferred for signal `\top.\BoardY_BoardX_Life_DEFAULT_Yy_Xx_cnt_a1[22]' from process `\top.$proc$life_flat_gen.sv:0$105'.
No latch inferred for signal `\top.\BoardY_BoardX_Life_DEFAULT_Yy_Xx_cnt_a1[23]' from process `\top.$proc$life_flat_gen.sv:0$105'.
No latch inferred for signal `\top.\BoardY_BoardX_Life_DEFAULT_Yy_Xx_cnt_a1[24]' from process `\top.$proc$life_flat_gen.sv:0$105'.
No latch inferred for signal `\top.\BoardY_BoardX_Life_DEFAULT_Yy_Xx_cnt_a1[25]' from process `\top.$proc$life_flat_gen.sv:0$105'.
No latch inferred for signal `\top.\BoardY_BoardX_Life_DEFAULT_Yy_Xx_cnt_a1[26]' from process `\top.$proc$life_flat_gen.sv:0$105'.
No latch inferred for signal `\top.\BoardY_BoardX_Life_DEFAULT_Yy_Xx_cnt_a1[27]' from process `\top.$proc$life_flat_gen.sv:0$105'.
No latch inferred for signal `\top.\BoardY_BoardX_Life_DEFAULT_Yy_Xx_cnt_a1[28]' from process `\top.$proc$life_flat_gen.sv:0$105'.
No latch inferred for signal `\top.\BoardY_BoardX_Life_DEFAULT_Yy_Xx_cnt_a1[29]' from process `\top.$proc$life_flat_gen.sv:0$105'.
No latch inferred for signal `\top.\BoardY_BoardX_Life_DEFAULT_Yy_Xx_cnt_a1[30]' from process `\top.$proc$life_flat_gen.sv:0$105'.
No latch inferred for signal `\top.\BoardY_BoardX_Life_DEFAULT_Yy_Xx_cnt_a1[31]' from process `\top.$proc$life_flat_gen.sv:0$105'.
No latch inferred for signal `\top.\BoardY_BoardX_Life_DEFAULT_Yy_Xx_cnt_a1[32]' from process `\top.$proc$life_flat_gen.sv:0$105'.
No latch inferred for signal `\top.\BoardY_BoardX_Life_DEFAULT_Yy_Xx_cnt_a1[33]' from process `\top.$proc$life_flat_gen.sv:0$105'.
No latch inferred for signal `\top.\BoardY_BoardX_Life_DEFAULT_Yy_Xx_cnt_a1[34]' from process `\top.$proc$life_flat_gen.sv:0$105'.
No latch inferred for signal `\top.\BoardY_BoardX_Life_DEFAULT_Yy_Xx_cnt_a1[35]' from process `\top.$proc$life_flat_gen.sv:0$105'.
No latch inferred for signal `\top.\BoardY_BoardX_Life_DEFAULT_Yy_Xx_cnt_a1[36]' from process `\top.$proc$life_flat_gen.sv:0$105'.
No latch inferred for signal `\top.\BoardY_BoardX_Life_DEFAULT_Yy_Xx_cnt_a1[37]' from process `\top.$proc$life_flat_gen.sv:0$105'.
No latch inferred for signal `\top.\BoardY_BoardX_Life_DEFAULT_Yy_Xx_cnt_a1[38]' from process `\top.$proc$life_flat_gen.sv:0$105'.
No latch inferred for signal `\top.\BoardY_BoardX_Life_DEFAULT_Yy_Xx_cnt_a1[39]' from process `\top.$proc$life_flat_gen.sv:0$105'.
No latch inferred for signal `\top.\BoardY_BoardX_Life_DEFAULT_Yy_Xx_cnt_a1[40]' from process `\top.$proc$life_flat_gen.sv:0$105'.
No latch inferred for signal `\top.\BoardY_BoardX_Life_DEFAULT_Yy_Xx_cnt_a1[41]' from process `\top.$proc$life_flat_gen.sv:0$105'.
No latch inferred for signal `\top.\BoardY_BoardX_Life_DEFAULT_Yy_Xx_cnt_a1[42]' from process `\top.$proc$life_flat_gen.sv:0$105'.
No latch inferred for signal `\top.\BoardY_BoardX_Life_DEFAULT_Yy_Xx_cnt_a1[43]' from process `\top.$proc$life_flat_gen.sv:0$105'.
No latch inferred for signal `\top.\BoardY_BoardX_Life_DEFAULT_Yy_Xx_cnt_a1[44]' from process `\top.$proc$life_flat_gen.sv:0$105'.
No latch inferred for signal `\top.\BoardY_BoardX_Life_DEFAULT_Yy_Xx_cnt_a1[45]' from process `\top.$proc$life_flat_gen.sv:0$105'.
No latch inferred for signal `\top.\BoardY_BoardX_Life_DEFAULT_Yy_Xx_cnt_a1[46]' from process `\top.$proc$life_flat_gen.sv:0$105'.
No latch inferred for signal `\top.\BoardY_BoardX_Life_DEFAULT_Yy_Xx_cnt_a1[47]' from process `\top.$proc$life_flat_gen.sv:0$105'.
No latch inferred for signal `\top.\BoardY_BoardX_Life_DEFAULT_Yy_Xx_cnt_a1[48]' from process `\top.$proc$life_flat_gen.sv:0$105'.
No latch inferred for signal `\top.\BoardY_BoardX_Life_DEFAULT_Yy_Xx_cnt_a1[49]' from process `\top.$proc$life_flat_gen.sv:0$105'.
No latch inferred for signal `\top.\BoardY_BoardX_Life_DEFAULT_Yy_Xx_cnt_a1[50]' from process `\top.$proc$life_flat_gen.sv:0$105'.
No latch inferred for signal `\top.\BoardY_BoardX_Life_DEFAULT_Yy_Xx_cnt_a1[51]' from process `\top.$proc$life_flat_gen.sv:0$105'.
No latch inferred for signal `\top.\BoardY_BoardX_Life_DEFAULT_Yy_Xx_cnt_a1[52]' from process `\top.$proc$life_flat_gen.sv:0$105'.
No latch inferred for signal `\top.\BoardY_BoardX_Life_DEFAULT_Yy_Xx_cnt_a1[53]' from process `\top.$proc$life_flat_gen.sv:0$105'.
No latch inferred for signal `\top.\BoardY_BoardX_Life_DEFAULT_Yy_Xx_cnt_a1[54]' from process `\top.$proc$life_flat_gen.sv:0$105'.
No latch inferred for signal `\top.\BoardY_BoardX_Life_DEFAULT_Yy_Xx_cnt_a1[55]' from process `\top.$proc$life_flat_gen.sv:0$105'.
No latch inferred for signal `\top.\BoardY_BoardX_Life_DEFAULT_Yy_Xx_cnt_a1[56]' from process `\top.$proc$life_flat_gen.sv:0$105'.
No latch inferred for signal `\top.\BoardY_BoardX_Life_DEFAULT_Yy_Xx_cnt_a1[57]' from process `\top.$proc$life_flat_gen.sv:0$105'.
No latch inferred for signal `\top.\BoardY_BoardX_Life_DEFAULT_Yy_Xx_cnt_a1[58]' from process `\top.$proc$life_flat_gen.sv:0$105'.
No latch inferred for signal `\top.\BoardY_BoardX_Life_DEFAULT_Yy_Xx_cnt_a1[59]' from process `\top.$proc$life_flat_gen.sv:0$105'.
No latch inferred for signal `\top.\BoardY_BoardX_Life_DEFAULT_Yy_Xx_cnt_a1[60]' from process `\top.$proc$life_flat_gen.sv:0$105'.
No latch inferred for signal `\top.\BoardY_BoardX_Life_DEFAULT_Yy_Xx_cnt_a1[61]' from process `\top.$proc$life_flat_gen.sv:0$105'.
No latch inferred for signal `\top.\BoardY_BoardX_Life_DEFAULT_Yy_Xx_cnt_a1[62]' from process `\top.$proc$life_flat_gen.sv:0$105'.
No latch inferred for signal `\top.\BoardY_BoardX_Life_DEFAULT_Yy_Xx_cnt_a1[63]' from process `\top.$proc$life_flat_gen.sv:0$105'.
No latch inferred for signal `\top.\BoardY_BoardX_Life_DEFAULT_Yy_Xx_cnt_a1[64]' from process `\top.$proc$life_flat_gen.sv:0$105'.
No latch inferred for signal `\top.\BoardY_BoardX_Life_DEFAULT_Yy_Xx_cnt_a1[65]' from process `\top.$proc$life_flat_gen.sv:0$105'.
No latch inferred for signal `\top.\BoardY_BoardX_Life_DEFAULT_Yy_Xx_cnt_a1[66]' from process `\top.$proc$life_flat_gen.sv:0$105'.
No latch inferred for signal `\top.\BoardY_BoardX_Life_DEFAULT_Yy_Xx_cnt_a1[67]' from process `\top.$proc$life_flat_gen.sv:0$105'.
No latch inferred for signal `\top.\BoardY_BoardX_Life_DEFAULT_Yy_Xx_cnt_a1[68]' from process `\top.$proc$life_flat_gen.sv:0$105'.
No latch inferred for signal `\top.\BoardY_BoardX_Life_DEFAULT_Yy_Xx_cnt_a1[69]' from process `\top.$proc$life_flat_gen.sv:0$105'.
No latch inferred for signal `\top.\BoardY_BoardX_Life_DEFAULT_Yy_Xx_cnt_a1[70]' from process `\top.$proc$life_flat_gen.sv:0$105'.
No latch inferred for signal `\top.\BoardY_BoardX_Life_DEFAULT_Yy_Xx_cnt_a1[71]' from process `\top.$proc$life_flat_gen.sv:0$105'.
No latch inferred for signal `\top.\BoardY_BoardX_Life_DEFAULT_Yy_Xx_cnt_a1[72]' from process `\top.$proc$life_flat_gen.sv:0$105'.
No latch inferred for signal `\top.\BoardY_BoardX_Life_DEFAULT_Yy_Xx_cnt_a1[73]' from process `\top.$proc$life_flat_gen.sv:0$105'.
No latch inferred for signal `\top.\BoardY_BoardX_Life_DEFAULT_Yy_Xx_cnt_a1[74]' from process `\top.$proc$life_flat_gen.sv:0$105'.
No latch inferred for signal `\top.\BoardY_BoardX_Life_DEFAULT_Yy_Xx_cnt_a1[75]' from process `\top.$proc$life_flat_gen.sv:0$105'.
No latch inferred for signal `\top.\BoardY_BoardX_Life_DEFAULT_Yy_Xx_cnt_a1[76]' from process `\top.$proc$life_flat_gen.sv:0$105'.
No latch inferred for signal `\top.\BoardY_BoardX_Life_DEFAULT_Yy_Xx_cnt_a1[77]' from process `\top.$proc$life_flat_gen.sv:0$105'.
No latch inferred for signal `\top.\BoardY_BoardX_Life_DEFAULT_Yy_Xx_cnt_a1[78]' from process `\top.$proc$life_flat_gen.sv:0$105'.
No latch inferred for signal `\top.\BoardY_BoardX_Life_DEFAULT_Yy_Xx_cnt_a1[79]' from process `\top.$proc$life_flat_gen.sv:0$105'.
No latch inferred for signal `\top.\BoardY_BoardX_Life_DEFAULT_Yy_Xx_cnt_a1[80]' from process `\top.$proc$life_flat_gen.sv:0$105'.
No latch inferred for signal `\top.\BoardY_BoardX_Life_DEFAULT_Yy_Xx_cnt_a1[81]' from process `\top.$proc$life_flat_gen.sv:0$105'.
No latch inferred for signal `\top.\BoardY_BoardX_Life_DEFAULT_Yy_Xx_cnt_a1[82]' from process `\top.$proc$life_flat_gen.sv:0$105'.
No latch inferred for signal `\top.\BoardY_BoardX_Life_DEFAULT_Yy_Xx_cnt_a1[83]' from process `\top.$proc$life_flat_gen.sv:0$105'.
No latch inferred for signal `\top.\BoardY_BoardX_Life_DEFAULT_Yy_Xx_cnt_a1[84]' from process `\top.$proc$life_flat_gen.sv:0$105'.
No latch inferred for signal `\top.\BoardY_BoardX_Life_DEFAULT_Yy_Xx_cnt_a1[85]' from process `\top.$proc$life_flat_gen.sv:0$105'.
No latch inferred for signal `\top.\BoardY_BoardX_Life_DEFAULT_Yy_Xx_cnt_a1[86]' from process `\top.$proc$life_flat_gen.sv:0$105'.
No latch inferred for signal `\top.\BoardY_BoardX_Life_DEFAULT_Yy_Xx_cnt_a1[87]' from process `\top.$proc$life_flat_gen.sv:0$105'.
No latch inferred for signal `\top.\BoardY_BoardX_Life_DEFAULT_Yy_Xx_cnt_a1[88]' from process `\top.$proc$life_flat_gen.sv:0$105'.
No latch inferred for signal `\top.\BoardY_BoardX_Life_DEFAULT_Yy_Xx_cnt_a1[89]' from process `\top.$proc$life_flat_gen.sv:0$105'.
No latch inferred for signal `\top.\BoardY_BoardX_Life_DEFAULT_Yy_Xx_cnt_a1[90]' from process `\top.$proc$life_flat_gen.sv:0$105'.
No latch inferred for signal `\top.\BoardY_BoardX_Life_DEFAULT_Yy_Xx_cnt_a1[91]' from process `\top.$proc$life_flat_gen.sv:0$105'.
No latch inferred for signal `\top.\BoardY_BoardX_Life_DEFAULT_Yy_Xx_cnt_a1[92]' from process `\top.$proc$life_flat_gen.sv:0$105'.
No latch inferred for signal `\top.\BoardY_BoardX_Life_DEFAULT_Yy_Xx_cnt_a1[93]' from process `\top.$proc$life_flat_gen.sv:0$105'.
No latch inferred for signal `\top.\BoardY_BoardX_Life_DEFAULT_Yy_Xx_cnt_a1[94]' from process `\top.$proc$life_flat_gen.sv:0$105'.
No latch inferred for signal `\top.\BoardY_BoardX_Life_DEFAULT_Yy_Xx_cnt_a1[95]' from process `\top.$proc$life_flat_gen.sv:0$105'.
No latch inferred for signal `\top.\BoardY_BoardX_Life_DEFAULT_Yy_Xx_cnt_a1[96]' from process `\top.$proc$life_flat_gen.sv:0$105'.
No latch inferred for signal `\top.\BoardY_BoardX_Life_DEFAULT_Yy_Xx_cnt_a1[97]' from process `\top.$proc$life_flat_gen.sv:0$105'.
No latch inferred for signal `\top.\BoardY_BoardX_Life_DEFAULT_Yy_Xx_cnt_a1[98]' from process `\top.$proc$life_flat_gen.sv:0$105'.
No latch inferred for signal `\top.\BoardY_BoardX_Life_DEFAULT_Yy_Xx_cnt_a1[99]' from process `\top.$proc$life_flat_gen.sv:0$105'.
No latch inferred for signal `\top.\BoardY_BoardX_Life_DEFAULT_Yy_Xx_init_alive_a1[0]' from process `\top.$proc$life_flat_gen.sv:0$105'.
No latch inferred for signal `\top.\BoardY_BoardX_Life_DEFAULT_Yy_Xx_init_alive_a1[1]' from process `\top.$proc$life_flat_gen.sv:0$105'.
No latch inferred for signal `\top.\BoardY_BoardX_Life_DEFAULT_Yy_Xx_init_alive_a1[2]' from process `\top.$proc$life_flat_gen.sv:0$105'.
No latch inferred for signal `\top.\BoardY_BoardX_Life_DEFAULT_Yy_Xx_init_alive_a1[3]' from process `\top.$proc$life_flat_gen.sv:0$105'.
No latch inferred for signal `\top.\BoardY_BoardX_Life_DEFAULT_Yy_Xx_init_alive_a1[4]' from process `\top.$proc$life_flat_gen.sv:0$105'.
No latch inferred for signal `\top.\BoardY_BoardX_Life_DEFAULT_Yy_Xx_init_alive_a1[5]' from process `\top.$proc$life_flat_gen.sv:0$105'.
No latch inferred for signal `\top.\BoardY_BoardX_Life_DEFAULT_Yy_Xx_init_alive_a1[6]' from process `\top.$proc$life_flat_gen.sv:0$105'.
No latch inferred for signal `\top.\BoardY_BoardX_Life_DEFAULT_Yy_Xx_init_alive_a1[7]' from process `\top.$proc$life_flat_gen.sv:0$105'.
No latch inferred for signal `\top.\BoardY_BoardX_Life_DEFAULT_Yy_Xx_init_alive_a1[8]' from process `\top.$proc$life_flat_gen.sv:0$105'.
No latch inferred for signal `\top.\BoardY_BoardX_Life_DEFAULT_Yy_Xx_init_alive_a1[9]' from process `\top.$proc$life_flat_gen.sv:0$105'.
No latch inferred for signal `\top.\BoardY_BoardX_Life_DEFAULT_Yy_Xx_init_alive_a1[10]' from process `\top.$proc$life_flat_gen.sv:0$105'.
No latch inferred for signal `\top.\BoardY_BoardX_Life_DEFAULT_Yy_Xx_init_alive_a1[11]' from process `\top.$proc$life_flat_gen.sv:0$105'.
No latch inferred for signal `\top.\BoardY_BoardX_Life_DEFAULT_Yy_Xx_init_alive_a1[12]' from process `\top.$proc$life_flat_gen.sv:0$105'.
No latch inferred for signal `\top.\BoardY_BoardX_Life_DEFAULT_Yy_Xx_init_alive_a1[13]' from process `\top.$proc$life_flat_gen.sv:0$105'.
No latch inferred for signal `\top.\BoardY_BoardX_Life_DEFAULT_Yy_Xx_init_alive_a1[14]' from process `\top.$proc$life_flat_gen.sv:0$105'.
No latch inferred for signal `\top.\BoardY_BoardX_Life_DEFAULT_Yy_Xx_init_alive_a1[15]' from process `\top.$proc$life_flat_gen.sv:0$105'.
No latch inferred for signal `\top.\BoardY_BoardX_Life_DEFAULT_Yy_Xx_init_alive_a1[16]' from process `\top.$proc$life_flat_gen.sv:0$105'.
No latch inferred for signal `\top.\BoardY_BoardX_Life_DEFAULT_Yy_Xx_init_alive_a1[17]' from process `\top.$proc$life_flat_gen.sv:0$105'.
No latch inferred for signal `\top.\BoardY_BoardX_Life_DEFAULT_Yy_Xx_init_alive_a1[18]' from process `\top.$proc$life_flat_gen.sv:0$105'.
No latch inferred for signal `\top.\BoardY_BoardX_Life_DEFAULT_Yy_Xx_init_alive_a1[19]' from process `\top.$proc$life_flat_gen.sv:0$105'.
No latch inferred for signal `\top.\BoardY_BoardX_Life_DEFAULT_Yy_Xx_init_alive_a1[20]' from process `\top.$proc$life_flat_gen.sv:0$105'.
No latch inferred for signal `\top.\BoardY_BoardX_Life_DEFAULT_Yy_Xx_init_alive_a1[21]' from process `\top.$proc$life_flat_gen.sv:0$105'.
No latch inferred for signal `\top.\BoardY_BoardX_Life_DEFAULT_Yy_Xx_init_alive_a1[22]' from process `\top.$proc$life_flat_gen.sv:0$105'.
No latch inferred for signal `\top.\BoardY_BoardX_Life_DEFAULT_Yy_Xx_init_alive_a1[23]' from process `\top.$proc$life_flat_gen.sv:0$105'.
No latch inferred for signal `\top.\BoardY_BoardX_Life_DEFAULT_Yy_Xx_init_alive_a1[24]' from process `\top.$proc$life_flat_gen.sv:0$105'.
No latch inferred for signal `\top.\BoardY_BoardX_Life_DEFAULT_Yy_Xx_init_alive_a1[25]' from process `\top.$proc$life_flat_gen.sv:0$105'.
No latch inferred for signal `\top.\BoardY_BoardX_Life_DEFAULT_Yy_Xx_init_alive_a1[26]' from process `\top.$proc$life_flat_gen.sv:0$105'.
No latch inferred for signal `\top.\BoardY_BoardX_Life_DEFAULT_Yy_Xx_init_alive_a1[27]' from process `\top.$proc$life_flat_gen.sv:0$105'.
No latch inferred for signal `\top.\BoardY_BoardX_Life_DEFAULT_Yy_Xx_init_alive_a1[28]' from process `\top.$proc$life_flat_gen.sv:0$105'.
No latch inferred for signal `\top.\BoardY_BoardX_Life_DEFAULT_Yy_Xx_init_alive_a1[29]' from process `\top.$proc$life_flat_gen.sv:0$105'.
No latch inferred for signal `\top.\BoardY_BoardX_Life_DEFAULT_Yy_Xx_init_alive_a1[30]' from process `\top.$proc$life_flat_gen.sv:0$105'.
No latch inferred for signal `\top.\BoardY_BoardX_Life_DEFAULT_Yy_Xx_init_alive_a1[31]' from process `\top.$proc$life_flat_gen.sv:0$105'.
No latch inferred for signal `\top.\BoardY_BoardX_Life_DEFAULT_Yy_Xx_init_alive_a1[32]' from process `\top.$proc$life_flat_gen.sv:0$105'.
No latch inferred for signal `\top.\BoardY_BoardX_Life_DEFAULT_Yy_Xx_init_alive_a1[33]' from process `\top.$proc$life_flat_gen.sv:0$105'.
No latch inferred for signal `\top.\BoardY_BoardX_Life_DEFAULT_Yy_Xx_init_alive_a1[34]' from process `\top.$proc$life_flat_gen.sv:0$105'.
No latch inferred for signal `\top.\BoardY_BoardX_Life_DEFAULT_Yy_Xx_init_alive_a1[35]' from process `\top.$proc$life_flat_gen.sv:0$105'.
No latch inferred for signal `\top.\BoardY_BoardX_Life_DEFAULT_Yy_Xx_init_alive_a1[36]' from process `\top.$proc$life_flat_gen.sv:0$105'.
No latch inferred for signal `\top.\BoardY_BoardX_Life_DEFAULT_Yy_Xx_init_alive_a1[37]' from process `\top.$proc$life_flat_gen.sv:0$105'.
No latch inferred for signal `\top.\BoardY_BoardX_Life_DEFAULT_Yy_Xx_init_alive_a1[38]' from process `\top.$proc$life_flat_gen.sv:0$105'.
No latch inferred for signal `\top.\BoardY_BoardX_Life_DEFAULT_Yy_Xx_init_alive_a1[39]' from process `\top.$proc$life_flat_gen.sv:0$105'.
No latch inferred for signal `\top.\BoardY_BoardX_Life_DEFAULT_Yy_Xx_init_alive_a1[40]' from process `\top.$proc$life_flat_gen.sv:0$105'.
No latch inferred for signal `\top.\BoardY_BoardX_Life_DEFAULT_Yy_Xx_init_alive_a1[41]' from process `\top.$proc$life_flat_gen.sv:0$105'.
No latch inferred for signal `\top.\BoardY_BoardX_Life_DEFAULT_Yy_Xx_init_alive_a1[42]' from process `\top.$proc$life_flat_gen.sv:0$105'.
No latch inferred for signal `\top.\BoardY_BoardX_Life_DEFAULT_Yy_Xx_init_alive_a1[43]' from process `\top.$proc$life_flat_gen.sv:0$105'.
No latch inferred for signal `\top.\BoardY_BoardX_Life_DEFAULT_Yy_Xx_init_alive_a1[44]' from process `\top.$proc$life_flat_gen.sv:0$105'.
No latch inferred for signal `\top.\BoardY_BoardX_Life_DEFAULT_Yy_Xx_init_alive_a1[45]' from process `\top.$proc$life_flat_gen.sv:0$105'.
No latch inferred for signal `\top.\BoardY_BoardX_Life_DEFAULT_Yy_Xx_init_alive_a1[46]' from process `\top.$proc$life_flat_gen.sv:0$105'.
No latch inferred for signal `\top.\BoardY_BoardX_Life_DEFAULT_Yy_Xx_init_alive_a1[47]' from process `\top.$proc$life_flat_gen.sv:0$105'.
No latch inferred for signal `\top.\BoardY_BoardX_Life_DEFAULT_Yy_Xx_init_alive_a1[48]' from process `\top.$proc$life_flat_gen.sv:0$105'.
No latch inferred for signal `\top.\BoardY_BoardX_Life_DEFAULT_Yy_Xx_init_alive_a1[49]' from process `\top.$proc$life_flat_gen.sv:0$105'.
No latch inferred for signal `\top.\BoardY_BoardX_Life_DEFAULT_Yy_Xx_init_alive_a1[50]' from process `\top.$proc$life_flat_gen.sv:0$105'.
No latch inferred for signal `\top.\BoardY_BoardX_Life_DEFAULT_Yy_Xx_init_alive_a1[51]' from process `\top.$proc$life_flat_gen.sv:0$105'.
No latch inferred for signal `\top.\BoardY_BoardX_Life_DEFAULT_Yy_Xx_init_alive_a1[52]' from process `\top.$proc$life_flat_gen.sv:0$105'.
No latch inferred for signal `\top.\BoardY_BoardX_Life_DEFAULT_Yy_Xx_init_alive_a1[53]' from process `\top.$proc$life_flat_gen.sv:0$105'.
No latch inferred for signal `\top.\BoardY_BoardX_Life_DEFAULT_Yy_Xx_init_alive_a1[54]' from process `\top.$proc$life_flat_gen.sv:0$105'.
No latch inferred for signal `\top.\BoardY_BoardX_Life_DEFAULT_Yy_Xx_init_alive_a1[55]' from process `\top.$proc$life_flat_gen.sv:0$105'.
No latch inferred for signal `\top.\BoardY_BoardX_Life_DEFAULT_Yy_Xx_init_alive_a1[56]' from process `\top.$proc$life_flat_gen.sv:0$105'.
No latch inferred for signal `\top.\BoardY_BoardX_Life_DEFAULT_Yy_Xx_init_alive_a1[57]' from process `\top.$proc$life_flat_gen.sv:0$105'.
No latch inferred for signal `\top.\BoardY_BoardX_Life_DEFAULT_Yy_Xx_init_alive_a1[58]' from process `\top.$proc$life_flat_gen.sv:0$105'.
No latch inferred for signal `\top.\BoardY_BoardX_Life_DEFAULT_Yy_Xx_init_alive_a1[59]' from process `\top.$proc$life_flat_gen.sv:0$105'.
No latch inferred for signal `\top.\BoardY_BoardX_Life_DEFAULT_Yy_Xx_init_alive_a1[60]' from process `\top.$proc$life_flat_gen.sv:0$105'.
No latch inferred for signal `\top.\BoardY_BoardX_Life_DEFAULT_Yy_Xx_init_alive_a1[61]' from process `\top.$proc$life_flat_gen.sv:0$105'.
No latch inferred for signal `\top.\BoardY_BoardX_Life_DEFAULT_Yy_Xx_init_alive_a1[62]' from process `\top.$proc$life_flat_gen.sv:0$105'.
No latch inferred for signal `\top.\BoardY_BoardX_Life_DEFAULT_Yy_Xx_init_alive_a1[63]' from process `\top.$proc$life_flat_gen.sv:0$105'.
No latch inferred for signal `\top.\BoardY_BoardX_Life_DEFAULT_Yy_Xx_init_alive_a1[64]' from process `\top.$proc$life_flat_gen.sv:0$105'.
No latch inferred for signal `\top.\BoardY_BoardX_Life_DEFAULT_Yy_Xx_init_alive_a1[65]' from process `\top.$proc$life_flat_gen.sv:0$105'.
No latch inferred for signal `\top.\BoardY_BoardX_Life_DEFAULT_Yy_Xx_init_alive_a1[66]' from process `\top.$proc$life_flat_gen.sv:0$105'.
No latch inferred for signal `\top.\BoardY_BoardX_Life_DEFAULT_Yy_Xx_init_alive_a1[67]' from process `\top.$proc$life_flat_gen.sv:0$105'.
No latch inferred for signal `\top.\BoardY_BoardX_Life_DEFAULT_Yy_Xx_init_alive_a1[68]' from process `\top.$proc$life_flat_gen.sv:0$105'.
No latch inferred for signal `\top.\BoardY_BoardX_Life_DEFAULT_Yy_Xx_init_alive_a1[69]' from process `\top.$proc$life_flat_gen.sv:0$105'.
No latch inferred for signal `\top.\BoardY_BoardX_Life_DEFAULT_Yy_Xx_init_alive_a1[70]' from process `\top.$proc$life_flat_gen.sv:0$105'.
No latch inferred for signal `\top.\BoardY_BoardX_Life_DEFAULT_Yy_Xx_init_alive_a1[71]' from process `\top.$proc$life_flat_gen.sv:0$105'.
No latch inferred for signal `\top.\BoardY_BoardX_Life_DEFAULT_Yy_Xx_init_alive_a1[72]' from process `\top.$proc$life_flat_gen.sv:0$105'.
No latch inferred for signal `\top.\BoardY_BoardX_Life_DEFAULT_Yy_Xx_init_alive_a1[73]' from process `\top.$proc$life_flat_gen.sv:0$105'.
No latch inferred for signal `\top.\BoardY_BoardX_Life_DEFAULT_Yy_Xx_init_alive_a1[74]' from process `\top.$proc$life_flat_gen.sv:0$105'.
No latch inferred for signal `\top.\BoardY_BoardX_Life_DEFAULT_Yy_Xx_init_alive_a1[75]' from process `\top.$proc$life_flat_gen.sv:0$105'.
No latch inferred for signal `\top.\BoardY_BoardX_Life_DEFAULT_Yy_Xx_init_alive_a1[76]' from process `\top.$proc$life_flat_gen.sv:0$105'.
No latch inferred for signal `\top.\BoardY_BoardX_Life_DEFAULT_Yy_Xx_init_alive_a1[77]' from process `\top.$proc$life_flat_gen.sv:0$105'.
No latch inferred for signal `\top.\BoardY_BoardX_Life_DEFAULT_Yy_Xx_init_alive_a1[78]' from process `\top.$proc$life_flat_gen.sv:0$105'.
No latch inferred for signal `\top.\BoardY_BoardX_Life_DEFAULT_Yy_Xx_init_alive_a1[79]' from process `\top.$proc$life_flat_gen.sv:0$105'.
No latch inferred for signal `\top.\BoardY_BoardX_Life_DEFAULT_Yy_Xx_init_alive_a1[80]' from process `\top.$proc$life_flat_gen.sv:0$105'.
No latch inferred for signal `\top.\BoardY_BoardX_Life_DEFAULT_Yy_Xx_init_alive_a1[81]' from process `\top.$proc$life_flat_gen.sv:0$105'.
No latch inferred for signal `\top.\BoardY_BoardX_Life_DEFAULT_Yy_Xx_init_alive_a1[82]' from process `\top.$proc$life_flat_gen.sv:0$105'.
No latch inferred for signal `\top.\BoardY_BoardX_Life_DEFAULT_Yy_Xx_init_alive_a1[83]' from process `\top.$proc$life_flat_gen.sv:0$105'.
No latch inferred for signal `\top.\BoardY_BoardX_Life_DEFAULT_Yy_Xx_init_alive_a1[84]' from process `\top.$proc$life_flat_gen.sv:0$105'.
No latch inferred for signal `\top.\BoardY_BoardX_Life_DEFAULT_Yy_Xx_init_alive_a1[85]' from process `\top.$proc$life_flat_gen.sv:0$105'.
No latch inferred for signal `\top.\BoardY_BoardX_Life_DEFAULT_Yy_Xx_init_alive_a1[86]' from process `\top.$proc$life_flat_gen.sv:0$105'.
No latch inferred for signal `\top.\BoardY_BoardX_Life_DEFAULT_Yy_Xx_init_alive_a1[87]' from process `\top.$proc$life_flat_gen.sv:0$105'.
No latch inferred for signal `\top.\BoardY_BoardX_Life_DEFAULT_Yy_Xx_init_alive_a1[88]' from process `\top.$proc$life_flat_gen.sv:0$105'.
No latch inferred for signal `\top.\BoardY_BoardX_Life_DEFAULT_Yy_Xx_init_alive_a1[89]' from process `\top.$proc$life_flat_gen.sv:0$105'.
No latch inferred for signal `\top.\BoardY_BoardX_Life_DEFAULT_Yy_Xx_init_alive_a1[90]' from process `\top.$proc$life_flat_gen.sv:0$105'.
No latch inferred for signal `\top.\BoardY_BoardX_Life_DEFAULT_Yy_Xx_init_alive_a1[91]' from process `\top.$proc$life_flat_gen.sv:0$105'.
No latch inferred for signal `\top.\BoardY_BoardX_Life_DEFAULT_Yy_Xx_init_alive_a1[92]' from process `\top.$proc$life_flat_gen.sv:0$105'.
No latch inferred for signal `\top.\BoardY_BoardX_Life_DEFAULT_Yy_Xx_init_alive_a1[93]' from process `\top.$proc$life_flat_gen.sv:0$105'.
No latch inferred for signal `\top.\BoardY_BoardX_Life_DEFAULT_Yy_Xx_init_alive_a1[94]' from process `\top.$proc$life_flat_gen.sv:0$105'.
No latch inferred for signal `\top.\BoardY_BoardX_Life_DEFAULT_Yy_Xx_init_alive_a1[95]' from process `\top.$proc$life_flat_gen.sv:0$105'.
No latch inferred for signal `\top.\BoardY_BoardX_Life_DEFAULT_Yy_Xx_init_alive_a1[96]' from process `\top.$proc$life_flat_gen.sv:0$105'.
No latch inferred for signal `\top.\BoardY_BoardX_Life_DEFAULT_Yy_Xx_init_alive_a1[97]' from process `\top.$proc$life_flat_gen.sv:0$105'.
No latch inferred for signal `\top.\BoardY_BoardX_Life_DEFAULT_Yy_Xx_init_alive_a1[98]' from process `\top.$proc$life_flat_gen.sv:0$105'.
No latch inferred for signal `\top.\BoardY_BoardX_Life_DEFAULT_Yy_Xx_init_alive_a1[99]' from process `\top.$proc$life_flat_gen.sv:0$105'.
No latch inferred for signal `\top.\BoardY_BoardX_Life_DEFAULT_Yy_Xx_alive_a1[0]' from process `\top.$proc$life_flat_gen.sv:0$105'.
No latch inferred for signal `\top.\BoardY_BoardX_Life_DEFAULT_Yy_Xx_alive_a1[1]' from process `\top.$proc$life_flat_gen.sv:0$105'.
No latch inferred for signal `\top.\BoardY_BoardX_Life_DEFAULT_Yy_Xx_alive_a1[2]' from process `\top.$proc$life_flat_gen.sv:0$105'.
No latch inferred for signal `\top.\BoardY_BoardX_Life_DEFAULT_Yy_Xx_alive_a1[3]' from process `\top.$proc$life_flat_gen.sv:0$105'.
No latch inferred for signal `\top.\BoardY_BoardX_Life_DEFAULT_Yy_Xx_alive_a1[4]' from process `\top.$proc$life_flat_gen.sv:0$105'.
No latch inferred for signal `\top.\BoardY_BoardX_Life_DEFAULT_Yy_Xx_alive_a1[5]' from process `\top.$proc$life_flat_gen.sv:0$105'.
No latch inferred for signal `\top.\BoardY_BoardX_Life_DEFAULT_Yy_Xx_alive_a1[6]' from process `\top.$proc$life_flat_gen.sv:0$105'.
No latch inferred for signal `\top.\BoardY_BoardX_Life_DEFAULT_Yy_Xx_alive_a1[7]' from process `\top.$proc$life_flat_gen.sv:0$105'.
No latch inferred for signal `\top.\BoardY_BoardX_Life_DEFAULT_Yy_Xx_alive_a1[8]' from process `\top.$proc$life_flat_gen.sv:0$105'.
No latch inferred for signal `\top.\BoardY_BoardX_Life_DEFAULT_Yy_Xx_alive_a1[9]' from process `\top.$proc$life_flat_gen.sv:0$105'.
No latch inferred for signal `\top.\BoardY_BoardX_Life_DEFAULT_Yy_Xx_alive_a1[10]' from process `\top.$proc$life_flat_gen.sv:0$105'.
No latch inferred for signal `\top.\BoardY_BoardX_Life_DEFAULT_Yy_Xx_alive_a1[11]' from process `\top.$proc$life_flat_gen.sv:0$105'.
No latch inferred for signal `\top.\BoardY_BoardX_Life_DEFAULT_Yy_Xx_alive_a1[12]' from process `\top.$proc$life_flat_gen.sv:0$105'.
No latch inferred for signal `\top.\BoardY_BoardX_Life_DEFAULT_Yy_Xx_alive_a1[13]' from process `\top.$proc$life_flat_gen.sv:0$105'.
No latch inferred for signal `\top.\BoardY_BoardX_Life_DEFAULT_Yy_Xx_alive_a1[14]' from process `\top.$proc$life_flat_gen.sv:0$105'.
No latch inferred for signal `\top.\BoardY_BoardX_Life_DEFAULT_Yy_Xx_alive_a1[15]' from process `\top.$proc$life_flat_gen.sv:0$105'.
No latch inferred for signal `\top.\BoardY_BoardX_Life_DEFAULT_Yy_Xx_alive_a1[16]' from process `\top.$proc$life_flat_gen.sv:0$105'.
No latch inferred for signal `\top.\BoardY_BoardX_Life_DEFAULT_Yy_Xx_alive_a1[17]' from process `\top.$proc$life_flat_gen.sv:0$105'.
No latch inferred for signal `\top.\BoardY_BoardX_Life_DEFAULT_Yy_Xx_alive_a1[18]' from process `\top.$proc$life_flat_gen.sv:0$105'.
No latch inferred for signal `\top.\BoardY_BoardX_Life_DEFAULT_Yy_Xx_alive_a1[19]' from process `\top.$proc$life_flat_gen.sv:0$105'.
No latch inferred for signal `\top.\BoardY_BoardX_Life_DEFAULT_Yy_Xx_alive_a1[20]' from process `\top.$proc$life_flat_gen.sv:0$105'.
No latch inferred for signal `\top.\BoardY_BoardX_Life_DEFAULT_Yy_Xx_alive_a1[21]' from process `\top.$proc$life_flat_gen.sv:0$105'.
No latch inferred for signal `\top.\BoardY_BoardX_Life_DEFAULT_Yy_Xx_alive_a1[22]' from process `\top.$proc$life_flat_gen.sv:0$105'.
No latch inferred for signal `\top.\BoardY_BoardX_Life_DEFAULT_Yy_Xx_alive_a1[23]' from process `\top.$proc$life_flat_gen.sv:0$105'.
No latch inferred for signal `\top.\BoardY_BoardX_Life_DEFAULT_Yy_Xx_alive_a1[24]' from process `\top.$proc$life_flat_gen.sv:0$105'.
No latch inferred for signal `\top.\BoardY_BoardX_Life_DEFAULT_Yy_Xx_alive_a1[25]' from process `\top.$proc$life_flat_gen.sv:0$105'.
No latch inferred for signal `\top.\BoardY_BoardX_Life_DEFAULT_Yy_Xx_alive_a1[26]' from process `\top.$proc$life_flat_gen.sv:0$105'.
No latch inferred for signal `\top.\BoardY_BoardX_Life_DEFAULT_Yy_Xx_alive_a1[27]' from process `\top.$proc$life_flat_gen.sv:0$105'.
No latch inferred for signal `\top.\BoardY_BoardX_Life_DEFAULT_Yy_Xx_alive_a1[28]' from process `\top.$proc$life_flat_gen.sv:0$105'.
No latch inferred for signal `\top.\BoardY_BoardX_Life_DEFAULT_Yy_Xx_alive_a1[29]' from process `\top.$proc$life_flat_gen.sv:0$105'.
No latch inferred for signal `\top.\BoardY_BoardX_Life_DEFAULT_Yy_Xx_alive_a1[30]' from process `\top.$proc$life_flat_gen.sv:0$105'.
No latch inferred for signal `\top.\BoardY_BoardX_Life_DEFAULT_Yy_Xx_alive_a1[31]' from process `\top.$proc$life_flat_gen.sv:0$105'.
No latch inferred for signal `\top.\BoardY_BoardX_Life_DEFAULT_Yy_Xx_alive_a1[32]' from process `\top.$proc$life_flat_gen.sv:0$105'.
No latch inferred for signal `\top.\BoardY_BoardX_Life_DEFAULT_Yy_Xx_alive_a1[33]' from process `\top.$proc$life_flat_gen.sv:0$105'.
No latch inferred for signal `\top.\BoardY_BoardX_Life_DEFAULT_Yy_Xx_alive_a1[34]' from process `\top.$proc$life_flat_gen.sv:0$105'.
No latch inferred for signal `\top.\BoardY_BoardX_Life_DEFAULT_Yy_Xx_alive_a1[35]' from process `\top.$proc$life_flat_gen.sv:0$105'.
No latch inferred for signal `\top.\BoardY_BoardX_Life_DEFAULT_Yy_Xx_alive_a1[36]' from process `\top.$proc$life_flat_gen.sv:0$105'.
No latch inferred for signal `\top.\BoardY_BoardX_Life_DEFAULT_Yy_Xx_alive_a1[37]' from process `\top.$proc$life_flat_gen.sv:0$105'.
No latch inferred for signal `\top.\BoardY_BoardX_Life_DEFAULT_Yy_Xx_alive_a1[38]' from process `\top.$proc$life_flat_gen.sv:0$105'.
No latch inferred for signal `\top.\BoardY_BoardX_Life_DEFAULT_Yy_Xx_alive_a1[39]' from process `\top.$proc$life_flat_gen.sv:0$105'.
No latch inferred for signal `\top.\BoardY_BoardX_Life_DEFAULT_Yy_Xx_alive_a1[40]' from process `\top.$proc$life_flat_gen.sv:0$105'.
No latch inferred for signal `\top.\BoardY_BoardX_Life_DEFAULT_Yy_Xx_alive_a1[41]' from process `\top.$proc$life_flat_gen.sv:0$105'.
No latch inferred for signal `\top.\BoardY_BoardX_Life_DEFAULT_Yy_Xx_alive_a1[42]' from process `\top.$proc$life_flat_gen.sv:0$105'.
No latch inferred for signal `\top.\BoardY_BoardX_Life_DEFAULT_Yy_Xx_alive_a1[43]' from process `\top.$proc$life_flat_gen.sv:0$105'.
No latch inferred for signal `\top.\BoardY_BoardX_Life_DEFAULT_Yy_Xx_alive_a1[44]' from process `\top.$proc$life_flat_gen.sv:0$105'.
No latch inferred for signal `\top.\BoardY_BoardX_Life_DEFAULT_Yy_Xx_alive_a1[45]' from process `\top.$proc$life_flat_gen.sv:0$105'.
No latch inferred for signal `\top.\BoardY_BoardX_Life_DEFAULT_Yy_Xx_alive_a1[46]' from process `\top.$proc$life_flat_gen.sv:0$105'.
No latch inferred for signal `\top.\BoardY_BoardX_Life_DEFAULT_Yy_Xx_alive_a1[47]' from process `\top.$proc$life_flat_gen.sv:0$105'.
No latch inferred for signal `\top.\BoardY_BoardX_Life_DEFAULT_Yy_Xx_alive_a1[48]' from process `\top.$proc$life_flat_gen.sv:0$105'.
No latch inferred for signal `\top.\BoardY_BoardX_Life_DEFAULT_Yy_Xx_alive_a1[49]' from process `\top.$proc$life_flat_gen.sv:0$105'.
No latch inferred for signal `\top.\BoardY_BoardX_Life_DEFAULT_Yy_Xx_alive_a1[50]' from process `\top.$proc$life_flat_gen.sv:0$105'.
No latch inferred for signal `\top.\BoardY_BoardX_Life_DEFAULT_Yy_Xx_alive_a1[51]' from process `\top.$proc$life_flat_gen.sv:0$105'.
No latch inferred for signal `\top.\BoardY_BoardX_Life_DEFAULT_Yy_Xx_alive_a1[52]' from process `\top.$proc$life_flat_gen.sv:0$105'.
No latch inferred for signal `\top.\BoardY_BoardX_Life_DEFAULT_Yy_Xx_alive_a1[53]' from process `\top.$proc$life_flat_gen.sv:0$105'.
No latch inferred for signal `\top.\BoardY_BoardX_Life_DEFAULT_Yy_Xx_alive_a1[54]' from process `\top.$proc$life_flat_gen.sv:0$105'.
No latch inferred for signal `\top.\BoardY_BoardX_Life_DEFAULT_Yy_Xx_alive_a1[55]' from process `\top.$proc$life_flat_gen.sv:0$105'.
No latch inferred for signal `\top.\BoardY_BoardX_Life_DEFAULT_Yy_Xx_alive_a1[56]' from process `\top.$proc$life_flat_gen.sv:0$105'.
No latch inferred for signal `\top.\BoardY_BoardX_Life_DEFAULT_Yy_Xx_alive_a1[57]' from process `\top.$proc$life_flat_gen.sv:0$105'.
No latch inferred for signal `\top.\BoardY_BoardX_Life_DEFAULT_Yy_Xx_alive_a1[58]' from process `\top.$proc$life_flat_gen.sv:0$105'.
No latch inferred for signal `\top.\BoardY_BoardX_Life_DEFAULT_Yy_Xx_alive_a1[59]' from process `\top.$proc$life_flat_gen.sv:0$105'.
No latch inferred for signal `\top.\BoardY_BoardX_Life_DEFAULT_Yy_Xx_alive_a1[60]' from process `\top.$proc$life_flat_gen.sv:0$105'.
No latch inferred for signal `\top.\BoardY_BoardX_Life_DEFAULT_Yy_Xx_alive_a1[61]' from process `\top.$proc$life_flat_gen.sv:0$105'.
No latch inferred for signal `\top.\BoardY_BoardX_Life_DEFAULT_Yy_Xx_alive_a1[62]' from process `\top.$proc$life_flat_gen.sv:0$105'.
No latch inferred for signal `\top.\BoardY_BoardX_Life_DEFAULT_Yy_Xx_alive_a1[63]' from process `\top.$proc$life_flat_gen.sv:0$105'.
No latch inferred for signal `\top.\BoardY_BoardX_Life_DEFAULT_Yy_Xx_alive_a1[64]' from process `\top.$proc$life_flat_gen.sv:0$105'.
No latch inferred for signal `\top.\BoardY_BoardX_Life_DEFAULT_Yy_Xx_alive_a1[65]' from process `\top.$proc$life_flat_gen.sv:0$105'.
No latch inferred for signal `\top.\BoardY_BoardX_Life_DEFAULT_Yy_Xx_alive_a1[66]' from process `\top.$proc$life_flat_gen.sv:0$105'.
No latch inferred for signal `\top.\BoardY_BoardX_Life_DEFAULT_Yy_Xx_alive_a1[67]' from process `\top.$proc$life_flat_gen.sv:0$105'.
No latch inferred for signal `\top.\BoardY_BoardX_Life_DEFAULT_Yy_Xx_alive_a1[68]' from process `\top.$proc$life_flat_gen.sv:0$105'.
No latch inferred for signal `\top.\BoardY_BoardX_Life_DEFAULT_Yy_Xx_alive_a1[69]' from process `\top.$proc$life_flat_gen.sv:0$105'.
No latch inferred for signal `\top.\BoardY_BoardX_Life_DEFAULT_Yy_Xx_alive_a1[70]' from process `\top.$proc$life_flat_gen.sv:0$105'.
No latch inferred for signal `\top.\BoardY_BoardX_Life_DEFAULT_Yy_Xx_alive_a1[71]' from process `\top.$proc$life_flat_gen.sv:0$105'.
No latch inferred for signal `\top.\BoardY_BoardX_Life_DEFAULT_Yy_Xx_alive_a1[72]' from process `\top.$proc$life_flat_gen.sv:0$105'.
No latch inferred for signal `\top.\BoardY_BoardX_Life_DEFAULT_Yy_Xx_alive_a1[73]' from process `\top.$proc$life_flat_gen.sv:0$105'.
No latch inferred for signal `\top.\BoardY_BoardX_Life_DEFAULT_Yy_Xx_alive_a1[74]' from process `\top.$proc$life_flat_gen.sv:0$105'.
No latch inferred for signal `\top.\BoardY_BoardX_Life_DEFAULT_Yy_Xx_alive_a1[75]' from process `\top.$proc$life_flat_gen.sv:0$105'.
No latch inferred for signal `\top.\BoardY_BoardX_Life_DEFAULT_Yy_Xx_alive_a1[76]' from process `\top.$proc$life_flat_gen.sv:0$105'.
No latch inferred for signal `\top.\BoardY_BoardX_Life_DEFAULT_Yy_Xx_alive_a1[77]' from process `\top.$proc$life_flat_gen.sv:0$105'.
No latch inferred for signal `\top.\BoardY_BoardX_Life_DEFAULT_Yy_Xx_alive_a1[78]' from process `\top.$proc$life_flat_gen.sv:0$105'.
No latch inferred for signal `\top.\BoardY_BoardX_Life_DEFAULT_Yy_Xx_alive_a1[79]' from process `\top.$proc$life_flat_gen.sv:0$105'.
No latch inferred for signal `\top.\BoardY_BoardX_Life_DEFAULT_Yy_Xx_alive_a1[80]' from process `\top.$proc$life_flat_gen.sv:0$105'.
No latch inferred for signal `\top.\BoardY_BoardX_Life_DEFAULT_Yy_Xx_alive_a1[81]' from process `\top.$proc$life_flat_gen.sv:0$105'.
No latch inferred for signal `\top.\BoardY_BoardX_Life_DEFAULT_Yy_Xx_alive_a1[82]' from process `\top.$proc$life_flat_gen.sv:0$105'.
No latch inferred for signal `\top.\BoardY_BoardX_Life_DEFAULT_Yy_Xx_alive_a1[83]' from process `\top.$proc$life_flat_gen.sv:0$105'.
No latch inferred for signal `\top.\BoardY_BoardX_Life_DEFAULT_Yy_Xx_alive_a1[84]' from process `\top.$proc$life_flat_gen.sv:0$105'.
No latch inferred for signal `\top.\BoardY_BoardX_Life_DEFAULT_Yy_Xx_alive_a1[85]' from process `\top.$proc$life_flat_gen.sv:0$105'.
No latch inferred for signal `\top.\BoardY_BoardX_Life_DEFAULT_Yy_Xx_alive_a1[86]' from process `\top.$proc$life_flat_gen.sv:0$105'.
No latch inferred for signal `\top.\BoardY_BoardX_Life_DEFAULT_Yy_Xx_alive_a1[87]' from process `\top.$proc$life_flat_gen.sv:0$105'.
No latch inferred for signal `\top.\BoardY_BoardX_Life_DEFAULT_Yy_Xx_alive_a1[88]' from process `\top.$proc$life_flat_gen.sv:0$105'.
No latch inferred for signal `\top.\BoardY_BoardX_Life_DEFAULT_Yy_Xx_alive_a1[89]' from process `\top.$proc$life_flat_gen.sv:0$105'.
No latch inferred for signal `\top.\BoardY_BoardX_Life_DEFAULT_Yy_Xx_alive_a1[90]' from process `\top.$proc$life_flat_gen.sv:0$105'.
No latch inferred for signal `\top.\BoardY_BoardX_Life_DEFAULT_Yy_Xx_alive_a1[91]' from process `\top.$proc$life_flat_gen.sv:0$105'.
No latch inferred for signal `\top.\BoardY_BoardX_Life_DEFAULT_Yy_Xx_alive_a1[92]' from process `\top.$proc$life_flat_gen.sv:0$105'.
No latch inferred for signal `\top.\BoardY_BoardX_Life_DEFAULT_Yy_Xx_alive_a1[93]' from process `\top.$proc$life_flat_gen.sv:0$105'.
No latch inferred for signal `\top.\BoardY_BoardX_Life_DEFAULT_Yy_Xx_alive_a1[94]' from process `\top.$proc$life_flat_gen.sv:0$105'.
No latch inferred for signal `\top.\BoardY_BoardX_Life_DEFAULT_Yy_Xx_alive_a1[95]' from process `\top.$proc$life_flat_gen.sv:0$105'.
No latch inferred for signal `\top.\BoardY_BoardX_Life_DEFAULT_Yy_Xx_alive_a1[96]' from process `\top.$proc$life_flat_gen.sv:0$105'.
No latch inferred for signal `\top.\BoardY_BoardX_Life_DEFAULT_Yy_Xx_alive_a1[97]' from process `\top.$proc$life_flat_gen.sv:0$105'.
No latch inferred for signal `\top.\BoardY_BoardX_Life_DEFAULT_Yy_Xx_alive_a1[98]' from process `\top.$proc$life_flat_gen.sv:0$105'.
No latch inferred for signal `\top.\BoardY_BoardX_Life_DEFAULT_Yy_Xx_alive_a1[99]' from process `\top.$proc$life_flat_gen.sv:0$105'.
No latch inferred for signal `\top.\BoardY_BoardX_Life_DEFAULT_Tb_Yy_Xx_right_alive_accum_a2[0]' from process `\top.$proc$life_flat_gen.sv:0$105'.
No latch inferred for signal `\top.\BoardY_BoardX_Life_DEFAULT_Tb_Yy_Xx_right_alive_accum_a2[1]' from process `\top.$proc$life_flat_gen.sv:0$105'.
No latch inferred for signal `\top.\BoardY_BoardX_Life_DEFAULT_Tb_Yy_Xx_right_alive_accum_a2[2]' from process `\top.$proc$life_flat_gen.sv:0$105'.
No latch inferred for signal `\top.\BoardY_BoardX_Life_DEFAULT_Tb_Yy_Xx_right_alive_accum_a2[3]' from process `\top.$proc$life_flat_gen.sv:0$105'.
No latch inferred for signal `\top.\BoardY_BoardX_Life_DEFAULT_Tb_Yy_Xx_right_alive_accum_a2[4]' from process `\top.$proc$life_flat_gen.sv:0$105'.
No latch inferred for signal `\top.\BoardY_BoardX_Life_DEFAULT_Tb_Yy_Xx_right_alive_accum_a2[5]' from process `\top.$proc$life_flat_gen.sv:0$105'.
No latch inferred for signal `\top.\BoardY_BoardX_Life_DEFAULT_Tb_Yy_Xx_right_alive_accum_a2[6]' from process `\top.$proc$life_flat_gen.sv:0$105'.
No latch inferred for signal `\top.\BoardY_BoardX_Life_DEFAULT_Tb_Yy_Xx_right_alive_accum_a2[7]' from process `\top.$proc$life_flat_gen.sv:0$105'.
No latch inferred for signal `\top.\BoardY_BoardX_Life_DEFAULT_Tb_Yy_Xx_right_alive_accum_a2[8]' from process `\top.$proc$life_flat_gen.sv:0$105'.
No latch inferred for signal `\top.\BoardY_BoardX_Life_DEFAULT_Tb_Yy_Xx_right_alive_accum_a2[9]' from process `\top.$proc$life_flat_gen.sv:0$105'.
No latch inferred for signal `\top.\BoardY_BoardX_Life_DEFAULT_Tb_Yy_Xx_right_alive_accum_a2[10]' from process `\top.$proc$life_flat_gen.sv:0$105'.
No latch inferred for signal `\top.\BoardY_BoardX_Life_DEFAULT_Tb_Yy_Xx_right_alive_accum_a2[11]' from process `\top.$proc$life_flat_gen.sv:0$105'.
No latch inferred for signal `\top.\BoardY_BoardX_Life_DEFAULT_Tb_Yy_Xx_right_alive_accum_a2[12]' from process `\top.$proc$life_flat_gen.sv:0$105'.
No latch inferred for signal `\top.\BoardY_BoardX_Life_DEFAULT_Tb_Yy_Xx_right_alive_accum_a2[13]' from process `\top.$proc$life_flat_gen.sv:0$105'.
No latch inferred for signal `\top.\BoardY_BoardX_Life_DEFAULT_Tb_Yy_Xx_right_alive_accum_a2[14]' from process `\top.$proc$life_flat_gen.sv:0$105'.
No latch inferred for signal `\top.\BoardY_BoardX_Life_DEFAULT_Tb_Yy_Xx_right_alive_accum_a2[15]' from process `\top.$proc$life_flat_gen.sv:0$105'.
No latch inferred for signal `\top.\BoardY_BoardX_Life_DEFAULT_Tb_Yy_Xx_right_alive_accum_a2[16]' from process `\top.$proc$life_flat_gen.sv:0$105'.
No latch inferred for signal `\top.\BoardY_BoardX_Life_DEFAULT_Tb_Yy_Xx_right_alive_accum_a2[17]' from process `\top.$proc$life_flat_gen.sv:0$105'.
No latch inferred for signal `\top.\BoardY_BoardX_Life_DEFAULT_Tb_Yy_Xx_right_alive_accum_a2[18]' from process `\top.$proc$life_flat_gen.sv:0$105'.
No latch inferred for signal `\top.\BoardY_BoardX_Life_DEFAULT_Tb_Yy_Xx_right_alive_accum_a2[19]' from process `\top.$proc$life_flat_gen.sv:0$105'.
No latch inferred for signal `\top.\BoardY_BoardX_Life_DEFAULT_Tb_Yy_Xx_right_alive_accum_a2[20]' from process `\top.$proc$life_flat_gen.sv:0$105'.
No latch inferred for signal `\top.\BoardY_BoardX_Life_DEFAULT_Tb_Yy_Xx_right_alive_accum_a2[21]' from process `\top.$proc$life_flat_gen.sv:0$105'.
No latch inferred for signal `\top.\BoardY_BoardX_Life_DEFAULT_Tb_Yy_Xx_right_alive_accum_a2[22]' from process `\top.$proc$life_flat_gen.sv:0$105'.
No latch inferred for signal `\top.\BoardY_BoardX_Life_DEFAULT_Tb_Yy_Xx_right_alive_accum_a2[23]' from process `\top.$proc$life_flat_gen.sv:0$105'.
No latch inferred for signal `\top.\BoardY_BoardX_Life_DEFAULT_Tb_Yy_Xx_right_alive_accum_a2[24]' from process `\top.$proc$life_flat_gen.sv:0$105'.
No latch inferred for signal `\top.\BoardY_BoardX_Life_DEFAULT_Tb_Yy_Xx_right_alive_accum_a2[25]' from process `\top.$proc$life_flat_gen.sv:0$105'.
No latch inferred for signal `\top.\BoardY_BoardX_Life_DEFAULT_Tb_Yy_Xx_right_alive_accum_a2[26]' from process `\top.$proc$life_flat_gen.sv:0$105'.
No latch inferred for signal `\top.\BoardY_BoardX_Life_DEFAULT_Tb_Yy_Xx_right_alive_accum_a2[27]' from process `\top.$proc$life_flat_gen.sv:0$105'.
No latch inferred for signal `\top.\BoardY_BoardX_Life_DEFAULT_Tb_Yy_Xx_right_alive_accum_a2[28]' from process `\top.$proc$life_flat_gen.sv:0$105'.
No latch inferred for signal `\top.\BoardY_BoardX_Life_DEFAULT_Tb_Yy_Xx_right_alive_accum_a2[29]' from process `\top.$proc$life_flat_gen.sv:0$105'.
No latch inferred for signal `\top.\BoardY_BoardX_Life_DEFAULT_Tb_Yy_Xx_right_alive_accum_a2[30]' from process `\top.$proc$life_flat_gen.sv:0$105'.
No latch inferred for signal `\top.\BoardY_BoardX_Life_DEFAULT_Tb_Yy_Xx_right_alive_accum_a2[31]' from process `\top.$proc$life_flat_gen.sv:0$105'.
No latch inferred for signal `\top.\BoardY_BoardX_Life_DEFAULT_Tb_Yy_Xx_right_alive_accum_a2[32]' from process `\top.$proc$life_flat_gen.sv:0$105'.
No latch inferred for signal `\top.\BoardY_BoardX_Life_DEFAULT_Tb_Yy_Xx_right_alive_accum_a2[33]' from process `\top.$proc$life_flat_gen.sv:0$105'.
No latch inferred for signal `\top.\BoardY_BoardX_Life_DEFAULT_Tb_Yy_Xx_right_alive_accum_a2[34]' from process `\top.$proc$life_flat_gen.sv:0$105'.
No latch inferred for signal `\top.\BoardY_BoardX_Life_DEFAULT_Tb_Yy_Xx_right_alive_accum_a2[35]' from process `\top.$proc$life_flat_gen.sv:0$105'.
No latch inferred for signal `\top.\BoardY_BoardX_Life_DEFAULT_Tb_Yy_Xx_right_alive_accum_a2[36]' from process `\top.$proc$life_flat_gen.sv:0$105'.
No latch inferred for signal `\top.\BoardY_BoardX_Life_DEFAULT_Tb_Yy_Xx_right_alive_accum_a2[37]' from process `\top.$proc$life_flat_gen.sv:0$105'.
No latch inferred for signal `\top.\BoardY_BoardX_Life_DEFAULT_Tb_Yy_Xx_right_alive_accum_a2[38]' from process `\top.$proc$life_flat_gen.sv:0$105'.
No latch inferred for signal `\top.\BoardY_BoardX_Life_DEFAULT_Tb_Yy_Xx_right_alive_accum_a2[39]' from process `\top.$proc$life_flat_gen.sv:0$105'.
No latch inferred for signal `\top.\BoardY_BoardX_Life_DEFAULT_Tb_Yy_Xx_right_alive_accum_a2[40]' from process `\top.$proc$life_flat_gen.sv:0$105'.
No latch inferred for signal `\top.\BoardY_BoardX_Life_DEFAULT_Tb_Yy_Xx_right_alive_accum_a2[41]' from process `\top.$proc$life_flat_gen.sv:0$105'.
No latch inferred for signal `\top.\BoardY_BoardX_Life_DEFAULT_Tb_Yy_Xx_right_alive_accum_a2[42]' from process `\top.$proc$life_flat_gen.sv:0$105'.
No latch inferred for signal `\top.\BoardY_BoardX_Life_DEFAULT_Tb_Yy_Xx_right_alive_accum_a2[43]' from process `\top.$proc$life_flat_gen.sv:0$105'.
No latch inferred for signal `\top.\BoardY_BoardX_Life_DEFAULT_Tb_Yy_Xx_right_alive_accum_a2[44]' from process `\top.$proc$life_flat_gen.sv:0$105'.
No latch inferred for signal `\top.\BoardY_BoardX_Life_DEFAULT_Tb_Yy_Xx_right_alive_accum_a2[45]' from process `\top.$proc$life_flat_gen.sv:0$105'.
No latch inferred for signal `\top.\BoardY_BoardX_Life_DEFAULT_Tb_Yy_Xx_right_alive_accum_a2[46]' from process `\top.$proc$life_flat_gen.sv:0$105'.
No latch inferred for signal `\top.\BoardY_BoardX_Life_DEFAULT_Tb_Yy_Xx_right_alive_accum_a2[47]' from process `\top.$proc$life_flat_gen.sv:0$105'.
No latch inferred for signal `\top.\BoardY_BoardX_Life_DEFAULT_Tb_Yy_Xx_right_alive_accum_a2[48]' from process `\top.$proc$life_flat_gen.sv:0$105'.
No latch inferred for signal `\top.\BoardY_BoardX_Life_DEFAULT_Tb_Yy_Xx_right_alive_accum_a2[49]' from process `\top.$proc$life_flat_gen.sv:0$105'.
No latch inferred for signal `\top.\BoardY_BoardX_Life_DEFAULT_Tb_Yy_Xx_right_alive_accum_a2[50]' from process `\top.$proc$life_flat_gen.sv:0$105'.
No latch inferred for signal `\top.\BoardY_BoardX_Life_DEFAULT_Tb_Yy_Xx_right_alive_accum_a2[51]' from process `\top.$proc$life_flat_gen.sv:0$105'.
No latch inferred for signal `\top.\BoardY_BoardX_Life_DEFAULT_Tb_Yy_Xx_right_alive_accum_a2[52]' from process `\top.$proc$life_flat_gen.sv:0$105'.
No latch inferred for signal `\top.\BoardY_BoardX_Life_DEFAULT_Tb_Yy_Xx_right_alive_accum_a2[53]' from process `\top.$proc$life_flat_gen.sv:0$105'.
No latch inferred for signal `\top.\BoardY_BoardX_Life_DEFAULT_Tb_Yy_Xx_right_alive_accum_a2[54]' from process `\top.$proc$life_flat_gen.sv:0$105'.
No latch inferred for signal `\top.\BoardY_BoardX_Life_DEFAULT_Tb_Yy_Xx_right_alive_accum_a2[55]' from process `\top.$proc$life_flat_gen.sv:0$105'.
No latch inferred for signal `\top.\BoardY_BoardX_Life_DEFAULT_Tb_Yy_Xx_right_alive_accum_a2[56]' from process `\top.$proc$life_flat_gen.sv:0$105'.
No latch inferred for signal `\top.\BoardY_BoardX_Life_DEFAULT_Tb_Yy_Xx_right_alive_accum_a2[57]' from process `\top.$proc$life_flat_gen.sv:0$105'.
No latch inferred for signal `\top.\BoardY_BoardX_Life_DEFAULT_Tb_Yy_Xx_right_alive_accum_a2[58]' from process `\top.$proc$life_flat_gen.sv:0$105'.
No latch inferred for signal `\top.\BoardY_BoardX_Life_DEFAULT_Tb_Yy_Xx_right_alive_accum_a2[59]' from process `\top.$proc$life_flat_gen.sv:0$105'.
No latch inferred for signal `\top.\BoardY_BoardX_Life_DEFAULT_Tb_Yy_Xx_right_alive_accum_a2[60]' from process `\top.$proc$life_flat_gen.sv:0$105'.
No latch inferred for signal `\top.\BoardY_BoardX_Life_DEFAULT_Tb_Yy_Xx_right_alive_accum_a2[61]' from process `\top.$proc$life_flat_gen.sv:0$105'.
No latch inferred for signal `\top.\BoardY_BoardX_Life_DEFAULT_Tb_Yy_Xx_right_alive_accum_a2[62]' from process `\top.$proc$life_flat_gen.sv:0$105'.
No latch inferred for signal `\top.\BoardY_BoardX_Life_DEFAULT_Tb_Yy_Xx_right_alive_accum_a2[63]' from process `\top.$proc$life_flat_gen.sv:0$105'.
No latch inferred for signal `\top.\BoardY_BoardX_Life_DEFAULT_Tb_Yy_Xx_right_alive_accum_a2[64]' from process `\top.$proc$life_flat_gen.sv:0$105'.
No latch inferred for signal `\top.\BoardY_BoardX_Life_DEFAULT_Tb_Yy_Xx_right_alive_accum_a2[65]' from process `\top.$proc$life_flat_gen.sv:0$105'.
No latch inferred for signal `\top.\BoardY_BoardX_Life_DEFAULT_Tb_Yy_Xx_right_alive_accum_a2[66]' from process `\top.$proc$life_flat_gen.sv:0$105'.
No latch inferred for signal `\top.\BoardY_BoardX_Life_DEFAULT_Tb_Yy_Xx_right_alive_accum_a2[67]' from process `\top.$proc$life_flat_gen.sv:0$105'.
No latch inferred for signal `\top.\BoardY_BoardX_Life_DEFAULT_Tb_Yy_Xx_right_alive_accum_a2[68]' from process `\top.$proc$life_flat_gen.sv:0$105'.
No latch inferred for signal `\top.\BoardY_BoardX_Life_DEFAULT_Tb_Yy_Xx_right_alive_accum_a2[69]' from process `\top.$proc$life_flat_gen.sv:0$105'.
No latch inferred for signal `\top.\BoardY_BoardX_Life_DEFAULT_Tb_Yy_Xx_right_alive_accum_a2[70]' from process `\top.$proc$life_flat_gen.sv:0$105'.
No latch inferred for signal `\top.\BoardY_BoardX_Life_DEFAULT_Tb_Yy_Xx_right_alive_accum_a2[71]' from process `\top.$proc$life_flat_gen.sv:0$105'.
No latch inferred for signal `\top.\BoardY_BoardX_Life_DEFAULT_Tb_Yy_Xx_right_alive_accum_a2[72]' from process `\top.$proc$life_flat_gen.sv:0$105'.
No latch inferred for signal `\top.\BoardY_BoardX_Life_DEFAULT_Tb_Yy_Xx_right_alive_accum_a2[73]' from process `\top.$proc$life_flat_gen.sv:0$105'.
No latch inferred for signal `\top.\BoardY_BoardX_Life_DEFAULT_Tb_Yy_Xx_right_alive_accum_a2[74]' from process `\top.$proc$life_flat_gen.sv:0$105'.
No latch inferred for signal `\top.\BoardY_BoardX_Life_DEFAULT_Tb_Yy_Xx_right_alive_accum_a2[75]' from process `\top.$proc$life_flat_gen.sv:0$105'.
No latch inferred for signal `\top.\BoardY_BoardX_Life_DEFAULT_Tb_Yy_Xx_right_alive_accum_a2[76]' from process `\top.$proc$life_flat_gen.sv:0$105'.
No latch inferred for signal `\top.\BoardY_BoardX_Life_DEFAULT_Tb_Yy_Xx_right_alive_accum_a2[77]' from process `\top.$proc$life_flat_gen.sv:0$105'.
No latch inferred for signal `\top.\BoardY_BoardX_Life_DEFAULT_Tb_Yy_Xx_right_alive_accum_a2[78]' from process `\top.$proc$life_flat_gen.sv:0$105'.
No latch inferred for signal `\top.\BoardY_BoardX_Life_DEFAULT_Tb_Yy_Xx_right_alive_accum_a2[79]' from process `\top.$proc$life_flat_gen.sv:0$105'.
No latch inferred for signal `\top.\BoardY_BoardX_Life_DEFAULT_Tb_Yy_Xx_right_alive_accum_a2[80]' from process `\top.$proc$life_flat_gen.sv:0$105'.
No latch inferred for signal `\top.\BoardY_BoardX_Life_DEFAULT_Tb_Yy_Xx_right_alive_accum_a2[81]' from process `\top.$proc$life_flat_gen.sv:0$105'.
No latch inferred for signal `\top.\BoardY_BoardX_Life_DEFAULT_Tb_Yy_Xx_right_alive_accum_a2[82]' from process `\top.$proc$life_flat_gen.sv:0$105'.
No latch inferred for signal `\top.\BoardY_BoardX_Life_DEFAULT_Tb_Yy_Xx_right_alive_accum_a2[83]' from process `\top.$proc$life_flat_gen.sv:0$105'.
No latch inferred for signal `\top.\BoardY_BoardX_Life_DEFAULT_Tb_Yy_Xx_right_alive_accum_a2[84]' from process `\top.$proc$life_flat_gen.sv:0$105'.
No latch inferred for signal `\top.\BoardY_BoardX_Life_DEFAULT_Tb_Yy_Xx_right_alive_accum_a2[85]' from process `\top.$proc$life_flat_gen.sv:0$105'.
No latch inferred for signal `\top.\BoardY_BoardX_Life_DEFAULT_Tb_Yy_Xx_right_alive_accum_a2[86]' from process `\top.$proc$life_flat_gen.sv:0$105'.
No latch inferred for signal `\top.\BoardY_BoardX_Life_DEFAULT_Tb_Yy_Xx_right_alive_accum_a2[87]' from process `\top.$proc$life_flat_gen.sv:0$105'.
No latch inferred for signal `\top.\BoardY_BoardX_Life_DEFAULT_Tb_Yy_Xx_right_alive_accum_a2[88]' from process `\top.$proc$life_flat_gen.sv:0$105'.
No latch inferred for signal `\top.\BoardY_BoardX_Life_DEFAULT_Tb_Yy_Xx_right_alive_accum_a2[89]' from process `\top.$proc$life_flat_gen.sv:0$105'.
No latch inferred for signal `\top.\BoardY_BoardX_Life_DEFAULT_Tb_Yy_Xx_right_alive_accum_a2[90]' from process `\top.$proc$life_flat_gen.sv:0$105'.
No latch inferred for signal `\top.\BoardY_BoardX_Life_DEFAULT_Tb_Yy_Xx_right_alive_accum_a2[91]' from process `\top.$proc$life_flat_gen.sv:0$105'.
No latch inferred for signal `\top.\BoardY_BoardX_Life_DEFAULT_Tb_Yy_Xx_right_alive_accum_a2[92]' from process `\top.$proc$life_flat_gen.sv:0$105'.
No latch inferred for signal `\top.\BoardY_BoardX_Life_DEFAULT_Tb_Yy_Xx_right_alive_accum_a2[93]' from process `\top.$proc$life_flat_gen.sv:0$105'.
No latch inferred for signal `\top.\BoardY_BoardX_Life_DEFAULT_Tb_Yy_Xx_right_alive_accum_a2[94]' from process `\top.$proc$life_flat_gen.sv:0$105'.
No latch inferred for signal `\top.\BoardY_BoardX_Life_DEFAULT_Tb_Yy_Xx_right_alive_accum_a2[95]' from process `\top.$proc$life_flat_gen.sv:0$105'.
No latch inferred for signal `\top.\BoardY_BoardX_Life_DEFAULT_Tb_Yy_Xx_right_alive_accum_a2[96]' from process `\top.$proc$life_flat_gen.sv:0$105'.
No latch inferred for signal `\top.\BoardY_BoardX_Life_DEFAULT_Tb_Yy_Xx_right_alive_accum_a2[97]' from process `\top.$proc$life_flat_gen.sv:0$105'.
No latch inferred for signal `\top.\BoardY_BoardX_Life_DEFAULT_Tb_Yy_Xx_right_alive_accum_a2[98]' from process `\top.$proc$life_flat_gen.sv:0$105'.
No latch inferred for signal `\top.\BoardY_BoardX_Life_DEFAULT_Tb_Yy_Xx_right_alive_accum_a2[99]' from process `\top.$proc$life_flat_gen.sv:0$105'.
No latch inferred for signal `\top.\BoardY_BoardX_Life_DEFAULT_Tb_Yy_Xx_horiz_alive_accum_a2[0]' from process `\top.$proc$life_flat_gen.sv:0$105'.
No latch inferred for signal `\top.\BoardY_BoardX_Life_DEFAULT_Tb_Yy_Xx_horiz_alive_accum_a2[1]' from process `\top.$proc$life_flat_gen.sv:0$105'.
No latch inferred for signal `\top.\BoardY_BoardX_Life_DEFAULT_Tb_Yy_Xx_horiz_alive_accum_a2[2]' from process `\top.$proc$life_flat_gen.sv:0$105'.
No latch inferred for signal `\top.\BoardY_BoardX_Life_DEFAULT_Tb_Yy_Xx_horiz_alive_accum_a2[3]' from process `\top.$proc$life_flat_gen.sv:0$105'.
No latch inferred for signal `\top.\BoardY_BoardX_Life_DEFAULT_Tb_Yy_Xx_horiz_alive_accum_a2[4]' from process `\top.$proc$life_flat_gen.sv:0$105'.
No latch inferred for signal `\top.\BoardY_BoardX_Life_DEFAULT_Tb_Yy_Xx_horiz_alive_accum_a2[5]' from process `\top.$proc$life_flat_gen.sv:0$105'.
No latch inferred for signal `\top.\BoardY_BoardX_Life_DEFAULT_Tb_Yy_Xx_horiz_alive_accum_a2[6]' from process `\top.$proc$life_flat_gen.sv:0$105'.
No latch inferred for signal `\top.\BoardY_BoardX_Life_DEFAULT_Tb_Yy_Xx_horiz_alive_accum_a2[7]' from process `\top.$proc$life_flat_gen.sv:0$105'.
No latch inferred for signal `\top.\BoardY_BoardX_Life_DEFAULT_Tb_Yy_Xx_horiz_alive_accum_a2[8]' from process `\top.$proc$life_flat_gen.sv:0$105'.
No latch inferred for signal `\top.\BoardY_BoardX_Life_DEFAULT_Tb_Yy_Xx_horiz_alive_accum_a2[9]' from process `\top.$proc$life_flat_gen.sv:0$105'.
No latch inferred for signal `\top.\BoardY_BoardX_Life_DEFAULT_Tb_Yy_Xx_horiz_alive_accum_a2[10]' from process `\top.$proc$life_flat_gen.sv:0$105'.
No latch inferred for signal `\top.\BoardY_BoardX_Life_DEFAULT_Tb_Yy_Xx_horiz_alive_accum_a2[11]' from process `\top.$proc$life_flat_gen.sv:0$105'.
No latch inferred for signal `\top.\BoardY_BoardX_Life_DEFAULT_Tb_Yy_Xx_horiz_alive_accum_a2[12]' from process `\top.$proc$life_flat_gen.sv:0$105'.
No latch inferred for signal `\top.\BoardY_BoardX_Life_DEFAULT_Tb_Yy_Xx_horiz_alive_accum_a2[13]' from process `\top.$proc$life_flat_gen.sv:0$105'.
No latch inferred for signal `\top.\BoardY_BoardX_Life_DEFAULT_Tb_Yy_Xx_horiz_alive_accum_a2[14]' from process `\top.$proc$life_flat_gen.sv:0$105'.
No latch inferred for signal `\top.\BoardY_BoardX_Life_DEFAULT_Tb_Yy_Xx_horiz_alive_accum_a2[15]' from process `\top.$proc$life_flat_gen.sv:0$105'.
No latch inferred for signal `\top.\BoardY_BoardX_Life_DEFAULT_Tb_Yy_Xx_horiz_alive_accum_a2[16]' from process `\top.$proc$life_flat_gen.sv:0$105'.
No latch inferred for signal `\top.\BoardY_BoardX_Life_DEFAULT_Tb_Yy_Xx_horiz_alive_accum_a2[17]' from process `\top.$proc$life_flat_gen.sv:0$105'.
No latch inferred for signal `\top.\BoardY_BoardX_Life_DEFAULT_Tb_Yy_Xx_horiz_alive_accum_a2[18]' from process `\top.$proc$life_flat_gen.sv:0$105'.
No latch inferred for signal `\top.\BoardY_BoardX_Life_DEFAULT_Tb_Yy_Xx_horiz_alive_accum_a2[19]' from process `\top.$proc$life_flat_gen.sv:0$105'.
No latch inferred for signal `\top.\BoardY_BoardX_Life_DEFAULT_Tb_Yy_Xx_horiz_alive_accum_a2[20]' from process `\top.$proc$life_flat_gen.sv:0$105'.
No latch inferred for signal `\top.\BoardY_BoardX_Life_DEFAULT_Tb_Yy_Xx_horiz_alive_accum_a2[21]' from process `\top.$proc$life_flat_gen.sv:0$105'.
No latch inferred for signal `\top.\BoardY_BoardX_Life_DEFAULT_Tb_Yy_Xx_horiz_alive_accum_a2[22]' from process `\top.$proc$life_flat_gen.sv:0$105'.
No latch inferred for signal `\top.\BoardY_BoardX_Life_DEFAULT_Tb_Yy_Xx_horiz_alive_accum_a2[23]' from process `\top.$proc$life_flat_gen.sv:0$105'.
No latch inferred for signal `\top.\BoardY_BoardX_Life_DEFAULT_Tb_Yy_Xx_horiz_alive_accum_a2[24]' from process `\top.$proc$life_flat_gen.sv:0$105'.
No latch inferred for signal `\top.\BoardY_BoardX_Life_DEFAULT_Tb_Yy_Xx_horiz_alive_accum_a2[25]' from process `\top.$proc$life_flat_gen.sv:0$105'.
No latch inferred for signal `\top.\BoardY_BoardX_Life_DEFAULT_Tb_Yy_Xx_horiz_alive_accum_a2[26]' from process `\top.$proc$life_flat_gen.sv:0$105'.
No latch inferred for signal `\top.\BoardY_BoardX_Life_DEFAULT_Tb_Yy_Xx_horiz_alive_accum_a2[27]' from process `\top.$proc$life_flat_gen.sv:0$105'.
No latch inferred for signal `\top.\BoardY_BoardX_Life_DEFAULT_Tb_Yy_Xx_horiz_alive_accum_a2[28]' from process `\top.$proc$life_flat_gen.sv:0$105'.
No latch inferred for signal `\top.\BoardY_BoardX_Life_DEFAULT_Tb_Yy_Xx_horiz_alive_accum_a2[29]' from process `\top.$proc$life_flat_gen.sv:0$105'.
No latch inferred for signal `\top.\BoardY_BoardX_Life_DEFAULT_Tb_Yy_Xx_horiz_alive_accum_a2[30]' from process `\top.$proc$life_flat_gen.sv:0$105'.
No latch inferred for signal `\top.\BoardY_BoardX_Life_DEFAULT_Tb_Yy_Xx_horiz_alive_accum_a2[31]' from process `\top.$proc$life_flat_gen.sv:0$105'.
No latch inferred for signal `\top.\BoardY_BoardX_Life_DEFAULT_Tb_Yy_Xx_horiz_alive_accum_a2[32]' from process `\top.$proc$life_flat_gen.sv:0$105'.
No latch inferred for signal `\top.\BoardY_BoardX_Life_DEFAULT_Tb_Yy_Xx_horiz_alive_accum_a2[33]' from process `\top.$proc$life_flat_gen.sv:0$105'.
No latch inferred for signal `\top.\BoardY_BoardX_Life_DEFAULT_Tb_Yy_Xx_horiz_alive_accum_a2[34]' from process `\top.$proc$life_flat_gen.sv:0$105'.
No latch inferred for signal `\top.\BoardY_BoardX_Life_DEFAULT_Tb_Yy_Xx_horiz_alive_accum_a2[35]' from process `\top.$proc$life_flat_gen.sv:0$105'.
No latch inferred for signal `\top.\BoardY_BoardX_Life_DEFAULT_Tb_Yy_Xx_horiz_alive_accum_a2[36]' from process `\top.$proc$life_flat_gen.sv:0$105'.
No latch inferred for signal `\top.\BoardY_BoardX_Life_DEFAULT_Tb_Yy_Xx_horiz_alive_accum_a2[37]' from process `\top.$proc$life_flat_gen.sv:0$105'.
No latch inferred for signal `\top.\BoardY_BoardX_Life_DEFAULT_Tb_Yy_Xx_horiz_alive_accum_a2[38]' from process `\top.$proc$life_flat_gen.sv:0$105'.
No latch inferred for signal `\top.\BoardY_BoardX_Life_DEFAULT_Tb_Yy_Xx_horiz_alive_accum_a2[39]' from process `\top.$proc$life_flat_gen.sv:0$105'.
No latch inferred for signal `\top.\BoardY_BoardX_Life_DEFAULT_Tb_Yy_Xx_horiz_alive_accum_a2[40]' from process `\top.$proc$life_flat_gen.sv:0$105'.
No latch inferred for signal `\top.\BoardY_BoardX_Life_DEFAULT_Tb_Yy_Xx_horiz_alive_accum_a2[41]' from process `\top.$proc$life_flat_gen.sv:0$105'.
No latch inferred for signal `\top.\BoardY_BoardX_Life_DEFAULT_Tb_Yy_Xx_horiz_alive_accum_a2[42]' from process `\top.$proc$life_flat_gen.sv:0$105'.
No latch inferred for signal `\top.\BoardY_BoardX_Life_DEFAULT_Tb_Yy_Xx_horiz_alive_accum_a2[43]' from process `\top.$proc$life_flat_gen.sv:0$105'.
No latch inferred for signal `\top.\BoardY_BoardX_Life_DEFAULT_Tb_Yy_Xx_horiz_alive_accum_a2[44]' from process `\top.$proc$life_flat_gen.sv:0$105'.
No latch inferred for signal `\top.\BoardY_BoardX_Life_DEFAULT_Tb_Yy_Xx_horiz_alive_accum_a2[45]' from process `\top.$proc$life_flat_gen.sv:0$105'.
No latch inferred for signal `\top.\BoardY_BoardX_Life_DEFAULT_Tb_Yy_Xx_horiz_alive_accum_a2[46]' from process `\top.$proc$life_flat_gen.sv:0$105'.
No latch inferred for signal `\top.\BoardY_BoardX_Life_DEFAULT_Tb_Yy_Xx_horiz_alive_accum_a2[47]' from process `\top.$proc$life_flat_gen.sv:0$105'.
No latch inferred for signal `\top.\BoardY_BoardX_Life_DEFAULT_Tb_Yy_Xx_horiz_alive_accum_a2[48]' from process `\top.$proc$life_flat_gen.sv:0$105'.
No latch inferred for signal `\top.\BoardY_BoardX_Life_DEFAULT_Tb_Yy_Xx_horiz_alive_accum_a2[49]' from process `\top.$proc$life_flat_gen.sv:0$105'.
No latch inferred for signal `\top.\BoardY_BoardX_Life_DEFAULT_Tb_Yy_Xx_horiz_alive_accum_a2[50]' from process `\top.$proc$life_flat_gen.sv:0$105'.
No latch inferred for signal `\top.\BoardY_BoardX_Life_DEFAULT_Tb_Yy_Xx_horiz_alive_accum_a2[51]' from process `\top.$proc$life_flat_gen.sv:0$105'.
No latch inferred for signal `\top.\BoardY_BoardX_Life_DEFAULT_Tb_Yy_Xx_horiz_alive_accum_a2[52]' from process `\top.$proc$life_flat_gen.sv:0$105'.
No latch inferred for signal `\top.\BoardY_BoardX_Life_DEFAULT_Tb_Yy_Xx_horiz_alive_accum_a2[53]' from process `\top.$proc$life_flat_gen.sv:0$105'.
No latch inferred for signal `\top.\BoardY_BoardX_Life_DEFAULT_Tb_Yy_Xx_horiz_alive_accum_a2[54]' from process `\top.$proc$life_flat_gen.sv:0$105'.
No latch inferred for signal `\top.\BoardY_BoardX_Life_DEFAULT_Tb_Yy_Xx_horiz_alive_accum_a2[55]' from process `\top.$proc$life_flat_gen.sv:0$105'.
No latch inferred for signal `\top.\BoardY_BoardX_Life_DEFAULT_Tb_Yy_Xx_horiz_alive_accum_a2[56]' from process `\top.$proc$life_flat_gen.sv:0$105'.
No latch inferred for signal `\top.\BoardY_BoardX_Life_DEFAULT_Tb_Yy_Xx_horiz_alive_accum_a2[57]' from process `\top.$proc$life_flat_gen.sv:0$105'.
No latch inferred for signal `\top.\BoardY_BoardX_Life_DEFAULT_Tb_Yy_Xx_horiz_alive_accum_a2[58]' from process `\top.$proc$life_flat_gen.sv:0$105'.
No latch inferred for signal `\top.\BoardY_BoardX_Life_DEFAULT_Tb_Yy_Xx_horiz_alive_accum_a2[59]' from process `\top.$proc$life_flat_gen.sv:0$105'.
No latch inferred for signal `\top.\BoardY_BoardX_Life_DEFAULT_Tb_Yy_Xx_horiz_alive_accum_a2[60]' from process `\top.$proc$life_flat_gen.sv:0$105'.
No latch inferred for signal `\top.\BoardY_BoardX_Life_DEFAULT_Tb_Yy_Xx_horiz_alive_accum_a2[61]' from process `\top.$proc$life_flat_gen.sv:0$105'.
No latch inferred for signal `\top.\BoardY_BoardX_Life_DEFAULT_Tb_Yy_Xx_horiz_alive_accum_a2[62]' from process `\top.$proc$life_flat_gen.sv:0$105'.
No latch inferred for signal `\top.\BoardY_BoardX_Life_DEFAULT_Tb_Yy_Xx_horiz_alive_accum_a2[63]' from process `\top.$proc$life_flat_gen.sv:0$105'.
No latch inferred for signal `\top.\BoardY_BoardX_Life_DEFAULT_Tb_Yy_Xx_horiz_alive_accum_a2[64]' from process `\top.$proc$life_flat_gen.sv:0$105'.
No latch inferred for signal `\top.\BoardY_BoardX_Life_DEFAULT_Tb_Yy_Xx_horiz_alive_accum_a2[65]' from process `\top.$proc$life_flat_gen.sv:0$105'.
No latch inferred for signal `\top.\BoardY_BoardX_Life_DEFAULT_Tb_Yy_Xx_horiz_alive_accum_a2[66]' from process `\top.$proc$life_flat_gen.sv:0$105'.
No latch inferred for signal `\top.\BoardY_BoardX_Life_DEFAULT_Tb_Yy_Xx_horiz_alive_accum_a2[67]' from process `\top.$proc$life_flat_gen.sv:0$105'.
No latch inferred for signal `\top.\BoardY_BoardX_Life_DEFAULT_Tb_Yy_Xx_horiz_alive_accum_a2[68]' from process `\top.$proc$life_flat_gen.sv:0$105'.
No latch inferred for signal `\top.\BoardY_BoardX_Life_DEFAULT_Tb_Yy_Xx_horiz_alive_accum_a2[69]' from process `\top.$proc$life_flat_gen.sv:0$105'.
No latch inferred for signal `\top.\BoardY_BoardX_Life_DEFAULT_Tb_Yy_Xx_horiz_alive_accum_a2[70]' from process `\top.$proc$life_flat_gen.sv:0$105'.
No latch inferred for signal `\top.\BoardY_BoardX_Life_DEFAULT_Tb_Yy_Xx_horiz_alive_accum_a2[71]' from process `\top.$proc$life_flat_gen.sv:0$105'.
No latch inferred for signal `\top.\BoardY_BoardX_Life_DEFAULT_Tb_Yy_Xx_horiz_alive_accum_a2[72]' from process `\top.$proc$life_flat_gen.sv:0$105'.
No latch inferred for signal `\top.\BoardY_BoardX_Life_DEFAULT_Tb_Yy_Xx_horiz_alive_accum_a2[73]' from process `\top.$proc$life_flat_gen.sv:0$105'.
No latch inferred for signal `\top.\BoardY_BoardX_Life_DEFAULT_Tb_Yy_Xx_horiz_alive_accum_a2[74]' from process `\top.$proc$life_flat_gen.sv:0$105'.
No latch inferred for signal `\top.\BoardY_BoardX_Life_DEFAULT_Tb_Yy_Xx_horiz_alive_accum_a2[75]' from process `\top.$proc$life_flat_gen.sv:0$105'.
No latch inferred for signal `\top.\BoardY_BoardX_Life_DEFAULT_Tb_Yy_Xx_horiz_alive_accum_a2[76]' from process `\top.$proc$life_flat_gen.sv:0$105'.
No latch inferred for signal `\top.\BoardY_BoardX_Life_DEFAULT_Tb_Yy_Xx_horiz_alive_accum_a2[77]' from process `\top.$proc$life_flat_gen.sv:0$105'.
No latch inferred for signal `\top.\BoardY_BoardX_Life_DEFAULT_Tb_Yy_Xx_horiz_alive_accum_a2[78]' from process `\top.$proc$life_flat_gen.sv:0$105'.
No latch inferred for signal `\top.\BoardY_BoardX_Life_DEFAULT_Tb_Yy_Xx_horiz_alive_accum_a2[79]' from process `\top.$proc$life_flat_gen.sv:0$105'.
No latch inferred for signal `\top.\BoardY_BoardX_Life_DEFAULT_Tb_Yy_Xx_horiz_alive_accum_a2[80]' from process `\top.$proc$life_flat_gen.sv:0$105'.
No latch inferred for signal `\top.\BoardY_BoardX_Life_DEFAULT_Tb_Yy_Xx_horiz_alive_accum_a2[81]' from process `\top.$proc$life_flat_gen.sv:0$105'.
No latch inferred for signal `\top.\BoardY_BoardX_Life_DEFAULT_Tb_Yy_Xx_horiz_alive_accum_a2[82]' from process `\top.$proc$life_flat_gen.sv:0$105'.
No latch inferred for signal `\top.\BoardY_BoardX_Life_DEFAULT_Tb_Yy_Xx_horiz_alive_accum_a2[83]' from process `\top.$proc$life_flat_gen.sv:0$105'.
No latch inferred for signal `\top.\BoardY_BoardX_Life_DEFAULT_Tb_Yy_Xx_horiz_alive_accum_a2[84]' from process `\top.$proc$life_flat_gen.sv:0$105'.
No latch inferred for signal `\top.\BoardY_BoardX_Life_DEFAULT_Tb_Yy_Xx_horiz_alive_accum_a2[85]' from process `\top.$proc$life_flat_gen.sv:0$105'.
No latch inferred for signal `\top.\BoardY_BoardX_Life_DEFAULT_Tb_Yy_Xx_horiz_alive_accum_a2[86]' from process `\top.$proc$life_flat_gen.sv:0$105'.
No latch inferred for signal `\top.\BoardY_BoardX_Life_DEFAULT_Tb_Yy_Xx_horiz_alive_accum_a2[87]' from process `\top.$proc$life_flat_gen.sv:0$105'.
No latch inferred for signal `\top.\BoardY_BoardX_Life_DEFAULT_Tb_Yy_Xx_horiz_alive_accum_a2[88]' from process `\top.$proc$life_flat_gen.sv:0$105'.
No latch inferred for signal `\top.\BoardY_BoardX_Life_DEFAULT_Tb_Yy_Xx_horiz_alive_accum_a2[89]' from process `\top.$proc$life_flat_gen.sv:0$105'.
No latch inferred for signal `\top.\BoardY_BoardX_Life_DEFAULT_Tb_Yy_Xx_horiz_alive_accum_a2[90]' from process `\top.$proc$life_flat_gen.sv:0$105'.
No latch inferred for signal `\top.\BoardY_BoardX_Life_DEFAULT_Tb_Yy_Xx_horiz_alive_accum_a2[91]' from process `\top.$proc$life_flat_gen.sv:0$105'.
No latch inferred for signal `\top.\BoardY_BoardX_Life_DEFAULT_Tb_Yy_Xx_horiz_alive_accum_a2[92]' from process `\top.$proc$life_flat_gen.sv:0$105'.
No latch inferred for signal `\top.\BoardY_BoardX_Life_DEFAULT_Tb_Yy_Xx_horiz_alive_accum_a2[93]' from process `\top.$proc$life_flat_gen.sv:0$105'.
No latch inferred for signal `\top.\BoardY_BoardX_Life_DEFAULT_Tb_Yy_Xx_horiz_alive_accum_a2[94]' from process `\top.$proc$life_flat_gen.sv:0$105'.
No latch inferred for signal `\top.\BoardY_BoardX_Life_DEFAULT_Tb_Yy_Xx_horiz_alive_accum_a2[95]' from process `\top.$proc$life_flat_gen.sv:0$105'.
No latch inferred for signal `\top.\BoardY_BoardX_Life_DEFAULT_Tb_Yy_Xx_horiz_alive_accum_a2[96]' from process `\top.$proc$life_flat_gen.sv:0$105'.
No latch inferred for signal `\top.\BoardY_BoardX_Life_DEFAULT_Tb_Yy_Xx_horiz_alive_accum_a2[97]' from process `\top.$proc$life_flat_gen.sv:0$105'.
No latch inferred for signal `\top.\BoardY_BoardX_Life_DEFAULT_Tb_Yy_Xx_horiz_alive_accum_a2[98]' from process `\top.$proc$life_flat_gen.sv:0$105'.
No latch inferred for signal `\top.\BoardY_BoardX_Life_DEFAULT_Tb_Yy_Xx_horiz_alive_accum_a2[99]' from process `\top.$proc$life_flat_gen.sv:0$105'.
No latch inferred for signal `\top.\BoardY_BoardX_Life_DEFAULT_Tb_Yy_below_alive_accum_a2[0]' from process `\top.$proc$life_flat_gen.sv:0$105'.
No latch inferred for signal `\top.\BoardY_BoardX_Life_DEFAULT_Tb_Yy_below_alive_accum_a2[1]' from process `\top.$proc$life_flat_gen.sv:0$105'.
No latch inferred for signal `\top.\BoardY_BoardX_Life_DEFAULT_Tb_Yy_below_alive_accum_a2[2]' from process `\top.$proc$life_flat_gen.sv:0$105'.
No latch inferred for signal `\top.\BoardY_BoardX_Life_DEFAULT_Tb_Yy_below_alive_accum_a2[3]' from process `\top.$proc$life_flat_gen.sv:0$105'.
No latch inferred for signal `\top.\BoardY_BoardX_Life_DEFAULT_Tb_Yy_below_alive_accum_a2[4]' from process `\top.$proc$life_flat_gen.sv:0$105'.
No latch inferred for signal `\top.\BoardY_BoardX_Life_DEFAULT_Tb_Yy_below_alive_accum_a2[5]' from process `\top.$proc$life_flat_gen.sv:0$105'.
No latch inferred for signal `\top.\BoardY_BoardX_Life_DEFAULT_Tb_Yy_below_alive_accum_a2[6]' from process `\top.$proc$life_flat_gen.sv:0$105'.
No latch inferred for signal `\top.\BoardY_BoardX_Life_DEFAULT_Tb_Yy_below_alive_accum_a2[7]' from process `\top.$proc$life_flat_gen.sv:0$105'.
No latch inferred for signal `\top.\BoardY_BoardX_Life_DEFAULT_Tb_Yy_below_alive_accum_a2[8]' from process `\top.$proc$life_flat_gen.sv:0$105'.
No latch inferred for signal `\top.\BoardY_BoardX_Life_DEFAULT_Tb_Yy_below_alive_accum_a2[9]' from process `\top.$proc$life_flat_gen.sv:0$105'.
No latch inferred for signal `\top.\BoardY_BoardX_Life_DEFAULT_Tb_Yy_vert_alive_accum_a2[0]' from process `\top.$proc$life_flat_gen.sv:0$105'.
No latch inferred for signal `\top.\BoardY_BoardX_Life_DEFAULT_Tb_Yy_vert_alive_accum_a2[1]' from process `\top.$proc$life_flat_gen.sv:0$105'.
No latch inferred for signal `\top.\BoardY_BoardX_Life_DEFAULT_Tb_Yy_vert_alive_accum_a2[2]' from process `\top.$proc$life_flat_gen.sv:0$105'.
No latch inferred for signal `\top.\BoardY_BoardX_Life_DEFAULT_Tb_Yy_vert_alive_accum_a2[3]' from process `\top.$proc$life_flat_gen.sv:0$105'.
No latch inferred for signal `\top.\BoardY_BoardX_Life_DEFAULT_Tb_Yy_vert_alive_accum_a2[4]' from process `\top.$proc$life_flat_gen.sv:0$105'.
No latch inferred for signal `\top.\BoardY_BoardX_Life_DEFAULT_Tb_Yy_vert_alive_accum_a2[5]' from process `\top.$proc$life_flat_gen.sv:0$105'.
No latch inferred for signal `\top.\BoardY_BoardX_Life_DEFAULT_Tb_Yy_vert_alive_accum_a2[6]' from process `\top.$proc$life_flat_gen.sv:0$105'.
No latch inferred for signal `\top.\BoardY_BoardX_Life_DEFAULT_Tb_Yy_vert_alive_accum_a2[7]' from process `\top.$proc$life_flat_gen.sv:0$105'.
No latch inferred for signal `\top.\BoardY_BoardX_Life_DEFAULT_Tb_Yy_vert_alive_accum_a2[8]' from process `\top.$proc$life_flat_gen.sv:0$105'.
No latch inferred for signal `\top.\BoardY_BoardX_Life_DEFAULT_Tb_Yy_vert_alive_accum_a2[9]' from process `\top.$proc$life_flat_gen.sv:0$105'.
No latch inferred for signal `\top.\BoardY_BoardX_Life_DEFAULT_Tb_alive_cnt_a2[0]' from process `\top.$proc$life_flat_gen.sv:0$105'.
No latch inferred for signal `\top.\BoardY_BoardX_Life_DEFAULT_Tb_above_min_start_a2[0]' from process `\top.$proc$life_flat_gen.sv:0$105'.
No latch inferred for signal `\top.\BoardY_BoardX_Life_DEFAULT_Tb_below_max_stop_a2[0]' from process `\top.$proc$life_flat_gen.sv:0$105'.
No latch inferred for signal `\top.\BoardY_BoardX_Life_DEFAULT_Tb_start_ok_a2[0]' from process `\top.$proc$life_flat_gen.sv:0$105'.
No latch inferred for signal `\top.\BoardY_BoardX_Life_DEFAULT_Tb_stop_cnt_a2[0]' from process `\top.$proc$life_flat_gen.sv:0$105'.
No latch inferred for signal `\top.\BoardY_BoardX_Life_DEFAULT_Tb_passed_a2[0]' from process `\top.$proc$life_flat_gen.sv:0$105'.

3.9. Executing PROC_DFF pass (convert process syncs to FFs).
Creating register for signal `\top.\BoardY_BoardX_Life_DEFAULT_Yy_Xx_alive_a2[0]' using process `\top.$proc$life_flat_gen.sv:144$104'.
  created $dff cell `$procdff$1627' with positive edge clock.
Creating register for signal `\top.\BoardY_BoardX_Life_DEFAULT_Yy_Xx_alive_a2[1]' using process `\top.$proc$life_flat_gen.sv:144$103'.
  created $dff cell `$procdff$1628' with positive edge clock.
Creating register for signal `\top.\BoardY_BoardX_Life_DEFAULT_Yy_Xx_alive_a2[2]' using process `\top.$proc$life_flat_gen.sv:144$102'.
  created $dff cell `$procdff$1629' with positive edge clock.
Creating register for signal `\top.\BoardY_BoardX_Life_DEFAULT_Yy_Xx_alive_a2[3]' using process `\top.$proc$life_flat_gen.sv:144$101'.
  created $dff cell `$procdff$1630' with positive edge clock.
Creating register for signal `\top.\BoardY_BoardX_Life_DEFAULT_Yy_Xx_alive_a2[4]' using process `\top.$proc$life_flat_gen.sv:144$100'.
  created $dff cell `$procdff$1631' with positive edge clock.
Creating register for signal `\top.\BoardY_BoardX_Life_DEFAULT_Yy_Xx_alive_a2[5]' using process `\top.$proc$life_flat_gen.sv:144$99'.
  created $dff cell `$procdff$1632' with positive edge clock.
Creating register for signal `\top.\BoardY_BoardX_Life_DEFAULT_Yy_Xx_alive_a2[6]' using process `\top.$proc$life_flat_gen.sv:144$98'.
  created $dff cell `$procdff$1633' with positive edge clock.
Creating register for signal `\top.\BoardY_BoardX_Life_DEFAULT_Yy_Xx_alive_a2[7]' using process `\top.$proc$life_flat_gen.sv:144$97'.
  created $dff cell `$procdff$1634' with positive edge clock.
Creating register for signal `\top.\BoardY_BoardX_Life_DEFAULT_Yy_Xx_alive_a2[8]' using process `\top.$proc$life_flat_gen.sv:144$96'.
  created $dff cell `$procdff$1635' with positive edge clock.
Creating register for signal `\top.\BoardY_BoardX_Life_DEFAULT_Yy_Xx_alive_a2[9]' using process `\top.$proc$life_flat_gen.sv:144$95'.
  created $dff cell `$procdff$1636' with positive edge clock.
Creating register for signal `\top.\BoardY_BoardX_Life_DEFAULT_Yy_Xx_alive_a2[10]' using process `\top.$proc$life_flat_gen.sv:144$94'.
  created $dff cell `$procdff$1637' with positive edge clock.
Creating register for signal `\top.\BoardY_BoardX_Life_DEFAULT_Yy_Xx_alive_a2[11]' using process `\top.$proc$life_flat_gen.sv:144$93'.
  created $dff cell `$procdff$1638' with positive edge clock.
Creating register for signal `\top.\BoardY_BoardX_Life_DEFAULT_Yy_Xx_alive_a2[12]' using process `\top.$proc$life_flat_gen.sv:144$92'.
  created $dff cell `$procdff$1639' with positive edge clock.
Creating register for signal `\top.\BoardY_BoardX_Life_DEFAULT_Yy_Xx_alive_a2[13]' using process `\top.$proc$life_flat_gen.sv:144$91'.
  created $dff cell `$procdff$1640' with positive edge clock.
Creating register for signal `\top.\BoardY_BoardX_Life_DEFAULT_Yy_Xx_alive_a2[14]' using process `\top.$proc$life_flat_gen.sv:144$90'.
  created $dff cell `$procdff$1641' with positive edge clock.
Creating register for signal `\top.\BoardY_BoardX_Life_DEFAULT_Yy_Xx_alive_a2[15]' using process `\top.$proc$life_flat_gen.sv:144$89'.
  created $dff cell `$procdff$1642' with positive edge clock.
Creating register for signal `\top.\BoardY_BoardX_Life_DEFAULT_Yy_Xx_alive_a2[16]' using process `\top.$proc$life_flat_gen.sv:144$88'.
  created $dff cell `$procdff$1643' with positive edge clock.
Creating register for signal `\top.\BoardY_BoardX_Life_DEFAULT_Yy_Xx_alive_a2[17]' using process `\top.$proc$life_flat_gen.sv:144$87'.
  created $dff cell `$procdff$1644' with positive edge clock.
Creating register for signal `\top.\BoardY_BoardX_Life_DEFAULT_Yy_Xx_alive_a2[18]' using process `\top.$proc$life_flat_gen.sv:144$86'.
  created $dff cell `$procdff$1645' with positive edge clock.
Creating register for signal `\top.\BoardY_BoardX_Life_DEFAULT_Yy_Xx_alive_a2[19]' using process `\top.$proc$life_flat_gen.sv:144$85'.
  created $dff cell `$procdff$1646' with positive edge clock.
Creating register for signal `\top.\BoardY_BoardX_Life_DEFAULT_Yy_Xx_alive_a2[20]' using process `\top.$proc$life_flat_gen.sv:144$84'.
  created $dff cell `$procdff$1647' with positive edge clock.
Creating register for signal `\top.\BoardY_BoardX_Life_DEFAULT_Yy_Xx_alive_a2[21]' using process `\top.$proc$life_flat_gen.sv:144$83'.
  created $dff cell `$procdff$1648' with positive edge clock.
Creating register for signal `\top.\BoardY_BoardX_Life_DEFAULT_Yy_Xx_alive_a2[22]' using process `\top.$proc$life_flat_gen.sv:144$82'.
  created $dff cell `$procdff$1649' with positive edge clock.
Creating register for signal `\top.\BoardY_BoardX_Life_DEFAULT_Yy_Xx_alive_a2[23]' using process `\top.$proc$life_flat_gen.sv:144$81'.
  created $dff cell `$procdff$1650' with positive edge clock.
Creating register for signal `\top.\BoardY_BoardX_Life_DEFAULT_Yy_Xx_alive_a2[24]' using process `\top.$proc$life_flat_gen.sv:144$80'.
  created $dff cell `$procdff$1651' with positive edge clock.
Creating register for signal `\top.\BoardY_BoardX_Life_DEFAULT_Yy_Xx_alive_a2[25]' using process `\top.$proc$life_flat_gen.sv:144$79'.
  created $dff cell `$procdff$1652' with positive edge clock.
Creating register for signal `\top.\BoardY_BoardX_Life_DEFAULT_Yy_Xx_alive_a2[26]' using process `\top.$proc$life_flat_gen.sv:144$78'.
  created $dff cell `$procdff$1653' with positive edge clock.
Creating register for signal `\top.\BoardY_BoardX_Life_DEFAULT_Yy_Xx_alive_a2[27]' using process `\top.$proc$life_flat_gen.sv:144$77'.
  created $dff cell `$procdff$1654' with positive edge clock.
Creating register for signal `\top.\BoardY_BoardX_Life_DEFAULT_Yy_Xx_alive_a2[28]' using process `\top.$proc$life_flat_gen.sv:144$76'.
  created $dff cell `$procdff$1655' with positive edge clock.
Creating register for signal `\top.\BoardY_BoardX_Life_DEFAULT_Yy_Xx_alive_a2[29]' using process `\top.$proc$life_flat_gen.sv:144$75'.
  created $dff cell `$procdff$1656' with positive edge clock.
Creating register for signal `\top.\BoardY_BoardX_Life_DEFAULT_Yy_Xx_alive_a2[30]' using process `\top.$proc$life_flat_gen.sv:144$74'.
  created $dff cell `$procdff$1657' with positive edge clock.
Creating register for signal `\top.\BoardY_BoardX_Life_DEFAULT_Yy_Xx_alive_a2[31]' using process `\top.$proc$life_flat_gen.sv:144$73'.
  created $dff cell `$procdff$1658' with positive edge clock.
Creating register for signal `\top.\BoardY_BoardX_Life_DEFAULT_Yy_Xx_alive_a2[32]' using process `\top.$proc$life_flat_gen.sv:144$72'.
  created $dff cell `$procdff$1659' with positive edge clock.
Creating register for signal `\top.\BoardY_BoardX_Life_DEFAULT_Yy_Xx_alive_a2[33]' using process `\top.$proc$life_flat_gen.sv:144$71'.
  created $dff cell `$procdff$1660' with positive edge clock.
Creating register for signal `\top.\BoardY_BoardX_Life_DEFAULT_Yy_Xx_alive_a2[34]' using process `\top.$proc$life_flat_gen.sv:144$70'.
  created $dff cell `$procdff$1661' with positive edge clock.
Creating register for signal `\top.\BoardY_BoardX_Life_DEFAULT_Yy_Xx_alive_a2[35]' using process `\top.$proc$life_flat_gen.sv:144$69'.
  created $dff cell `$procdff$1662' with positive edge clock.
Creating register for signal `\top.\BoardY_BoardX_Life_DEFAULT_Yy_Xx_alive_a2[36]' using process `\top.$proc$life_flat_gen.sv:144$68'.
  created $dff cell `$procdff$1663' with positive edge clock.
Creating register for signal `\top.\BoardY_BoardX_Life_DEFAULT_Yy_Xx_alive_a2[37]' using process `\top.$proc$life_flat_gen.sv:144$67'.
  created $dff cell `$procdff$1664' with positive edge clock.
Creating register for signal `\top.\BoardY_BoardX_Life_DEFAULT_Yy_Xx_alive_a2[38]' using process `\top.$proc$life_flat_gen.sv:144$66'.
  created $dff cell `$procdff$1665' with positive edge clock.
Creating register for signal `\top.\BoardY_BoardX_Life_DEFAULT_Yy_Xx_alive_a2[39]' using process `\top.$proc$life_flat_gen.sv:144$65'.
  created $dff cell `$procdff$1666' with positive edge clock.
Creating register for signal `\top.\BoardY_BoardX_Life_DEFAULT_Yy_Xx_alive_a2[40]' using process `\top.$proc$life_flat_gen.sv:144$64'.
  created $dff cell `$procdff$1667' with positive edge clock.
Creating register for signal `\top.\BoardY_BoardX_Life_DEFAULT_Yy_Xx_alive_a2[41]' using process `\top.$proc$life_flat_gen.sv:144$63'.
  created $dff cell `$procdff$1668' with positive edge clock.
Creating register for signal `\top.\BoardY_BoardX_Life_DEFAULT_Yy_Xx_alive_a2[42]' using process `\top.$proc$life_flat_gen.sv:144$62'.
  created $dff cell `$procdff$1669' with positive edge clock.
Creating register for signal `\top.\BoardY_BoardX_Life_DEFAULT_Yy_Xx_alive_a2[43]' using process `\top.$proc$life_flat_gen.sv:144$61'.
  created $dff cell `$procdff$1670' with positive edge clock.
Creating register for signal `\top.\BoardY_BoardX_Life_DEFAULT_Yy_Xx_alive_a2[44]' using process `\top.$proc$life_flat_gen.sv:144$60'.
  created $dff cell `$procdff$1671' with positive edge clock.
Creating register for signal `\top.\BoardY_BoardX_Life_DEFAULT_Yy_Xx_alive_a2[45]' using process `\top.$proc$life_flat_gen.sv:144$59'.
  created $dff cell `$procdff$1672' with positive edge clock.
Creating register for signal `\top.\BoardY_BoardX_Life_DEFAULT_Yy_Xx_alive_a2[46]' using process `\top.$proc$life_flat_gen.sv:144$58'.
  created $dff cell `$procdff$1673' with positive edge clock.
Creating register for signal `\top.\BoardY_BoardX_Life_DEFAULT_Yy_Xx_alive_a2[47]' using process `\top.$proc$life_flat_gen.sv:144$57'.
  created $dff cell `$procdff$1674' with positive edge clock.
Creating register for signal `\top.\BoardY_BoardX_Life_DEFAULT_Yy_Xx_alive_a2[48]' using process `\top.$proc$life_flat_gen.sv:144$56'.
  created $dff cell `$procdff$1675' with positive edge clock.
Creating register for signal `\top.\BoardY_BoardX_Life_DEFAULT_Yy_Xx_alive_a2[49]' using process `\top.$proc$life_flat_gen.sv:144$55'.
  created $dff cell `$procdff$1676' with positive edge clock.
Creating register for signal `\top.\BoardY_BoardX_Life_DEFAULT_Yy_Xx_alive_a2[50]' using process `\top.$proc$life_flat_gen.sv:144$54'.
  created $dff cell `$procdff$1677' with positive edge clock.
Creating register for signal `\top.\BoardY_BoardX_Life_DEFAULT_Yy_Xx_alive_a2[51]' using process `\top.$proc$life_flat_gen.sv:144$53'.
  created $dff cell `$procdff$1678' with positive edge clock.
Creating register for signal `\top.\BoardY_BoardX_Life_DEFAULT_Yy_Xx_alive_a2[52]' using process `\top.$proc$life_flat_gen.sv:144$52'.
  created $dff cell `$procdff$1679' with positive edge clock.
Creating register for signal `\top.\BoardY_BoardX_Life_DEFAULT_Yy_Xx_alive_a2[53]' using process `\top.$proc$life_flat_gen.sv:144$51'.
  created $dff cell `$procdff$1680' with positive edge clock.
Creating register for signal `\top.\BoardY_BoardX_Life_DEFAULT_Yy_Xx_alive_a2[54]' using process `\top.$proc$life_flat_gen.sv:144$50'.
  created $dff cell `$procdff$1681' with positive edge clock.
Creating register for signal `\top.\BoardY_BoardX_Life_DEFAULT_Yy_Xx_alive_a2[55]' using process `\top.$proc$life_flat_gen.sv:144$49'.
  created $dff cell `$procdff$1682' with positive edge clock.
Creating register for signal `\top.\BoardY_BoardX_Life_DEFAULT_Yy_Xx_alive_a2[56]' using process `\top.$proc$life_flat_gen.sv:144$48'.
  created $dff cell `$procdff$1683' with positive edge clock.
Creating register for signal `\top.\BoardY_BoardX_Life_DEFAULT_Yy_Xx_alive_a2[57]' using process `\top.$proc$life_flat_gen.sv:144$47'.
  created $dff cell `$procdff$1684' with positive edge clock.
Creating register for signal `\top.\BoardY_BoardX_Life_DEFAULT_Yy_Xx_alive_a2[58]' using process `\top.$proc$life_flat_gen.sv:144$46'.
  created $dff cell `$procdff$1685' with positive edge clock.
Creating register for signal `\top.\BoardY_BoardX_Life_DEFAULT_Yy_Xx_alive_a2[59]' using process `\top.$proc$life_flat_gen.sv:144$45'.
  created $dff cell `$procdff$1686' with positive edge clock.
Creating register for signal `\top.\BoardY_BoardX_Life_DEFAULT_Yy_Xx_alive_a2[60]' using process `\top.$proc$life_flat_gen.sv:144$44'.
  created $dff cell `$procdff$1687' with positive edge clock.
Creating register for signal `\top.\BoardY_BoardX_Life_DEFAULT_Yy_Xx_alive_a2[61]' using process `\top.$proc$life_flat_gen.sv:144$43'.
  created $dff cell `$procdff$1688' with positive edge clock.
Creating register for signal `\top.\BoardY_BoardX_Life_DEFAULT_Yy_Xx_alive_a2[62]' using process `\top.$proc$life_flat_gen.sv:144$42'.
  created $dff cell `$procdff$1689' with positive edge clock.
Creating register for signal `\top.\BoardY_BoardX_Life_DEFAULT_Yy_Xx_alive_a2[63]' using process `\top.$proc$life_flat_gen.sv:144$41'.
  created $dff cell `$procdff$1690' with positive edge clock.
Creating register for signal `\top.\BoardY_BoardX_Life_DEFAULT_Yy_Xx_alive_a2[64]' using process `\top.$proc$life_flat_gen.sv:144$40'.
  created $dff cell `$procdff$1691' with positive edge clock.
Creating register for signal `\top.\BoardY_BoardX_Life_DEFAULT_Yy_Xx_alive_a2[65]' using process `\top.$proc$life_flat_gen.sv:144$39'.
  created $dff cell `$procdff$1692' with positive edge clock.
Creating register for signal `\top.\BoardY_BoardX_Life_DEFAULT_Yy_Xx_alive_a2[66]' using process `\top.$proc$life_flat_gen.sv:144$38'.
  created $dff cell `$procdff$1693' with positive edge clock.
Creating register for signal `\top.\BoardY_BoardX_Life_DEFAULT_Yy_Xx_alive_a2[67]' using process `\top.$proc$life_flat_gen.sv:144$37'.
  created $dff cell `$procdff$1694' with positive edge clock.
Creating register for signal `\top.\BoardY_BoardX_Life_DEFAULT_Yy_Xx_alive_a2[68]' using process `\top.$proc$life_flat_gen.sv:144$36'.
  created $dff cell `$procdff$1695' with positive edge clock.
Creating register for signal `\top.\BoardY_BoardX_Life_DEFAULT_Yy_Xx_alive_a2[69]' using process `\top.$proc$life_flat_gen.sv:144$35'.
  created $dff cell `$procdff$1696' with positive edge clock.
Creating register for signal `\top.\BoardY_BoardX_Life_DEFAULT_Yy_Xx_alive_a2[70]' using process `\top.$proc$life_flat_gen.sv:144$34'.
  created $dff cell `$procdff$1697' with positive edge clock.
Creating register for signal `\top.\BoardY_BoardX_Life_DEFAULT_Yy_Xx_alive_a2[71]' using process `\top.$proc$life_flat_gen.sv:144$33'.
  created $dff cell `$procdff$1698' with positive edge clock.
Creating register for signal `\top.\BoardY_BoardX_Life_DEFAULT_Yy_Xx_alive_a2[72]' using process `\top.$proc$life_flat_gen.sv:144$32'.
  created $dff cell `$procdff$1699' with positive edge clock.
Creating register for signal `\top.\BoardY_BoardX_Life_DEFAULT_Yy_Xx_alive_a2[73]' using process `\top.$proc$life_flat_gen.sv:144$31'.
  created $dff cell `$procdff$1700' with positive edge clock.
Creating register for signal `\top.\BoardY_BoardX_Life_DEFAULT_Yy_Xx_alive_a2[74]' using process `\top.$proc$life_flat_gen.sv:144$30'.
  created $dff cell `$procdff$1701' with positive edge clock.
Creating register for signal `\top.\BoardY_BoardX_Life_DEFAULT_Yy_Xx_alive_a2[75]' using process `\top.$proc$life_flat_gen.sv:144$29'.
  created $dff cell `$procdff$1702' with positive edge clock.
Creating register for signal `\top.\BoardY_BoardX_Life_DEFAULT_Yy_Xx_alive_a2[76]' using process `\top.$proc$life_flat_gen.sv:144$28'.
  created $dff cell `$procdff$1703' with positive edge clock.
Creating register for signal `\top.\BoardY_BoardX_Life_DEFAULT_Yy_Xx_alive_a2[77]' using process `\top.$proc$life_flat_gen.sv:144$27'.
  created $dff cell `$procdff$1704' with positive edge clock.
Creating register for signal `\top.\BoardY_BoardX_Life_DEFAULT_Yy_Xx_alive_a2[78]' using process `\top.$proc$life_flat_gen.sv:144$26'.
  created $dff cell `$procdff$1705' with positive edge clock.
Creating register for signal `\top.\BoardY_BoardX_Life_DEFAULT_Yy_Xx_alive_a2[79]' using process `\top.$proc$life_flat_gen.sv:144$25'.
  created $dff cell `$procdff$1706' with positive edge clock.
Creating register for signal `\top.\BoardY_BoardX_Life_DEFAULT_Yy_Xx_alive_a2[80]' using process `\top.$proc$life_flat_gen.sv:144$24'.
  created $dff cell `$procdff$1707' with positive edge clock.
Creating register for signal `\top.\BoardY_BoardX_Life_DEFAULT_Yy_Xx_alive_a2[81]' using process `\top.$proc$life_flat_gen.sv:144$23'.
  created $dff cell `$procdff$1708' with positive edge clock.
Creating register for signal `\top.\BoardY_BoardX_Life_DEFAULT_Yy_Xx_alive_a2[82]' using process `\top.$proc$life_flat_gen.sv:144$22'.
  created $dff cell `$procdff$1709' with positive edge clock.
Creating register for signal `\top.\BoardY_BoardX_Life_DEFAULT_Yy_Xx_alive_a2[83]' using process `\top.$proc$life_flat_gen.sv:144$21'.
  created $dff cell `$procdff$1710' with positive edge clock.
Creating register for signal `\top.\BoardY_BoardX_Life_DEFAULT_Yy_Xx_alive_a2[84]' using process `\top.$proc$life_flat_gen.sv:144$20'.
  created $dff cell `$procdff$1711' with positive edge clock.
Creating register for signal `\top.\BoardY_BoardX_Life_DEFAULT_Yy_Xx_alive_a2[85]' using process `\top.$proc$life_flat_gen.sv:144$19'.
  created $dff cell `$procdff$1712' with positive edge clock.
Creating register for signal `\top.\BoardY_BoardX_Life_DEFAULT_Yy_Xx_alive_a2[86]' using process `\top.$proc$life_flat_gen.sv:144$18'.
  created $dff cell `$procdff$1713' with positive edge clock.
Creating register for signal `\top.\BoardY_BoardX_Life_DEFAULT_Yy_Xx_alive_a2[87]' using process `\top.$proc$life_flat_gen.sv:144$17'.
  created $dff cell `$procdff$1714' with positive edge clock.
Creating register for signal `\top.\BoardY_BoardX_Life_DEFAULT_Yy_Xx_alive_a2[88]' using process `\top.$proc$life_flat_gen.sv:144$16'.
  created $dff cell `$procdff$1715' with positive edge clock.
Creating register for signal `\top.\BoardY_BoardX_Life_DEFAULT_Yy_Xx_alive_a2[89]' using process `\top.$proc$life_flat_gen.sv:144$15'.
  created $dff cell `$procdff$1716' with positive edge clock.
Creating register for signal `\top.\BoardY_BoardX_Life_DEFAULT_Yy_Xx_alive_a2[90]' using process `\top.$proc$life_flat_gen.sv:144$14'.
  created $dff cell `$procdff$1717' with positive edge clock.
Creating register for signal `\top.\BoardY_BoardX_Life_DEFAULT_Yy_Xx_alive_a2[91]' using process `\top.$proc$life_flat_gen.sv:144$13'.
  created $dff cell `$procdff$1718' with positive edge clock.
Creating register for signal `\top.\BoardY_BoardX_Life_DEFAULT_Yy_Xx_alive_a2[92]' using process `\top.$proc$life_flat_gen.sv:144$12'.
  created $dff cell `$procdff$1719' with positive edge clock.
Creating register for signal `\top.\BoardY_BoardX_Life_DEFAULT_Yy_Xx_alive_a2[93]' using process `\top.$proc$life_flat_gen.sv:144$11'.
  created $dff cell `$procdff$1720' with positive edge clock.
Creating register for signal `\top.\BoardY_BoardX_Life_DEFAULT_Yy_Xx_alive_a2[94]' using process `\top.$proc$life_flat_gen.sv:144$10'.
  created $dff cell `$procdff$1721' with positive edge clock.
Creating register for signal `\top.\BoardY_BoardX_Life_DEFAULT_Yy_Xx_alive_a2[95]' using process `\top.$proc$life_flat_gen.sv:144$9'.
  created $dff cell `$procdff$1722' with positive edge clock.
Creating register for signal `\top.\BoardY_BoardX_Life_DEFAULT_Yy_Xx_alive_a2[96]' using process `\top.$proc$life_flat_gen.sv:144$8'.
  created $dff cell `$procdff$1723' with positive edge clock.
Creating register for signal `\top.\BoardY_BoardX_Life_DEFAULT_Yy_Xx_alive_a2[97]' using process `\top.$proc$life_flat_gen.sv:144$7'.
  created $dff cell `$procdff$1724' with positive edge clock.
Creating register for signal `\top.\BoardY_BoardX_Life_DEFAULT_Yy_Xx_alive_a2[98]' using process `\top.$proc$life_flat_gen.sv:144$6'.
  created $dff cell `$procdff$1725' with positive edge clock.
Creating register for signal `\top.\BoardY_BoardX_Life_DEFAULT_Yy_Xx_alive_a2[99]' using process `\top.$proc$life_flat_gen.sv:144$5'.
  created $dff cell `$procdff$1726' with positive edge clock.
Creating register for signal `\top.\BoardY_BoardX_Life_DEFAULT_Tb_stop_cnt_a3[0]' using process `\top.$proc$life_flat_gen.sv:130$4'.
  created $dff cell `$procdff$1727' with positive edge clock.
Creating register for signal `\top.\BoardY_BoardX_Life_DEFAULT_Tb_start_ok_a3[0]' using process `\top.$proc$life_flat_gen.sv:127$3'.
  created $dff cell `$procdff$1728' with positive edge clock.
Creating register for signal `\top.\BoardY_BoardX_Life_DEFAULT_reset_a2[0]' using process `\top.$proc$life_flat_gen.sv:119$2'.
  created $dff cell `$procdff$1729' with positive edge clock.

3.10. Executing PROC_MEMWR pass (convert process memory writes to cells).

3.11. Executing PROC_CLEAN pass (remove empty switches from decision trees).
Removing empty process `top.$proc$life_flat_gen.sv:0$105'.
Removing empty process `top.$proc$life_flat_gen.sv:144$104'.
Removing empty process `top.$proc$life_flat_gen.sv:144$103'.
Removing empty process `top.$proc$life_flat_gen.sv:144$102'.
Removing empty process `top.$proc$life_flat_gen.sv:144$101'.
Removing empty process `top.$proc$life_flat_gen.sv:144$100'.
Removing empty process `top.$proc$life_flat_gen.sv:144$99'.
Removing empty process `top.$proc$life_flat_gen.sv:144$98'.
Removing empty process `top.$proc$life_flat_gen.sv:144$97'.
Removing empty process `top.$proc$life_flat_gen.sv:144$96'.
Removing empty process `top.$proc$life_flat_gen.sv:144$95'.
Removing empty process `top.$proc$life_flat_gen.sv:144$94'.
Removing empty process `top.$proc$life_flat_gen.sv:144$93'.
Removing empty process `top.$proc$life_flat_gen.sv:144$92'.
Removing empty process `top.$proc$life_flat_gen.sv:144$91'.
Removing empty process `top.$proc$life_flat_gen.sv:144$90'.
Removing empty process `top.$proc$life_flat_gen.sv:144$89'.
Removing empty process `top.$proc$life_flat_gen.sv:144$88'.
Removing empty process `top.$proc$life_flat_gen.sv:144$87'.
Removing empty process `top.$proc$life_flat_gen.sv:144$86'.
Removing empty process `top.$proc$life_flat_gen.sv:144$85'.
Removing empty process `top.$proc$life_flat_gen.sv:144$84'.
Removing empty process `top.$proc$life_flat_gen.sv:144$83'.
Removing empty process `top.$proc$life_flat_gen.sv:144$82'.
Removing empty process `top.$proc$life_flat_gen.sv:144$81'.
Removing empty process `top.$proc$life_flat_gen.sv:144$80'.
Removing empty process `top.$proc$life_flat_gen.sv:144$79'.
Removing empty process `top.$proc$life_flat_gen.sv:144$78'.
Removing empty process `top.$proc$life_flat_gen.sv:144$77'.
Removing empty process `top.$proc$life_flat_gen.sv:144$76'.
Removing empty process `top.$proc$life_flat_gen.sv:144$75'.
Removing empty process `top.$proc$life_flat_gen.sv:144$74'.
Removing empty process `top.$proc$life_flat_gen.sv:144$73'.
Removing empty process `top.$proc$life_flat_gen.sv:144$72'.
Removing empty process `top.$proc$life_flat_gen.sv:144$71'.
Removing empty process `top.$proc$life_flat_gen.sv:144$70'.
Removing empty process `top.$proc$life_flat_gen.sv:144$69'.
Removing empty process `top.$proc$life_flat_gen.sv:144$68'.
Removing empty process `top.$proc$life_flat_gen.sv:144$67'.
Removing empty process `top.$proc$life_flat_gen.sv:144$66'.
Removing empty process `top.$proc$life_flat_gen.sv:144$65'.
Removing empty process `top.$proc$life_flat_gen.sv:144$64'.
Removing empty process `top.$proc$life_flat_gen.sv:144$63'.
Removing empty process `top.$proc$life_flat_gen.sv:144$62'.
Removing empty process `top.$proc$life_flat_gen.sv:144$61'.
Removing empty process `top.$proc$life_flat_gen.sv:144$60'.
Removing empty process `top.$proc$life_flat_gen.sv:144$59'.
Removing empty process `top.$proc$life_flat_gen.sv:144$58'.
Removing empty process `top.$proc$life_flat_gen.sv:144$57'.
Removing empty process `top.$proc$life_flat_gen.sv:144$56'.
Removing empty process `top.$proc$life_flat_gen.sv:144$55'.
Removing empty process `top.$proc$life_flat_gen.sv:144$54'.
Removing empty process `top.$proc$life_flat_gen.sv:144$53'.
Removing empty process `top.$proc$life_flat_gen.sv:144$52'.
Removing empty process `top.$proc$life_flat_gen.sv:144$51'.
Removing empty process `top.$proc$life_flat_gen.sv:144$50'.
Removing empty process `top.$proc$life_flat_gen.sv:144$49'.
Removing empty process `top.$proc$life_flat_gen.sv:144$48'.
Removing empty process `top.$proc$life_flat_gen.sv:144$47'.
Removing empty process `top.$proc$life_flat_gen.sv:144$46'.
Removing empty process `top.$proc$life_flat_gen.sv:144$45'.
Removing empty process `top.$proc$life_flat_gen.sv:144$44'.
Removing empty process `top.$proc$life_flat_gen.sv:144$43'.
Removing empty process `top.$proc$life_flat_gen.sv:144$42'.
Removing empty process `top.$proc$life_flat_gen.sv:144$41'.
Removing empty process `top.$proc$life_flat_gen.sv:144$40'.
Removing empty process `top.$proc$life_flat_gen.sv:144$39'.
Removing empty process `top.$proc$life_flat_gen.sv:144$38'.
Removing empty process `top.$proc$life_flat_gen.sv:144$37'.
Removing empty process `top.$proc$life_flat_gen.sv:144$36'.
Removing empty process `top.$proc$life_flat_gen.sv:144$35'.
Removing empty process `top.$proc$life_flat_gen.sv:144$34'.
Removing empty process `top.$proc$life_flat_gen.sv:144$33'.
Removing empty process `top.$proc$life_flat_gen.sv:144$32'.
Removing empty process `top.$proc$life_flat_gen.sv:144$31'.
Removing empty process `top.$proc$life_flat_gen.sv:144$30'.
Removing empty process `top.$proc$life_flat_gen.sv:144$29'.
Removing empty process `top.$proc$life_flat_gen.sv:144$28'.
Removing empty process `top.$proc$life_flat_gen.sv:144$27'.
Removing empty process `top.$proc$life_flat_gen.sv:144$26'.
Removing empty process `top.$proc$life_flat_gen.sv:144$25'.
Removing empty process `top.$proc$life_flat_gen.sv:144$24'.
Removing empty process `top.$proc$life_flat_gen.sv:144$23'.
Removing empty process `top.$proc$life_flat_gen.sv:144$22'.
Removing empty process `top.$proc$life_flat_gen.sv:144$21'.
Removing empty process `top.$proc$life_flat_gen.sv:144$20'.
Removing empty process `top.$proc$life_flat_gen.sv:144$19'.
Removing empty process `top.$proc$life_flat_gen.sv:144$18'.
Removing empty process `top.$proc$life_flat_gen.sv:144$17'.
Removing empty process `top.$proc$life_flat_gen.sv:144$16'.
Removing empty process `top.$proc$life_flat_gen.sv:144$15'.
Removing empty process `top.$proc$life_flat_gen.sv:144$14'.
Removing empty process `top.$proc$life_flat_gen.sv:144$13'.
Removing empty process `top.$proc$life_flat_gen.sv:144$12'.
Removing empty process `top.$proc$life_flat_gen.sv:144$11'.
Removing empty process `top.$proc$life_flat_gen.sv:144$10'.
Removing empty process `top.$proc$life_flat_gen.sv:144$9'.
Removing empty process `top.$proc$life_flat_gen.sv:144$8'.
Removing empty process `top.$proc$life_flat_gen.sv:144$7'.
Removing empty process `top.$proc$life_flat_gen.sv:144$6'.
Removing empty process `top.$proc$life_flat_gen.sv:144$5'.
Removing empty process `top.$proc$life_flat_gen.sv:130$4'.
Removing empty process `top.$proc$life_flat_gen.sv:127$3'.
Removing empty process `top.$proc$life_flat_gen.sv:119$2'.
Cleaned up 0 empty switches.

3.12. Executing OPT_EXPR pass (perform const folding).
Optimizing module top.
<suppressed ~402 debug messages>

4. Executing SPLITNETS pass (splitting up multi-bit signals).

5. Executing OPT_CLEAN pass (remove unused cells and wires).
Finding unused cells or wires in module \top..
Removed 0 unused cells and 6218 unused wires.
<suppressed ~1 debug messages>

6. Executing SUBMOD pass (moving cells to submodules as requested).

6.1. Executing OPT_CLEAN pass (remove unused cells and wires).
Finding unused cells or wires in module \top..

6.2. Continuing SUBMOD pass.
Creating submodule life_cell_0 (\life_cell_0) of module \top.
Warning: Port directions for cell \pseudo_rand (\pseudo_rand) are unknown. Assuming inout for all ports.
  signal \clk: input \clk
  signal \BoardY_BoardX_Life_DEFAULT_Yy_Xx_alive_a1[0]: internal
  signal $add$life.tlv:76$1493_Y[0]: internal
  signal \reset: input \reset
  signal \BoardY_BoardX_Life_DEFAULT_Yy_Xx_cnt_a1[0][0]: internal
  signal \BoardY_BoardX_Life_DEFAULT_Yy_Xx_cnt_a1[0][1]: internal
  signal \BoardY_BoardX_Life_DEFAULT_Yy_Xx_cnt_a1[0][2]: internal
  signal \BoardY_BoardX_Life_DEFAULT_Yy_Xx_cnt_a1[0][3]: internal
  signal \BoardY_BoardX_Life_DEFAULT_Yy_Xx_alive_a1[11]: input \BoardY_BoardX_Life_DEFAULT_Yy_Xx_alive_a1[11]
  signal \BoardY_BoardX_Life_DEFAULT_Yy_Xx_alive_a1[1]: input \BoardY_BoardX_Life_DEFAULT_Yy_Xx_alive_a1[1]
  signal \BoardY_BoardX_Life_DEFAULT_Yy_Xx_row_cnt_a1[10][0]: output \BoardY_BoardX_Life_DEFAULT_Yy_Xx_row_cnt_a1[10][0]
  signal \BoardY_BoardX_Life_DEFAULT_Yy_Xx_row_cnt_a1[10][1]: output \BoardY_BoardX_Life_DEFAULT_Yy_Xx_row_cnt_a1[10][1]
  signal \BoardY_BoardX_Life_DEFAULT_Yy_Xx_alive_a2[11]: output \BoardY_BoardX_Life_DEFAULT_Yy_Xx_alive_a2[11]
  signal $add$life.tlv:76$1353_Y[0]: internal
  signal $add$life.tlv:76$1353_Y[1]: internal
  signal $add$life.tlv:76$1493_Y[1]: internal
  signal \BoardY_BoardX_Life_DEFAULT_Yy_Xx_alive_a1[10]: input \BoardY_BoardX_Life_DEFAULT_Yy_Xx_alive_a1[10]
  signal \BoardY_BoardX_Life_DEFAULT_Yy_Xx_row_cnt_a1[0][0]: output \BoardY_BoardX_Life_DEFAULT_Yy_Xx_row_cnt_a1[0][0]
  signal \BoardY_BoardX_Life_DEFAULT_Yy_Xx_row_cnt_a1[0][1]: output \BoardY_BoardX_Life_DEFAULT_Yy_Xx_row_cnt_a1[0][1]
  signal \BoardY_BoardX_Life_DEFAULT_Yy_Xx_alive_a2[10]: output \BoardY_BoardX_Life_DEFAULT_Yy_Xx_alive_a2[10]
  signal \RW_rand_raw[117]: input \RW_rand_raw[117]
  signal \BoardY_BoardX_Life_DEFAULT_Yy_Xx_alive_a2[1]: output \BoardY_BoardX_Life_DEFAULT_Yy_Xx_alive_a2[1]
  signal \BoardY_BoardX_Life_DEFAULT_Yy_Xx_alive_a2[0]: output \BoardY_BoardX_Life_DEFAULT_Yy_Xx_alive_a2[0]
  signal $add$life.tlv:80$1497_Y[0]: internal
  signal $add$life.tlv:80$1497_Y[1]: internal
  signal $add$life.tlv:80$1497_Y[2]: internal
  signal $add$life.tlv:80$1497_Y[3]: internal
  signal $ge$life.tlv:95$1500_Y: internal
  signal $le$life.tlv:95$1501_Y: internal
  signal $logic_and$life.tlv:95$1502_Y: internal
  signal $eq$life.tlv:96$1503_Y: internal
  signal $ternary$life.tlv:95$1504_Y: internal
  cell $ternary$life.tlv:95$1504 ($mux)
  cell $ternary$life.tlv:94$1505 ($mux)
  cell $procdff$1638 ($dff)
  cell $procdff$1637 ($dff)
  cell $procdff$1628 ($dff)
  cell $procdff$1627 ($dff)
  cell $logic_and$life.tlv:95$1502 ($logic_and)
  cell $le$life.tlv:95$1501 ($le)
  cell $ge$life.tlv:95$1500 ($ge)
  cell $eq$life.tlv:96$1503 ($eq)
  cell $add$life.tlv:80$1499 ($add)
  cell $add$life.tlv:80$1497 ($add)
  cell $add$life.tlv:76$1495 ($add)
  cell $add$life.tlv:76$1493 ($add)
  cell $add$life.tlv:76$1355 ($add)
  cell $add$life.tlv:76$1353 ($add)

7. Executing SUBMOD pass (moving cells to submodules as requested).

7.1. Executing OPT_CLEAN pass (remove unused cells and wires).
Finding unused cells or wires in module \top..
Removed 0 unused cells and 17 unused wires.
<suppressed ~5 debug messages>

7.2. Continuing SUBMOD pass.
Creating submodule life_cell_1 (\life_cell_1) of module \top.
Warning: Port directions for cell \pseudo_rand (\pseudo_rand) are unknown. Assuming inout for all ports.
  signal \clk: input \clk
  signal $add$life.tlv:80$1483_Y[0]: internal
  signal $add$life.tlv:80$1483_Y[1]: internal
  signal $add$life.tlv:80$1483_Y[2]: internal
  signal $add$life.tlv:80$1483_Y[3]: internal
  signal \reset: input \reset
  signal \BoardY_BoardX_Life_DEFAULT_Yy_Xx_row_cnt_a1[1][0]: output \BoardY_BoardX_Life_DEFAULT_Yy_Xx_row_cnt_a1[1][0]
  signal \BoardY_BoardX_Life_DEFAULT_Yy_Xx_cnt_a1[1][3]: internal
  signal \BoardY_BoardX_Life_DEFAULT_Yy_Xx_row_cnt_a1[1][1]: output \BoardY_BoardX_Life_DEFAULT_Yy_Xx_row_cnt_a1[1][1]
  signal \BoardY_BoardX_Life_DEFAULT_Yy_Xx_alive_a1[1]: output \BoardY_BoardX_Life_DEFAULT_Yy_Xx_alive_a1[1]
  signal \BoardY_BoardX_Life_DEFAULT_Yy_Xx_alive_a1[2]: input \BoardY_BoardX_Life_DEFAULT_Yy_Xx_alive_a1[2]
  signal \BoardY_BoardX_Life_DEFAULT_Yy_Xx_row_cnt_a1[11][0]: output \BoardY_BoardX_Life_DEFAULT_Yy_Xx_row_cnt_a1[11][0]
  signal \BoardY_BoardX_Life_DEFAULT_Yy_Xx_row_cnt_a1[11][1]: output \BoardY_BoardX_Life_DEFAULT_Yy_Xx_row_cnt_a1[11][1]
  signal \RW_rand_raw[105]: input \RW_rand_raw[105]
  signal \BoardY_BoardX_Life_DEFAULT_Yy_Xx_alive_a2[11]: input \BoardY_BoardX_Life_DEFAULT_Yy_Xx_alive_a2[11]
  signal \BoardY_BoardX_Life_DEFAULT_Yy_Xx_alive_a2[10]: input \BoardY_BoardX_Life_DEFAULT_Yy_Xx_alive_a2[10]
  signal \BoardY_BoardX_Life_DEFAULT_Yy_Xx_alive_a2[2]: output \BoardY_BoardX_Life_DEFAULT_Yy_Xx_alive_a2[2]
  signal \BoardY_BoardX_Life_DEFAULT_Yy_Xx_alive_a2[12]: output \BoardY_BoardX_Life_DEFAULT_Yy_Xx_alive_a2[12]
  signal $add$life.tlv:76$1339_Y[0]: internal
  signal $add$life.tlv:76$1339_Y[1]: internal
  signal \BoardY_BoardX_Life_DEFAULT_Yy_Xx_alive_a2[1]: input \BoardY_BoardX_Life_DEFAULT_Yy_Xx_alive_a2[1]
  signal $add$life.tlv:76$1479_Y[0]: internal
  signal $add$life.tlv:76$1479_Y[1]: internal
  signal \BoardY_BoardX_Life_DEFAULT_Yy_Xx_alive_a2[0]: input \BoardY_BoardX_Life_DEFAULT_Yy_Xx_alive_a2[0]
  signal \BoardY_BoardX_Life_DEFAULT_Yy_Xx_alive_a1[12]: input \BoardY_BoardX_Life_DEFAULT_Yy_Xx_alive_a1[12]
  signal \BoardY_BoardX_Life_DEFAULT_Yy_Xx_cnt_a1[1][0]: internal
  signal \BoardY_BoardX_Life_DEFAULT_Yy_Xx_cnt_a1[1][1]: internal
  signal \BoardY_BoardX_Life_DEFAULT_Yy_Xx_cnt_a1[1][2]: internal
  signal $ge$life.tlv:95$1486_Y: internal
  signal $le$life.tlv:95$1487_Y: internal
  signal $logic_and$life.tlv:95$1488_Y: internal
  signal $eq$life.tlv:96$1489_Y: internal
  signal $ternary$life.tlv:95$1490_Y: internal
  cell $ternary$life.tlv:95$1490 ($mux)
  cell $ternary$life.tlv:94$1491 ($mux)
  cell $procdff$1639 ($dff)
  cell $procdff$1629 ($dff)
  cell $logic_and$life.tlv:95$1488 ($logic_and)
  cell $le$life.tlv:95$1487 ($le)
  cell $ge$life.tlv:95$1486 ($ge)
  cell $eq$life.tlv:96$1489 ($eq)
  cell $add$life.tlv:80$1485 ($add)
  cell $add$life.tlv:80$1483 ($add)
  cell $add$life.tlv:76$1481 ($add)
  cell $add$life.tlv:76$1479 ($add)
  cell $add$life.tlv:76$1341 ($add)
  cell $add$life.tlv:76$1339 ($add)

8. Executing SUBMOD pass (moving cells to submodules as requested).

8.1. Executing OPT_CLEAN pass (remove unused cells and wires).
Finding unused cells or wires in module \top..
Removed 0 unused cells and 17 unused wires.
<suppressed ~5 debug messages>

8.2. Continuing SUBMOD pass.
Creating submodule life_cell_2 (\life_cell_2) of module \top.
Warning: Port directions for cell \pseudo_rand (\pseudo_rand) are unknown. Assuming inout for all ports.
  signal \clk: input \clk
  signal \BoardY_BoardX_Life_DEFAULT_Yy_Xx_cnt_a1[2][0]: internal
  signal \BoardY_BoardX_Life_DEFAULT_Yy_Xx_cnt_a1[2][1]: internal
  signal \reset: input \reset
  signal \BoardY_BoardX_Life_DEFAULT_Yy_Xx_cnt_a1[2][2]: internal
  signal \BoardY_BoardX_Life_DEFAULT_Yy_Xx_cnt_a1[2][3]: internal
  signal \BoardY_BoardX_Life_DEFAULT_Yy_Xx_row_cnt_a1[12][0]: output \BoardY_BoardX_Life_DEFAULT_Yy_Xx_row_cnt_a1[12][0]
  signal \BoardY_BoardX_Life_DEFAULT_Yy_Xx_row_cnt_a1[12][1]: output \BoardY_BoardX_Life_DEFAULT_Yy_Xx_row_cnt_a1[12][1]
  signal \BoardY_BoardX_Life_DEFAULT_Yy_Xx_row_cnt_a1[2][0]: output \BoardY_BoardX_Life_DEFAULT_Yy_Xx_row_cnt_a1[2][0]
  signal \BoardY_BoardX_Life_DEFAULT_Yy_Xx_row_cnt_a1[2][1]: output \BoardY_BoardX_Life_DEFAULT_Yy_Xx_row_cnt_a1[2][1]
  signal \BoardY_BoardX_Life_DEFAULT_Yy_Xx_alive_a1[2]: output \BoardY_BoardX_Life_DEFAULT_Yy_Xx_alive_a1[2]
  signal \BoardY_BoardX_Life_DEFAULT_Yy_Xx_alive_a2[3]: output \BoardY_BoardX_Life_DEFAULT_Yy_Xx_alive_a2[3]
  signal \BoardY_BoardX_Life_DEFAULT_Yy_Xx_alive_a2[11]: input \BoardY_BoardX_Life_DEFAULT_Yy_Xx_alive_a2[11]
  signal $add$life.tlv:76$1465_Y[0]: internal
  signal $add$life.tlv:76$1465_Y[1]: internal
  signal $add$life.tlv:80$1469_Y[0]: internal
  signal $add$life.tlv:80$1469_Y[1]: internal
  signal $add$life.tlv:80$1469_Y[2]: internal
  signal \RW_rand_raw[33]: input \RW_rand_raw[33]
  signal \BoardY_BoardX_Life_DEFAULT_Yy_Xx_alive_a1[13]: input \BoardY_BoardX_Life_DEFAULT_Yy_Xx_alive_a1[13]
  signal \BoardY_BoardX_Life_DEFAULT_Yy_Xx_alive_a1[3]: input \BoardY_BoardX_Life_DEFAULT_Yy_Xx_alive_a1[3]
  signal \BoardY_BoardX_Life_DEFAULT_Yy_Xx_alive_a2[13]: output \BoardY_BoardX_Life_DEFAULT_Yy_Xx_alive_a2[13]
  signal \BoardY_BoardX_Life_DEFAULT_Yy_Xx_alive_a2[2]: input \BoardY_BoardX_Life_DEFAULT_Yy_Xx_alive_a2[2]
  signal $add$life.tlv:76$1325_Y[0]: internal
  signal $add$life.tlv:76$1325_Y[1]: internal
  signal \BoardY_BoardX_Life_DEFAULT_Yy_Xx_alive_a2[12]: input \BoardY_BoardX_Life_DEFAULT_Yy_Xx_alive_a2[12]
  signal \BoardY_BoardX_Life_DEFAULT_Yy_Xx_alive_a2[1]: input \BoardY_BoardX_Life_DEFAULT_Yy_Xx_alive_a2[1]
  signal $add$life.tlv:80$1469_Y[3]: internal
  signal $ge$life.tlv:95$1472_Y: internal
  signal $le$life.tlv:95$1473_Y: internal
  signal $logic_and$life.tlv:95$1474_Y: internal
  signal $eq$life.tlv:96$1475_Y: internal
  signal $ternary$life.tlv:95$1476_Y: internal
  cell $ternary$life.tlv:95$1476 ($mux)
  cell $ternary$life.tlv:94$1477 ($mux)
  cell $procdff$1640 ($dff)
  cell $procdff$1630 ($dff)
  cell $logic_and$life.tlv:95$1474 ($logic_and)
  cell $le$life.tlv:95$1473 ($le)
  cell $ge$life.tlv:95$1472 ($ge)
  cell $eq$life.tlv:96$1475 ($eq)
  cell $add$life.tlv:80$1471 ($add)
  cell $add$life.tlv:80$1469 ($add)
  cell $add$life.tlv:76$1467 ($add)
  cell $add$life.tlv:76$1465 ($add)
  cell $add$life.tlv:76$1327 ($add)
  cell $add$life.tlv:76$1325 ($add)

9. Executing SUBMOD pass (moving cells to submodules as requested).

9.1. Executing OPT_CLEAN pass (remove unused cells and wires).
Finding unused cells or wires in module \top..
Removed 0 unused cells and 17 unused wires.
<suppressed ~5 debug messages>

9.2. Continuing SUBMOD pass.
Creating submodule life_cell_3 (\life_cell_3) of module \top.
Warning: Port directions for cell \pseudo_rand (\pseudo_rand) are unknown. Assuming inout for all ports.
  signal \clk: input \clk
  signal \reset: input \reset
  signal \BoardY_BoardX_Life_DEFAULT_Yy_Xx_row_cnt_a1[3][0]: output \BoardY_BoardX_Life_DEFAULT_Yy_Xx_row_cnt_a1[3][0]
  signal \BoardY_BoardX_Life_DEFAULT_Yy_Xx_row_cnt_a1[3][1]: output \BoardY_BoardX_Life_DEFAULT_Yy_Xx_row_cnt_a1[3][1]
  signal \BoardY_BoardX_Life_DEFAULT_Yy_Xx_alive_a2[3]: input \BoardY_BoardX_Life_DEFAULT_Yy_Xx_alive_a2[3]
  signal \BoardY_BoardX_Life_DEFAULT_Yy_Xx_alive_a1[4]: input \BoardY_BoardX_Life_DEFAULT_Yy_Xx_alive_a1[4]
  signal \BoardY_BoardX_Life_DEFAULT_Yy_Xx_cnt_a1[3][0]: internal
  signal \BoardY_BoardX_Life_DEFAULT_Yy_Xx_cnt_a1[3][1]: internal
  signal $add$life.tlv:76$1451_Y[1]: internal
  signal $add$life.tlv:80$1455_Y[0]: internal
  signal $add$life.tlv:80$1455_Y[1]: internal
  signal $add$life.tlv:80$1455_Y[2]: internal
  signal $add$life.tlv:80$1455_Y[3]: internal
  signal \BoardY_BoardX_Life_DEFAULT_Yy_Xx_alive_a1[3]: output \BoardY_BoardX_Life_DEFAULT_Yy_Xx_alive_a1[3]
  signal \BoardY_BoardX_Life_DEFAULT_Yy_Xx_cnt_a1[3][2]: internal
  signal \BoardY_BoardX_Life_DEFAULT_Yy_Xx_cnt_a1[3][3]: internal
  signal \BoardY_BoardX_Life_DEFAULT_Yy_Xx_alive_a2[14]: output \BoardY_BoardX_Life_DEFAULT_Yy_Xx_alive_a2[14]
  signal \BoardY_BoardX_Life_DEFAULT_Yy_Xx_alive_a2[13]: input \BoardY_BoardX_Life_DEFAULT_Yy_Xx_alive_a2[13]
  signal $add$life.tlv:76$1451_Y[0]: internal
  signal $add$life.tlv:76$1311_Y[0]: internal
  signal $add$life.tlv:76$1311_Y[1]: internal
  signal \BoardY_BoardX_Life_DEFAULT_Yy_Xx_row_cnt_a1[13][0]: output \BoardY_BoardX_Life_DEFAULT_Yy_Xx_row_cnt_a1[13][0]
  signal \BoardY_BoardX_Life_DEFAULT_Yy_Xx_row_cnt_a1[13][1]: output \BoardY_BoardX_Life_DEFAULT_Yy_Xx_row_cnt_a1[13][1]
  signal \BoardY_BoardX_Life_DEFAULT_Yy_Xx_alive_a2[2]: input \BoardY_BoardX_Life_DEFAULT_Yy_Xx_alive_a2[2]
  signal \BoardY_BoardX_Life_DEFAULT_Yy_Xx_alive_a2[4]: output \BoardY_BoardX_Life_DEFAULT_Yy_Xx_alive_a2[4]
  signal \BoardY_BoardX_Life_DEFAULT_Yy_Xx_alive_a2[12]: input \BoardY_BoardX_Life_DEFAULT_Yy_Xx_alive_a2[12]
  signal \RW_rand_raw[45]: input \RW_rand_raw[45]
  signal \BoardY_BoardX_Life_DEFAULT_Yy_Xx_alive_a1[14]: input \BoardY_BoardX_Life_DEFAULT_Yy_Xx_alive_a1[14]
  signal $ge$life.tlv:95$1458_Y: internal
  signal $le$life.tlv:95$1459_Y: internal
  signal $logic_and$life.tlv:95$1460_Y: internal
  signal $eq$life.tlv:96$1461_Y: internal
  signal $ternary$life.tlv:95$1462_Y: internal
  cell $ternary$life.tlv:95$1462 ($mux)
  cell $ternary$life.tlv:94$1463 ($mux)
  cell $procdff$1641 ($dff)
  cell $procdff$1631 ($dff)
  cell $logic_and$life.tlv:95$1460 ($logic_and)
  cell $le$life.tlv:95$1459 ($le)
  cell $ge$life.tlv:95$1458 ($ge)
  cell $eq$life.tlv:96$1461 ($eq)
  cell $add$life.tlv:80$1457 ($add)
  cell $add$life.tlv:80$1455 ($add)
  cell $add$life.tlv:76$1453 ($add)
  cell $add$life.tlv:76$1451 ($add)
  cell $add$life.tlv:76$1313 ($add)
  cell $add$life.tlv:76$1311 ($add)

10. Executing SUBMOD pass (moving cells to submodules as requested).

10.1. Executing OPT_CLEAN pass (remove unused cells and wires).
Finding unused cells or wires in module \top..
Removed 0 unused cells and 17 unused wires.
<suppressed ~5 debug messages>

10.2. Continuing SUBMOD pass.
Creating submodule life_cell_4 (\life_cell_4) of module \top.
Warning: Port directions for cell \pseudo_rand (\pseudo_rand) are unknown. Assuming inout for all ports.
  signal \clk: input \clk
  signal $add$life.tlv:76$1297_Y[0]: internal
  signal \reset: input \reset
  signal \BoardY_BoardX_Life_DEFAULT_Yy_Xx_alive_a2[3]: input \BoardY_BoardX_Life_DEFAULT_Yy_Xx_alive_a2[3]
  signal \BoardY_BoardX_Life_DEFAULT_Yy_Xx_alive_a1[4]: output \BoardY_BoardX_Life_DEFAULT_Yy_Xx_alive_a1[4]
  signal \BoardY_BoardX_Life_DEFAULT_Yy_Xx_alive_a1[5]: input \BoardY_BoardX_Life_DEFAULT_Yy_Xx_alive_a1[5]
  signal \BoardY_BoardX_Life_DEFAULT_Yy_Xx_alive_a2[15]: output \BoardY_BoardX_Life_DEFAULT_Yy_Xx_alive_a2[15]
  signal \BoardY_BoardX_Life_DEFAULT_Yy_Xx_cnt_a1[4][0]: internal
  signal \BoardY_BoardX_Life_DEFAULT_Yy_Xx_cnt_a1[4][1]: internal
  signal \BoardY_BoardX_Life_DEFAULT_Yy_Xx_cnt_a1[4][2]: internal
  signal \BoardY_BoardX_Life_DEFAULT_Yy_Xx_cnt_a1[4][3]: internal
  signal \BoardY_BoardX_Life_DEFAULT_Yy_Xx_alive_a2[5]: output \BoardY_BoardX_Life_DEFAULT_Yy_Xx_alive_a2[5]
  signal \BoardY_BoardX_Life_DEFAULT_Yy_Xx_row_cnt_a1[4][0]: output \BoardY_BoardX_Life_DEFAULT_Yy_Xx_row_cnt_a1[4][0]
  signal \BoardY_BoardX_Life_DEFAULT_Yy_Xx_alive_a2[14]: input \BoardY_BoardX_Life_DEFAULT_Yy_Xx_alive_a2[14]
  signal \BoardY_BoardX_Life_DEFAULT_Yy_Xx_alive_a2[13]: input \BoardY_BoardX_Life_DEFAULT_Yy_Xx_alive_a2[13]
  signal \BoardY_BoardX_Life_DEFAULT_Yy_Xx_row_cnt_a1[4][1]: output \BoardY_BoardX_Life_DEFAULT_Yy_Xx_row_cnt_a1[4][1]
  signal $add$life.tlv:80$1441_Y[0]: internal
  signal $add$life.tlv:80$1441_Y[1]: internal
  signal $add$life.tlv:80$1441_Y[2]: internal
  signal $add$life.tlv:80$1441_Y[3]: internal
  signal \BoardY_BoardX_Life_DEFAULT_Yy_Xx_alive_a2[4]: input \BoardY_BoardX_Life_DEFAULT_Yy_Xx_alive_a2[4]
  signal \RW_rand_raw[53]: input \RW_rand_raw[53]
  signal $add$life.tlv:76$1437_Y[0]: internal
  signal $add$life.tlv:76$1437_Y[1]: internal
  signal $add$life.tlv:76$1297_Y[1]: internal
  signal \BoardY_BoardX_Life_DEFAULT_Yy_Xx_row_cnt_a1[14][0]: output \BoardY_BoardX_Life_DEFAULT_Yy_Xx_row_cnt_a1[14][0]
  signal \BoardY_BoardX_Life_DEFAULT_Yy_Xx_row_cnt_a1[14][1]: output \BoardY_BoardX_Life_DEFAULT_Yy_Xx_row_cnt_a1[14][1]
  signal \BoardY_BoardX_Life_DEFAULT_Yy_Xx_alive_a1[15]: input \BoardY_BoardX_Life_DEFAULT_Yy_Xx_alive_a1[15]
  signal $ge$life.tlv:95$1444_Y: internal
  signal $le$life.tlv:95$1445_Y: internal
  signal $logic_and$life.tlv:95$1446_Y: internal
  signal $eq$life.tlv:96$1447_Y: internal
  signal $ternary$life.tlv:95$1448_Y: internal
  cell $ternary$life.tlv:95$1448 ($mux)
  cell $ternary$life.tlv:94$1449 ($mux)
  cell $procdff$1642 ($dff)
  cell $procdff$1632 ($dff)
  cell $logic_and$life.tlv:95$1446 ($logic_and)
  cell $le$life.tlv:95$1445 ($le)
  cell $ge$life.tlv:95$1444 ($ge)
  cell $eq$life.tlv:96$1447 ($eq)
  cell $add$life.tlv:80$1443 ($add)
  cell $add$life.tlv:80$1441 ($add)
  cell $add$life.tlv:76$1439 ($add)
  cell $add$life.tlv:76$1437 ($add)
  cell $add$life.tlv:76$1299 ($add)
  cell $add$life.tlv:76$1297 ($add)

11. Executing SUBMOD pass (moving cells to submodules as requested).

11.1. Executing OPT_CLEAN pass (remove unused cells and wires).
Finding unused cells or wires in module \top..
Removed 0 unused cells and 17 unused wires.
<suppressed ~5 debug messages>

11.2. Continuing SUBMOD pass.
Creating submodule life_cell_5 (\life_cell_5) of module \top.
Warning: Port directions for cell \pseudo_rand (\pseudo_rand) are unknown. Assuming inout for all ports.
  signal \clk: input \clk
  signal \reset: input \reset
  signal \BoardY_BoardX_Life_DEFAULT_Yy_Xx_row_cnt_a1[5][0]: output \BoardY_BoardX_Life_DEFAULT_Yy_Xx_row_cnt_a1[5][0]
  signal \BoardY_BoardX_Life_DEFAULT_Yy_Xx_row_cnt_a1[5][1]: output \BoardY_BoardX_Life_DEFAULT_Yy_Xx_row_cnt_a1[5][1]
  signal \BoardY_BoardX_Life_DEFAULT_Yy_Xx_row_cnt_a1[15][1]: output \BoardY_BoardX_Life_DEFAULT_Yy_Xx_row_cnt_a1[15][1]
  signal \BoardY_BoardX_Life_DEFAULT_Yy_Xx_alive_a1[5]: output \BoardY_BoardX_Life_DEFAULT_Yy_Xx_alive_a1[5]
  signal \BoardY_BoardX_Life_DEFAULT_Yy_Xx_alive_a2[16]: output \BoardY_BoardX_Life_DEFAULT_Yy_Xx_alive_a2[16]
  signal \BoardY_BoardX_Life_DEFAULT_Yy_Xx_alive_a2[6]: output \BoardY_BoardX_Life_DEFAULT_Yy_Xx_alive_a2[6]
  signal \RW_rand_raw[49]: input \RW_rand_raw[49]
  signal \BoardY_BoardX_Life_DEFAULT_Yy_Xx_alive_a2[15]: input \BoardY_BoardX_Life_DEFAULT_Yy_Xx_alive_a2[15]
  signal \BoardY_BoardX_Life_DEFAULT_Yy_Xx_alive_a2[5]: input \BoardY_BoardX_Life_DEFAULT_Yy_Xx_alive_a2[5]
  signal $add$life.tlv:76$1283_Y[0]: internal
  signal $add$life.tlv:76$1283_Y[1]: internal
  signal \BoardY_BoardX_Life_DEFAULT_Yy_Xx_alive_a1[16]: input \BoardY_BoardX_Life_DEFAULT_Yy_Xx_alive_a1[16]
  signal \BoardY_BoardX_Life_DEFAULT_Yy_Xx_alive_a2[14]: input \BoardY_BoardX_Life_DEFAULT_Yy_Xx_alive_a2[14]
  signal \BoardY_BoardX_Life_DEFAULT_Yy_Xx_cnt_a1[5][3]: internal
  signal \BoardY_BoardX_Life_DEFAULT_Yy_Xx_cnt_a1[5][0]: internal
  signal \BoardY_BoardX_Life_DEFAULT_Yy_Xx_cnt_a1[5][1]: internal
  signal \BoardY_BoardX_Life_DEFAULT_Yy_Xx_cnt_a1[5][2]: internal
  signal \BoardY_BoardX_Life_DEFAULT_Yy_Xx_alive_a2[4]: input \BoardY_BoardX_Life_DEFAULT_Yy_Xx_alive_a2[4]
  signal $add$life.tlv:80$1427_Y[3]: internal
  signal $add$life.tlv:76$1423_Y[0]: internal
  signal $add$life.tlv:76$1423_Y[1]: internal
  signal $add$life.tlv:80$1427_Y[0]: internal
  signal $add$life.tlv:80$1427_Y[1]: internal
  signal $add$life.tlv:80$1427_Y[2]: internal
  signal \BoardY_BoardX_Life_DEFAULT_Yy_Xx_row_cnt_a1[15][0]: output \BoardY_BoardX_Life_DEFAULT_Yy_Xx_row_cnt_a1[15][0]
  signal \BoardY_BoardX_Life_DEFAULT_Yy_Xx_alive_a1[6]: input \BoardY_BoardX_Life_DEFAULT_Yy_Xx_alive_a1[6]
  signal $ge$life.tlv:95$1430_Y: internal
  signal $le$life.tlv:95$1431_Y: internal
  signal $logic_and$life.tlv:95$1432_Y: internal
  signal $eq$life.tlv:96$1433_Y: internal
  signal $ternary$life.tlv:95$1434_Y: internal
  cell $ternary$life.tlv:95$1434 ($mux)
  cell $ternary$life.tlv:94$1435 ($mux)
  cell $procdff$1643 ($dff)
  cell $procdff$1633 ($dff)
  cell $logic_and$life.tlv:95$1432 ($logic_and)
  cell $le$life.tlv:95$1431 ($le)
  cell $ge$life.tlv:95$1430 ($ge)
  cell $eq$life.tlv:96$1433 ($eq)
  cell $add$life.tlv:80$1429 ($add)
  cell $add$life.tlv:80$1427 ($add)
  cell $add$life.tlv:76$1425 ($add)
  cell $add$life.tlv:76$1423 ($add)
  cell $add$life.tlv:76$1285 ($add)
  cell $add$life.tlv:76$1283 ($add)

12. Executing SUBMOD pass (moving cells to submodules as requested).

12.1. Executing OPT_CLEAN pass (remove unused cells and wires).
Finding unused cells or wires in module \top..
Removed 0 unused cells and 17 unused wires.
<suppressed ~5 debug messages>

12.2. Continuing SUBMOD pass.
Creating submodule life_cell_6 (\life_cell_6) of module \top.
Warning: Port directions for cell \pseudo_rand (\pseudo_rand) are unknown. Assuming inout for all ports.
  signal \clk: input \clk
  signal \BoardY_BoardX_Life_DEFAULT_Yy_Xx_row_cnt_a1[6][0]: output \BoardY_BoardX_Life_DEFAULT_Yy_Xx_row_cnt_a1[6][0]
  signal \BoardY_BoardX_Life_DEFAULT_Yy_Xx_row_cnt_a1[6][1]: output \BoardY_BoardX_Life_DEFAULT_Yy_Xx_row_cnt_a1[6][1]
  signal $add$life.tlv:76$1269_Y[0]: internal
  signal $add$life.tlv:76$1269_Y[1]: internal
  signal \reset: input \reset
  signal \BoardY_BoardX_Life_DEFAULT_Yy_Xx_alive_a2[17]: output \BoardY_BoardX_Life_DEFAULT_Yy_Xx_alive_a2[17]
  signal \BoardY_BoardX_Life_DEFAULT_Yy_Xx_alive_a2[7]: output \BoardY_BoardX_Life_DEFAULT_Yy_Xx_alive_a2[7]
  signal \BoardY_BoardX_Life_DEFAULT_Yy_Xx_cnt_a1[6][0]: internal
  signal \BoardY_BoardX_Life_DEFAULT_Yy_Xx_cnt_a1[6][1]: internal
  signal \BoardY_BoardX_Life_DEFAULT_Yy_Xx_cnt_a1[6][2]: internal
  signal \BoardY_BoardX_Life_DEFAULT_Yy_Xx_cnt_a1[6][3]: internal
  signal \BoardY_BoardX_Life_DEFAULT_Yy_Xx_alive_a2[16]: input \BoardY_BoardX_Life_DEFAULT_Yy_Xx_alive_a2[16]
  signal \BoardY_BoardX_Life_DEFAULT_Yy_Xx_alive_a2[6]: input \BoardY_BoardX_Life_DEFAULT_Yy_Xx_alive_a2[6]
  signal \BoardY_BoardX_Life_DEFAULT_Yy_Xx_alive_a1[7]: input \BoardY_BoardX_Life_DEFAULT_Yy_Xx_alive_a1[7]
  signal \BoardY_BoardX_Life_DEFAULT_Yy_Xx_alive_a2[15]: input \BoardY_BoardX_Life_DEFAULT_Yy_Xx_alive_a2[15]
  signal \BoardY_BoardX_Life_DEFAULT_Yy_Xx_alive_a2[5]: input \BoardY_BoardX_Life_DEFAULT_Yy_Xx_alive_a2[5]
  signal \BoardY_BoardX_Life_DEFAULT_Yy_Xx_alive_a1[17]: input \BoardY_BoardX_Life_DEFAULT_Yy_Xx_alive_a1[17]
  signal \BoardY_BoardX_Life_DEFAULT_Yy_Xx_row_cnt_a1[16][0]: output \BoardY_BoardX_Life_DEFAULT_Yy_Xx_row_cnt_a1[16][0]
  signal \BoardY_BoardX_Life_DEFAULT_Yy_Xx_row_cnt_a1[16][1]: output \BoardY_BoardX_Life_DEFAULT_Yy_Xx_row_cnt_a1[16][1]
  signal $add$life.tlv:76$1409_Y[0]: internal
  signal \RW_rand_raw[9]: input \RW_rand_raw[9]
  signal $add$life.tlv:76$1409_Y[1]: internal
  signal $add$life.tlv:80$1413_Y[0]: internal
  signal $add$life.tlv:80$1413_Y[1]: internal
  signal $add$life.tlv:80$1413_Y[2]: internal
  signal $add$life.tlv:80$1413_Y[3]: internal
  signal \BoardY_BoardX_Life_DEFAULT_Yy_Xx_alive_a1[6]: output \BoardY_BoardX_Life_DEFAULT_Yy_Xx_alive_a1[6]
  signal $ge$life.tlv:95$1416_Y: internal
  signal $le$life.tlv:95$1417_Y: internal
  signal $logic_and$life.tlv:95$1418_Y: internal
  signal $eq$life.tlv:96$1419_Y: internal
  signal $ternary$life.tlv:95$1420_Y: internal
  cell $ternary$life.tlv:95$1420 ($mux)
  cell $ternary$life.tlv:94$1421 ($mux)
  cell $procdff$1644 ($dff)
  cell $procdff$1634 ($dff)
  cell $logic_and$life.tlv:95$1418 ($logic_and)
  cell $le$life.tlv:95$1417 ($le)
  cell $ge$life.tlv:95$1416 ($ge)
  cell $eq$life.tlv:96$1419 ($eq)
  cell $add$life.tlv:80$1415 ($add)
  cell $add$life.tlv:80$1413 ($add)
  cell $add$life.tlv:76$1411 ($add)
  cell $add$life.tlv:76$1409 ($add)
  cell $add$life.tlv:76$1271 ($add)
  cell $add$life.tlv:76$1269 ($add)

13. Executing SUBMOD pass (moving cells to submodules as requested).

13.1. Executing OPT_CLEAN pass (remove unused cells and wires).
Finding unused cells or wires in module \top..
Removed 0 unused cells and 17 unused wires.
<suppressed ~5 debug messages>

13.2. Continuing SUBMOD pass.
Creating submodule life_cell_7 (\life_cell_7) of module \top.
Warning: Port directions for cell \pseudo_rand (\pseudo_rand) are unknown. Assuming inout for all ports.
  signal \clk: input \clk
  signal $add$life.tlv:76$1255_Y[0]: internal
  signal $add$life.tlv:76$1255_Y[1]: internal
  signal \reset: input \reset
  signal \BoardY_BoardX_Life_DEFAULT_Yy_Xx_row_cnt_a1[17][0]: output \BoardY_BoardX_Life_DEFAULT_Yy_Xx_row_cnt_a1[17][0]
  signal \BoardY_BoardX_Life_DEFAULT_Yy_Xx_row_cnt_a1[17][1]: output \BoardY_BoardX_Life_DEFAULT_Yy_Xx_row_cnt_a1[17][1]
  signal \BoardY_BoardX_Life_DEFAULT_Yy_Xx_alive_a2[17]: input \BoardY_BoardX_Life_DEFAULT_Yy_Xx_alive_a2[17]
  signal \BoardY_BoardX_Life_DEFAULT_Yy_Xx_alive_a2[18]: output \BoardY_BoardX_Life_DEFAULT_Yy_Xx_alive_a2[18]
  signal \BoardY_BoardX_Life_DEFAULT_Yy_Xx_alive_a2[7]: input \BoardY_BoardX_Life_DEFAULT_Yy_Xx_alive_a2[7]
  signal \BoardY_BoardX_Life_DEFAULT_Yy_Xx_alive_a2[16]: input \BoardY_BoardX_Life_DEFAULT_Yy_Xx_alive_a2[16]
  signal \BoardY_BoardX_Life_DEFAULT_Yy_Xx_alive_a2[8]: output \BoardY_BoardX_Life_DEFAULT_Yy_Xx_alive_a2[8]
  signal \BoardY_BoardX_Life_DEFAULT_Yy_Xx_alive_a2[6]: input \BoardY_BoardX_Life_DEFAULT_Yy_Xx_alive_a2[6]
  signal \BoardY_BoardX_Life_DEFAULT_Yy_Xx_alive_a1[7]: output \BoardY_BoardX_Life_DEFAULT_Yy_Xx_alive_a1[7]
  signal \BoardY_BoardX_Life_DEFAULT_Yy_Xx_alive_a1[8]: input \BoardY_BoardX_Life_DEFAULT_Yy_Xx_alive_a1[8]
  signal \BoardY_BoardX_Life_DEFAULT_Yy_Xx_cnt_a1[7][0]: internal
  signal \BoardY_BoardX_Life_DEFAULT_Yy_Xx_cnt_a1[7][1]: internal
  signal \RW_rand_raw[29]: input \RW_rand_raw[29]
  signal \BoardY_BoardX_Life_DEFAULT_Yy_Xx_row_cnt_a1[7][0]: output \BoardY_BoardX_Life_DEFAULT_Yy_Xx_row_cnt_a1[7][0]
  signal \BoardY_BoardX_Life_DEFAULT_Yy_Xx_row_cnt_a1[7][1]: output \BoardY_BoardX_Life_DEFAULT_Yy_Xx_row_cnt_a1[7][1]
  signal $add$life.tlv:76$1395_Y[0]: internal
  signal $add$life.tlv:76$1395_Y[1]: internal
  signal \BoardY_BoardX_Life_DEFAULT_Yy_Xx_alive_a1[18]: input \BoardY_BoardX_Life_DEFAULT_Yy_Xx_alive_a1[18]
  signal $add$life.tlv:80$1399_Y[0]: internal
  signal $add$life.tlv:80$1399_Y[1]: internal
  signal $add$life.tlv:80$1399_Y[2]: internal
  signal $add$life.tlv:80$1399_Y[3]: internal
  signal \BoardY_BoardX_Life_DEFAULT_Yy_Xx_cnt_a1[7][2]: internal
  signal \BoardY_BoardX_Life_DEFAULT_Yy_Xx_cnt_a1[7][3]: internal
  signal $ge$life.tlv:95$1402_Y: internal
  signal $le$life.tlv:95$1403_Y: internal
  signal $logic_and$life.tlv:95$1404_Y: internal
  signal $eq$life.tlv:96$1405_Y: internal
  signal $ternary$life.tlv:95$1406_Y: internal
  cell $ternary$life.tlv:95$1406 ($mux)
  cell $ternary$life.tlv:94$1407 ($mux)
  cell $procdff$1645 ($dff)
  cell $procdff$1635 ($dff)
  cell $logic_and$life.tlv:95$1404 ($logic_and)
  cell $le$life.tlv:95$1403 ($le)
  cell $ge$life.tlv:95$1402 ($ge)
  cell $eq$life.tlv:96$1405 ($eq)
  cell $add$life.tlv:80$1401 ($add)
  cell $add$life.tlv:80$1399 ($add)
  cell $add$life.tlv:76$1397 ($add)
  cell $add$life.tlv:76$1395 ($add)
  cell $add$life.tlv:76$1257 ($add)
  cell $add$life.tlv:76$1255 ($add)

14. Executing SUBMOD pass (moving cells to submodules as requested).

14.1. Executing OPT_CLEAN pass (remove unused cells and wires).
Finding unused cells or wires in module \top..
Removed 0 unused cells and 17 unused wires.
<suppressed ~5 debug messages>

14.2. Continuing SUBMOD pass.
Creating submodule life_cell_8 (\life_cell_8) of module \top.
Warning: Port directions for cell \pseudo_rand (\pseudo_rand) are unknown. Assuming inout for all ports.
  signal \clk: input \clk
  signal \BoardY_BoardX_Life_DEFAULT_Yy_Xx_row_cnt_a1[8][0]: output \BoardY_BoardX_Life_DEFAULT_Yy_Xx_row_cnt_a1[8][0]
  signal \BoardY_BoardX_Life_DEFAULT_Yy_Xx_row_cnt_a1[8][1]: output \BoardY_BoardX_Life_DEFAULT_Yy_Xx_row_cnt_a1[8][1]
  signal $add$life.tlv:76$1241_Y[0]: internal
  signal $add$life.tlv:76$1241_Y[1]: internal
  signal \reset: input \reset
  signal \BoardY_BoardX_Life_DEFAULT_Yy_Xx_alive_a2[17]: input \BoardY_BoardX_Life_DEFAULT_Yy_Xx_alive_a2[17]
  signal \BoardY_BoardX_Life_DEFAULT_Yy_Xx_alive_a2[18]: input \BoardY_BoardX_Life_DEFAULT_Yy_Xx_alive_a2[18]
  signal \BoardY_BoardX_Life_DEFAULT_Yy_Xx_alive_a2[7]: input \BoardY_BoardX_Life_DEFAULT_Yy_Xx_alive_a2[7]
  signal \BoardY_BoardX_Life_DEFAULT_Yy_Xx_row_cnt_a1[18][0]: output \BoardY_BoardX_Life_DEFAULT_Yy_Xx_row_cnt_a1[18][0]
  signal \BoardY_BoardX_Life_DEFAULT_Yy_Xx_row_cnt_a1[18][1]: output \BoardY_BoardX_Life_DEFAULT_Yy_Xx_row_cnt_a1[18][1]
  signal \BoardY_BoardX_Life_DEFAULT_Yy_Xx_alive_a2[9]: output \BoardY_BoardX_Life_DEFAULT_Yy_Xx_alive_a2[9]
  signal \BoardY_BoardX_Life_DEFAULT_Yy_Xx_cnt_a1[8][1]: internal
  signal \BoardY_BoardX_Life_DEFAULT_Yy_Xx_cnt_a1[8][2]: internal
  signal \BoardY_BoardX_Life_DEFAULT_Yy_Xx_cnt_a1[8][3]: internal
  signal \BoardY_BoardX_Life_DEFAULT_Yy_Xx_alive_a2[8]: input \BoardY_BoardX_Life_DEFAULT_Yy_Xx_alive_a2[8]
  signal \BoardY_BoardX_Life_DEFAULT_Yy_Xx_alive_a1[8]: output \BoardY_BoardX_Life_DEFAULT_Yy_Xx_alive_a1[8]
  signal \BoardY_BoardX_Life_DEFAULT_Yy_Xx_alive_a1[9]: input \BoardY_BoardX_Life_DEFAULT_Yy_Xx_alive_a1[9]
  signal \BoardY_BoardX_Life_DEFAULT_Yy_Xx_cnt_a1[8][0]: internal
  signal \BoardY_BoardX_Life_DEFAULT_Yy_Xx_alive_a1[19]: input \BoardY_BoardX_Life_DEFAULT_Yy_Xx_alive_a1[19]
  signal \RW_rand_raw[5]: input \RW_rand_raw[5]
  signal \BoardY_BoardX_Life_DEFAULT_Yy_Xx_alive_a2[19]: output \BoardY_BoardX_Life_DEFAULT_Yy_Xx_alive_a2[19]
  signal $add$life.tlv:76$1381_Y[0]: internal
  signal $add$life.tlv:76$1381_Y[1]: internal
  signal $add$life.tlv:80$1385_Y[0]: internal
  signal $add$life.tlv:80$1385_Y[1]: internal
  signal $add$life.tlv:80$1385_Y[2]: internal
  signal $add$life.tlv:80$1385_Y[3]: internal
  signal $ge$life.tlv:95$1388_Y: internal
  signal $le$life.tlv:95$1389_Y: internal
  signal $logic_and$life.tlv:95$1390_Y: internal
  signal $eq$life.tlv:96$1391_Y: internal
  signal $ternary$life.tlv:95$1392_Y: internal
  cell $ternary$life.tlv:95$1392 ($mux)
  cell $ternary$life.tlv:94$1393 ($mux)
  cell $procdff$1646 ($dff)
  cell $procdff$1636 ($dff)
  cell $logic_and$life.tlv:95$1390 ($logic_and)
  cell $le$life.tlv:95$1389 ($le)
  cell $ge$life.tlv:95$1388 ($ge)
  cell $eq$life.tlv:96$1391 ($eq)
  cell $add$life.tlv:80$1387 ($add)
  cell $add$life.tlv:80$1385 ($add)
  cell $add$life.tlv:76$1383 ($add)
  cell $add$life.tlv:76$1381 ($add)
  cell $add$life.tlv:76$1243 ($add)
  cell $add$life.tlv:76$1241 ($add)

15. Executing SUBMOD pass (moving cells to submodules as requested).

15.1. Executing OPT_CLEAN pass (remove unused cells and wires).
Finding unused cells or wires in module \top..
Removed 0 unused cells and 17 unused wires.
<suppressed ~5 debug messages>

15.2. Continuing SUBMOD pass.
Creating submodule life_cell_9 (\life_cell_9) of module \top.
Warning: Port directions for cell \pseudo_rand (\pseudo_rand) are unknown. Assuming inout for all ports.
  signal \reset: input \reset
  signal \BoardY_BoardX_Life_DEFAULT_Yy_Xx_row_cnt_a1[19][0]: output \BoardY_BoardX_Life_DEFAULT_Yy_Xx_row_cnt_a1[19][0]
  signal \BoardY_BoardX_Life_DEFAULT_Yy_Xx_row_cnt_a1[19][1]: output \BoardY_BoardX_Life_DEFAULT_Yy_Xx_row_cnt_a1[19][1]
  signal \BoardY_BoardX_Life_DEFAULT_Yy_Xx_alive_a2[18]: input \BoardY_BoardX_Life_DEFAULT_Yy_Xx_alive_a2[18]
  signal \BoardY_BoardX_Life_DEFAULT_Yy_Xx_alive_a2[9]: input \BoardY_BoardX_Life_DEFAULT_Yy_Xx_alive_a2[9]
  signal \BoardY_BoardX_Life_DEFAULT_Yy_Xx_cnt_a1[9][0]: internal
  signal \BoardY_BoardX_Life_DEFAULT_Yy_Xx_cnt_a1[9][1]: internal
  signal \BoardY_BoardX_Life_DEFAULT_Yy_Xx_cnt_a1[9][2]: internal
  signal \BoardY_BoardX_Life_DEFAULT_Yy_Xx_cnt_a1[9][3]: internal
  signal \BoardY_BoardX_Life_DEFAULT_Yy_Xx_alive_a2[8]: input \BoardY_BoardX_Life_DEFAULT_Yy_Xx_alive_a2[8]
  signal \BoardY_BoardX_Life_DEFAULT_Yy_Xx_alive_a1[9]: output \BoardY_BoardX_Life_DEFAULT_Yy_Xx_alive_a1[9]
  signal \BoardY_BoardX_Life_DEFAULT_Yy_Xx_row_cnt_a1[9][0]: output \BoardY_BoardX_Life_DEFAULT_Yy_Xx_row_cnt_a1[9][0]
  signal \BoardY_BoardX_Life_DEFAULT_Yy_Xx_row_cnt_a1[9][1]: output \BoardY_BoardX_Life_DEFAULT_Yy_Xx_row_cnt_a1[9][1]
  signal $add$life.tlv:76$1227_Y[0]: internal
  signal $add$life.tlv:76$1227_Y[1]: internal
  signal $add$life.tlv:80$1371_Y[0]: internal
  signal $add$life.tlv:80$1371_Y[1]: internal
  signal $add$life.tlv:80$1371_Y[2]: internal
  signal $add$life.tlv:80$1371_Y[3]: internal
  signal \RW_rand_raw[9]: input \RW_rand_raw[9]
  signal \BoardY_BoardX_Life_DEFAULT_Yy_Xx_alive_a2[19]: input \BoardY_BoardX_Life_DEFAULT_Yy_Xx_alive_a2[19]
  signal $add$life.tlv:76$1367_Y[0]: internal
  signal $add$life.tlv:76$1367_Y[1]: internal
  signal $ge$life.tlv:95$1374_Y: internal
  signal $le$life.tlv:95$1375_Y: internal
  signal $logic_and$life.tlv:95$1376_Y: internal
  signal $eq$life.tlv:96$1377_Y: internal
  signal $ternary$life.tlv:95$1378_Y: internal
  cell $ternary$life.tlv:95$1378 ($mux)
  cell $ternary$life.tlv:94$1379 ($mux)
  cell $logic_and$life.tlv:95$1376 ($logic_and)
  cell $le$life.tlv:95$1375 ($le)
  cell $ge$life.tlv:95$1374 ($ge)
  cell $eq$life.tlv:96$1377 ($eq)
  cell $add$life.tlv:80$1373 ($add)
  cell $add$life.tlv:80$1371 ($add)
  cell $add$life.tlv:76$1369 ($add)
  cell $add$life.tlv:76$1367 ($add)
  cell $add$life.tlv:76$1229 ($add)
  cell $add$life.tlv:76$1227 ($add)

16. Executing SUBMOD pass (moving cells to submodules as requested).

16.1. Executing OPT_CLEAN pass (remove unused cells and wires).
Finding unused cells or wires in module \top..
Removed 0 unused cells and 17 unused wires.
<suppressed ~5 debug messages>

16.2. Continuing SUBMOD pass.
Creating submodule life_cell_10 (\life_cell_10) of module \top.
Warning: Port directions for cell \pseudo_rand (\pseudo_rand) are unknown. Assuming inout for all ports.
  signal \clk: input \clk
  signal \reset: input \reset
  signal \BoardY_BoardX_Life_DEFAULT_Yy_Xx_alive_a2[21]: output \BoardY_BoardX_Life_DEFAULT_Yy_Xx_alive_a2[21]
  signal \BoardY_BoardX_Life_DEFAULT_Yy_Xx_row_cnt_a1[20][0]: output \BoardY_BoardX_Life_DEFAULT_Yy_Xx_row_cnt_a1[20][0]
  signal \BoardY_BoardX_Life_DEFAULT_Yy_Xx_row_cnt_a1[20][1]: output \BoardY_BoardX_Life_DEFAULT_Yy_Xx_row_cnt_a1[20][1]
  signal \BoardY_BoardX_Life_DEFAULT_Yy_Xx_row_cnt_a1[10][0]: input \BoardY_BoardX_Life_DEFAULT_Yy_Xx_row_cnt_a1[10][0]
  signal \BoardY_BoardX_Life_DEFAULT_Yy_Xx_row_cnt_a1[10][1]: input \BoardY_BoardX_Life_DEFAULT_Yy_Xx_row_cnt_a1[10][1]
  signal \RW_rand_raw[107]: input \RW_rand_raw[107]
  signal $add$life.tlv:76$1213_Y[0]: internal
  signal $add$life.tlv:76$1213_Y[1]: internal
  signal \BoardY_BoardX_Life_DEFAULT_Yy_Xx_alive_a1[10]: output \BoardY_BoardX_Life_DEFAULT_Yy_Xx_alive_a1[10]
  signal \BoardY_BoardX_Life_DEFAULT_Yy_Xx_row_cnt_a1[0][0]: input \BoardY_BoardX_Life_DEFAULT_Yy_Xx_row_cnt_a1[0][0]
  signal \BoardY_BoardX_Life_DEFAULT_Yy_Xx_row_cnt_a1[0][1]: input \BoardY_BoardX_Life_DEFAULT_Yy_Xx_row_cnt_a1[0][1]
  signal \BoardY_BoardX_Life_DEFAULT_Yy_Xx_alive_a1[20]: input \BoardY_BoardX_Life_DEFAULT_Yy_Xx_alive_a1[20]
  signal \BoardY_BoardX_Life_DEFAULT_Yy_Xx_cnt_a1[10][0]: internal
  signal \BoardY_BoardX_Life_DEFAULT_Yy_Xx_cnt_a1[10][1]: internal
  signal \BoardY_BoardX_Life_DEFAULT_Yy_Xx_cnt_a1[10][2]: internal
  signal \BoardY_BoardX_Life_DEFAULT_Yy_Xx_cnt_a1[10][3]: internal
  signal \BoardY_BoardX_Life_DEFAULT_Yy_Xx_alive_a2[10]: input \BoardY_BoardX_Life_DEFAULT_Yy_Xx_alive_a2[10]
  signal \BoardY_BoardX_Life_DEFAULT_Yy_Xx_alive_a2[20]: output \BoardY_BoardX_Life_DEFAULT_Yy_Xx_alive_a2[20]
  signal $add$life.tlv:80$1357_Y[0]: internal
  signal $add$life.tlv:80$1357_Y[1]: internal
  signal $add$life.tlv:80$1357_Y[2]: internal
  signal $add$life.tlv:80$1357_Y[3]: internal
  signal \BoardY_BoardX_Life_DEFAULT_Yy_Xx_alive_a1[21]: input \BoardY_BoardX_Life_DEFAULT_Yy_Xx_alive_a1[21]
  signal $ge$life.tlv:95$1360_Y: internal
  signal $le$life.tlv:95$1361_Y: internal
  signal $logic_and$life.tlv:95$1362_Y: internal
  signal $eq$life.tlv:96$1363_Y: internal
  signal $ternary$life.tlv:95$1364_Y: internal
  cell $ternary$life.tlv:95$1364 ($mux)
  cell $ternary$life.tlv:94$1365 ($mux)
  cell $procdff$1648 ($dff)
  cell $procdff$1647 ($dff)
  cell $logic_and$life.tlv:95$1362 ($logic_and)
  cell $le$life.tlv:95$1361 ($le)
  cell $ge$life.tlv:95$1360 ($ge)
  cell $eq$life.tlv:96$1363 ($eq)
  cell $add$life.tlv:80$1359 ($add)
  cell $add$life.tlv:80$1357 ($add)
  cell $add$life.tlv:76$1215 ($add)
  cell $add$life.tlv:76$1213 ($add)

17. Executing SUBMOD pass (moving cells to submodules as requested).

17.1. Executing OPT_CLEAN pass (remove unused cells and wires).
Finding unused cells or wires in module \top..
Removed 0 unused cells and 15 unused wires.
<suppressed ~5 debug messages>

17.2. Continuing SUBMOD pass.
Creating submodule life_cell_11 (\life_cell_11) of module \top.
Warning: Port directions for cell \pseudo_rand (\pseudo_rand) are unknown. Assuming inout for all ports.
  signal \clk: input \clk
  signal \BoardY_BoardX_Life_DEFAULT_Yy_Xx_cnt_a1[11][1]: internal
  signal \BoardY_BoardX_Life_DEFAULT_Yy_Xx_cnt_a1[11][2]: internal
  signal \BoardY_BoardX_Life_DEFAULT_Yy_Xx_cnt_a1[11][3]: internal
  signal $add$life.tlv:76$1199_Y[0]: internal
  signal $add$life.tlv:76$1199_Y[1]: internal
  signal \reset: input \reset
  signal \BoardY_BoardX_Life_DEFAULT_Yy_Xx_alive_a2[21]: input \BoardY_BoardX_Life_DEFAULT_Yy_Xx_alive_a2[21]
  signal \BoardY_BoardX_Life_DEFAULT_Yy_Xx_alive_a2[22]: output \BoardY_BoardX_Life_DEFAULT_Yy_Xx_alive_a2[22]
  signal \BoardY_BoardX_Life_DEFAULT_Yy_Xx_row_cnt_a1[1][0]: input \BoardY_BoardX_Life_DEFAULT_Yy_Xx_row_cnt_a1[1][0]
  signal \BoardY_BoardX_Life_DEFAULT_Yy_Xx_alive_a1[11]: output \BoardY_BoardX_Life_DEFAULT_Yy_Xx_alive_a1[11]
  signal \BoardY_BoardX_Life_DEFAULT_Yy_Xx_row_cnt_a1[21][0]: output \BoardY_BoardX_Life_DEFAULT_Yy_Xx_row_cnt_a1[21][0]
  signal \BoardY_BoardX_Life_DEFAULT_Yy_Xx_row_cnt_a1[21][1]: output \BoardY_BoardX_Life_DEFAULT_Yy_Xx_row_cnt_a1[21][1]
  signal \BoardY_BoardX_Life_DEFAULT_Yy_Xx_row_cnt_a1[1][1]: input \BoardY_BoardX_Life_DEFAULT_Yy_Xx_row_cnt_a1[1][1]
  signal \BoardY_BoardX_Life_DEFAULT_Yy_Xx_row_cnt_a1[11][0]: input \BoardY_BoardX_Life_DEFAULT_Yy_Xx_row_cnt_a1[11][0]
  signal \BoardY_BoardX_Life_DEFAULT_Yy_Xx_row_cnt_a1[11][1]: input \BoardY_BoardX_Life_DEFAULT_Yy_Xx_row_cnt_a1[11][1]
  signal \BoardY_BoardX_Life_DEFAULT_Yy_Xx_alive_a2[11]: input \BoardY_BoardX_Life_DEFAULT_Yy_Xx_alive_a2[11]
  signal \BoardY_BoardX_Life_DEFAULT_Yy_Xx_alive_a1[22]: input \BoardY_BoardX_Life_DEFAULT_Yy_Xx_alive_a1[22]
  signal \RW_rand_raw[96]: input \RW_rand_raw[96]
  signal $add$life.tlv:80$1343_Y[0]: internal
  signal $add$life.tlv:80$1343_Y[1]: internal
  signal $add$life.tlv:80$1343_Y[2]: internal
  signal $add$life.tlv:80$1343_Y[3]: internal
  signal \BoardY_BoardX_Life_DEFAULT_Yy_Xx_alive_a2[20]: input \BoardY_BoardX_Life_DEFAULT_Yy_Xx_alive_a2[20]
  signal \BoardY_BoardX_Life_DEFAULT_Yy_Xx_cnt_a1[11][0]: internal
  signal $ge$life.tlv:95$1346_Y: internal
  signal $le$life.tlv:95$1347_Y: internal
  signal $logic_and$life.tlv:95$1348_Y: internal
  signal $eq$life.tlv:96$1349_Y: internal
  signal $ternary$life.tlv:95$1350_Y: internal
  cell $ternary$life.tlv:95$1350 ($mux)
  cell $ternary$life.tlv:94$1351 ($mux)
  cell $procdff$1649 ($dff)
  cell $logic_and$life.tlv:95$1348 ($logic_and)
  cell $le$life.tlv:95$1347 ($le)
  cell $ge$life.tlv:95$1346 ($ge)
  cell $eq$life.tlv:96$1349 ($eq)
  cell $add$life.tlv:80$1345 ($add)
  cell $add$life.tlv:80$1343 ($add)
  cell $add$life.tlv:76$1201 ($add)
  cell $add$life.tlv:76$1199 ($add)

18. Executing SUBMOD pass (moving cells to submodules as requested).

18.1. Executing OPT_CLEAN pass (remove unused cells and wires).
Finding unused cells or wires in module \top..
Removed 0 unused cells and 15 unused wires.
<suppressed ~5 debug messages>

18.2. Continuing SUBMOD pass.
Creating submodule life_cell_12 (\life_cell_12) of module \top.
Warning: Port directions for cell \pseudo_rand (\pseudo_rand) are unknown. Assuming inout for all ports.
  signal \clk: input \clk
  signal $add$life.tlv:76$1185_Y[0]: internal
  signal $add$life.tlv:76$1185_Y[1]: internal
  signal \BoardY_BoardX_Life_DEFAULT_Yy_Xx_cnt_a1[12][2]: internal
  signal \BoardY_BoardX_Life_DEFAULT_Yy_Xx_cnt_a1[12][3]: internal
  signal \reset: input \reset
  signal \BoardY_BoardX_Life_DEFAULT_Yy_Xx_row_cnt_a1[12][0]: input \BoardY_BoardX_Life_DEFAULT_Yy_Xx_row_cnt_a1[12][0]
  signal \BoardY_BoardX_Life_DEFAULT_Yy_Xx_row_cnt_a1[12][1]: input \BoardY_BoardX_Life_DEFAULT_Yy_Xx_row_cnt_a1[12][1]
  signal \BoardY_BoardX_Life_DEFAULT_Yy_Xx_alive_a2[21]: input \BoardY_BoardX_Life_DEFAULT_Yy_Xx_alive_a2[21]
  signal \BoardY_BoardX_Life_DEFAULT_Yy_Xx_alive_a2[22]: input \BoardY_BoardX_Life_DEFAULT_Yy_Xx_alive_a2[22]
  signal \BoardY_BoardX_Life_DEFAULT_Yy_Xx_row_cnt_a1[2][0]: input \BoardY_BoardX_Life_DEFAULT_Yy_Xx_row_cnt_a1[2][0]
  signal \BoardY_BoardX_Life_DEFAULT_Yy_Xx_row_cnt_a1[2][1]: input \BoardY_BoardX_Life_DEFAULT_Yy_Xx_row_cnt_a1[2][1]
  signal \BoardY_BoardX_Life_DEFAULT_Yy_Xx_alive_a2[23]: output \BoardY_BoardX_Life_DEFAULT_Yy_Xx_alive_a2[23]
  signal $add$life.tlv:80$1329_Y[0]: internal
  signal $add$life.tlv:80$1329_Y[1]: internal
  signal $add$life.tlv:80$1329_Y[2]: internal
  signal $add$life.tlv:80$1329_Y[3]: internal
  signal \BoardY_BoardX_Life_DEFAULT_Yy_Xx_cnt_a1[12][0]: internal
  signal \BoardY_BoardX_Life_DEFAULT_Yy_Xx_cnt_a1[12][1]: internal
  signal \RW_rand_raw[37]: input \RW_rand_raw[37]
  signal \BoardY_BoardX_Life_DEFAULT_Yy_Xx_row_cnt_a1[22][0]: output \BoardY_BoardX_Life_DEFAULT_Yy_Xx_row_cnt_a1[22][0]
  signal \BoardY_BoardX_Life_DEFAULT_Yy_Xx_row_cnt_a1[22][1]: output \BoardY_BoardX_Life_DEFAULT_Yy_Xx_row_cnt_a1[22][1]
  signal \BoardY_BoardX_Life_DEFAULT_Yy_Xx_alive_a2[12]: input \BoardY_BoardX_Life_DEFAULT_Yy_Xx_alive_a2[12]
  signal \BoardY_BoardX_Life_DEFAULT_Yy_Xx_alive_a1[12]: output \BoardY_BoardX_Life_DEFAULT_Yy_Xx_alive_a1[12]
  signal \BoardY_BoardX_Life_DEFAULT_Yy_Xx_alive_a1[23]: input \BoardY_BoardX_Life_DEFAULT_Yy_Xx_alive_a1[23]
  signal $ge$life.tlv:95$1332_Y: internal
  signal $le$life.tlv:95$1333_Y: internal
  signal $logic_and$life.tlv:95$1334_Y: internal
  signal $eq$life.tlv:96$1335_Y: internal
  signal $ternary$life.tlv:95$1336_Y: internal
  cell $ternary$life.tlv:95$1336 ($mux)
  cell $ternary$life.tlv:94$1337 ($mux)
  cell $procdff$1650 ($dff)
  cell $logic_and$life.tlv:95$1334 ($logic_and)
  cell $le$life.tlv:95$1333 ($le)
  cell $ge$life.tlv:95$1332 ($ge)
  cell $eq$life.tlv:96$1335 ($eq)
  cell $add$life.tlv:80$1331 ($add)
  cell $add$life.tlv:80$1329 ($add)
  cell $add$life.tlv:76$1187 ($add)
  cell $add$life.tlv:76$1185 ($add)

19. Executing SUBMOD pass (moving cells to submodules as requested).

19.1. Executing OPT_CLEAN pass (remove unused cells and wires).
Finding unused cells or wires in module \top..
Removed 0 unused cells and 15 unused wires.
<suppressed ~5 debug messages>

19.2. Continuing SUBMOD pass.
Creating submodule life_cell_13 (\life_cell_13) of module \top.
Warning: Port directions for cell \pseudo_rand (\pseudo_rand) are unknown. Assuming inout for all ports.
  signal \clk: input \clk
  signal \reset: input \reset
  signal \BoardY_BoardX_Life_DEFAULT_Yy_Xx_row_cnt_a1[23][0]: output \BoardY_BoardX_Life_DEFAULT_Yy_Xx_row_cnt_a1[23][0]
  signal \BoardY_BoardX_Life_DEFAULT_Yy_Xx_row_cnt_a1[23][1]: output \BoardY_BoardX_Life_DEFAULT_Yy_Xx_row_cnt_a1[23][1]
  signal \BoardY_BoardX_Life_DEFAULT_Yy_Xx_alive_a2[22]: input \BoardY_BoardX_Life_DEFAULT_Yy_Xx_alive_a2[22]
  signal \BoardY_BoardX_Life_DEFAULT_Yy_Xx_row_cnt_a1[3][0]: input \BoardY_BoardX_Life_DEFAULT_Yy_Xx_row_cnt_a1[3][0]
  signal \BoardY_BoardX_Life_DEFAULT_Yy_Xx_row_cnt_a1[3][1]: input \BoardY_BoardX_Life_DEFAULT_Yy_Xx_row_cnt_a1[3][1]
  signal \BoardY_BoardX_Life_DEFAULT_Yy_Xx_alive_a2[24]: output \BoardY_BoardX_Life_DEFAULT_Yy_Xx_alive_a2[24]
  signal \BoardY_BoardX_Life_DEFAULT_Yy_Xx_alive_a2[23]: input \BoardY_BoardX_Life_DEFAULT_Yy_Xx_alive_a2[23]
  signal \BoardY_BoardX_Life_DEFAULT_Yy_Xx_cnt_a1[13][0]: internal
  signal \BoardY_BoardX_Life_DEFAULT_Yy_Xx_cnt_a1[13][1]: internal
  signal \BoardY_BoardX_Life_DEFAULT_Yy_Xx_cnt_a1[13][2]: internal
  signal \BoardY_BoardX_Life_DEFAULT_Yy_Xx_cnt_a1[13][3]: internal
  signal \BoardY_BoardX_Life_DEFAULT_Yy_Xx_alive_a1[13]: output \BoardY_BoardX_Life_DEFAULT_Yy_Xx_alive_a1[13]
  signal \RW_rand_raw[42]: input \RW_rand_raw[42]
  signal \BoardY_BoardX_Life_DEFAULT_Yy_Xx_alive_a2[13]: input \BoardY_BoardX_Life_DEFAULT_Yy_Xx_alive_a2[13]
  signal $add$life.tlv:80$1315_Y[0]: internal
  signal $add$life.tlv:80$1315_Y[1]: internal
  signal $add$life.tlv:76$1171_Y[0]: internal
  signal $add$life.tlv:76$1171_Y[1]: internal
  signal \BoardY_BoardX_Life_DEFAULT_Yy_Xx_row_cnt_a1[13][0]: input \BoardY_BoardX_Life_DEFAULT_Yy_Xx_row_cnt_a1[13][0]
  signal \BoardY_BoardX_Life_DEFAULT_Yy_Xx_row_cnt_a1[13][1]: input \BoardY_BoardX_Life_DEFAULT_Yy_Xx_row_cnt_a1[13][1]
  signal $add$life.tlv:80$1315_Y[2]: internal
  signal $add$life.tlv:80$1315_Y[3]: internal
  signal \BoardY_BoardX_Life_DEFAULT_Yy_Xx_alive_a1[24]: input \BoardY_BoardX_Life_DEFAULT_Yy_Xx_alive_a1[24]
  signal $ge$life.tlv:95$1318_Y: internal
  signal $le$life.tlv:95$1319_Y: internal
  signal $logic_and$life.tlv:95$1320_Y: internal
  signal $eq$life.tlv:96$1321_Y: internal
  signal $ternary$life.tlv:95$1322_Y: internal
  cell $ternary$life.tlv:95$1322 ($mux)
  cell $ternary$life.tlv:94$1323 ($mux)
  cell $procdff$1651 ($dff)
  cell $logic_and$life.tlv:95$1320 ($logic_and)
  cell $le$life.tlv:95$1319 ($le)
  cell $ge$life.tlv:95$1318 ($ge)
  cell $eq$life.tlv:96$1321 ($eq)
  cell $add$life.tlv:80$1317 ($add)
  cell $add$life.tlv:80$1315 ($add)
  cell $add$life.tlv:76$1173 ($add)
  cell $add$life.tlv:76$1171 ($add)

20. Executing SUBMOD pass (moving cells to submodules as requested).

20.1. Executing OPT_CLEAN pass (remove unused cells and wires).
Finding unused cells or wires in module \top..
Removed 0 unused cells and 15 unused wires.
<suppressed ~5 debug messages>

20.2. Continuing SUBMOD pass.
Creating submodule life_cell_14 (\life_cell_14) of module \top.
Warning: Port directions for cell \pseudo_rand (\pseudo_rand) are unknown. Assuming inout for all ports.
  signal \clk: input \clk
  signal \RW_rand_raw[63]: input \RW_rand_raw[63]
  signal \reset: input \reset
  signal \BoardY_BoardX_Life_DEFAULT_Yy_Xx_cnt_a1[14][2]: internal
  signal \BoardY_BoardX_Life_DEFAULT_Yy_Xx_cnt_a1[14][3]: internal
  signal \BoardY_BoardX_Life_DEFAULT_Yy_Xx_alive_a2[24]: input \BoardY_BoardX_Life_DEFAULT_Yy_Xx_alive_a2[24]
  signal \BoardY_BoardX_Life_DEFAULT_Yy_Xx_alive_a2[23]: input \BoardY_BoardX_Life_DEFAULT_Yy_Xx_alive_a2[23]
  signal \BoardY_BoardX_Life_DEFAULT_Yy_Xx_row_cnt_a1[24][0]: output \BoardY_BoardX_Life_DEFAULT_Yy_Xx_row_cnt_a1[24][0]
  signal \BoardY_BoardX_Life_DEFAULT_Yy_Xx_row_cnt_a1[24][1]: output \BoardY_BoardX_Life_DEFAULT_Yy_Xx_row_cnt_a1[24][1]
  signal \BoardY_BoardX_Life_DEFAULT_Yy_Xx_alive_a2[25]: output \BoardY_BoardX_Life_DEFAULT_Yy_Xx_alive_a2[25]
  signal $add$life.tlv:76$1157_Y[0]: internal
  signal $add$life.tlv:76$1157_Y[1]: internal
  signal \BoardY_BoardX_Life_DEFAULT_Yy_Xx_row_cnt_a1[4][0]: input \BoardY_BoardX_Life_DEFAULT_Yy_Xx_row_cnt_a1[4][0]
  signal \BoardY_BoardX_Life_DEFAULT_Yy_Xx_alive_a2[14]: input \BoardY_BoardX_Life_DEFAULT_Yy_Xx_alive_a2[14]
  signal \BoardY_BoardX_Life_DEFAULT_Yy_Xx_row_cnt_a1[4][1]: input \BoardY_BoardX_Life_DEFAULT_Yy_Xx_row_cnt_a1[4][1]
  signal \BoardY_BoardX_Life_DEFAULT_Yy_Xx_alive_a1[25]: input \BoardY_BoardX_Life_DEFAULT_Yy_Xx_alive_a1[25]
  signal $add$life.tlv:80$1301_Y[0]: internal
  signal $add$life.tlv:80$1301_Y[1]: internal
  signal $add$life.tlv:80$1301_Y[2]: internal
  signal $add$life.tlv:80$1301_Y[3]: internal
  signal \BoardY_BoardX_Life_DEFAULT_Yy_Xx_row_cnt_a1[14][0]: input \BoardY_BoardX_Life_DEFAULT_Yy_Xx_row_cnt_a1[14][0]
  signal \BoardY_BoardX_Life_DEFAULT_Yy_Xx_row_cnt_a1[14][1]: input \BoardY_BoardX_Life_DEFAULT_Yy_Xx_row_cnt_a1[14][1]
  signal \BoardY_BoardX_Life_DEFAULT_Yy_Xx_cnt_a1[14][0]: internal
  signal \BoardY_BoardX_Life_DEFAULT_Yy_Xx_cnt_a1[14][1]: internal
  signal \BoardY_BoardX_Life_DEFAULT_Yy_Xx_alive_a1[14]: output \BoardY_BoardX_Life_DEFAULT_Yy_Xx_alive_a1[14]
  signal $ge$life.tlv:95$1304_Y: internal
  signal $le$life.tlv:95$1305_Y: internal
  signal $logic_and$life.tlv:95$1306_Y: internal
  signal $eq$life.tlv:96$1307_Y: internal
  signal $ternary$life.tlv:95$1308_Y: internal
  cell $ternary$life.tlv:95$1308 ($mux)
  cell $ternary$life.tlv:94$1309 ($mux)
  cell $procdff$1652 ($dff)
  cell $logic_and$life.tlv:95$1306 ($logic_and)
  cell $le$life.tlv:95$1305 ($le)
  cell $ge$life.tlv:95$1304 ($ge)
  cell $eq$life.tlv:96$1307 ($eq)
  cell $add$life.tlv:80$1303 ($add)
  cell $add$life.tlv:80$1301 ($add)
  cell $add$life.tlv:76$1159 ($add)
  cell $add$life.tlv:76$1157 ($add)

21. Executing SUBMOD pass (moving cells to submodules as requested).

21.1. Executing OPT_CLEAN pass (remove unused cells and wires).
Finding unused cells or wires in module \top..
Removed 0 unused cells and 15 unused wires.
<suppressed ~5 debug messages>

21.2. Continuing SUBMOD pass.
Creating submodule life_cell_15 (\life_cell_15) of module \top.
Warning: Port directions for cell \pseudo_rand (\pseudo_rand) are unknown. Assuming inout for all ports.
  signal \clk: input \clk
  signal $add$life.tlv:76$1143_Y[0]: internal
  signal $add$life.tlv:76$1143_Y[1]: internal
  signal $add$life.tlv:80$1287_Y[0]: internal
  signal $add$life.tlv:80$1287_Y[1]: internal
  signal $add$life.tlv:80$1287_Y[2]: internal
  signal $add$life.tlv:80$1287_Y[3]: internal
  signal \reset: input \reset
  signal \BoardY_BoardX_Life_DEFAULT_Yy_Xx_row_cnt_a1[5][0]: input \BoardY_BoardX_Life_DEFAULT_Yy_Xx_row_cnt_a1[5][0]
  signal \BoardY_BoardX_Life_DEFAULT_Yy_Xx_row_cnt_a1[5][1]: input \BoardY_BoardX_Life_DEFAULT_Yy_Xx_row_cnt_a1[5][1]
  signal \BoardY_BoardX_Life_DEFAULT_Yy_Xx_row_cnt_a1[15][1]: input \BoardY_BoardX_Life_DEFAULT_Yy_Xx_row_cnt_a1[15][1]
  signal \BoardY_BoardX_Life_DEFAULT_Yy_Xx_alive_a2[24]: input \BoardY_BoardX_Life_DEFAULT_Yy_Xx_alive_a2[24]
  signal \BoardY_BoardX_Life_DEFAULT_Yy_Xx_alive_a2[25]: input \BoardY_BoardX_Life_DEFAULT_Yy_Xx_alive_a2[25]
  signal \RW_rand_raw[52]: input \RW_rand_raw[52]
  signal \BoardY_BoardX_Life_DEFAULT_Yy_Xx_cnt_a1[15][0]: internal
  signal \BoardY_BoardX_Life_DEFAULT_Yy_Xx_cnt_a1[15][1]: internal
  signal \BoardY_BoardX_Life_DEFAULT_Yy_Xx_cnt_a1[15][2]: internal
  signal \BoardY_BoardX_Life_DEFAULT_Yy_Xx_alive_a2[15]: input \BoardY_BoardX_Life_DEFAULT_Yy_Xx_alive_a2[15]
  signal \BoardY_BoardX_Life_DEFAULT_Yy_Xx_alive_a2[26]: output \BoardY_BoardX_Life_DEFAULT_Yy_Xx_alive_a2[26]
  signal \BoardY_BoardX_Life_DEFAULT_Yy_Xx_alive_a1[26]: input \BoardY_BoardX_Life_DEFAULT_Yy_Xx_alive_a1[26]
  signal \BoardY_BoardX_Life_DEFAULT_Yy_Xx_cnt_a1[15][3]: internal
  signal \BoardY_BoardX_Life_DEFAULT_Yy_Xx_row_cnt_a1[25][0]: output \BoardY_BoardX_Life_DEFAULT_Yy_Xx_row_cnt_a1[25][0]
  signal \BoardY_BoardX_Life_DEFAULT_Yy_Xx_row_cnt_a1[25][1]: output \BoardY_BoardX_Life_DEFAULT_Yy_Xx_row_cnt_a1[25][1]
  signal \BoardY_BoardX_Life_DEFAULT_Yy_Xx_row_cnt_a1[15][0]: input \BoardY_BoardX_Life_DEFAULT_Yy_Xx_row_cnt_a1[15][0]
  signal \BoardY_BoardX_Life_DEFAULT_Yy_Xx_alive_a1[15]: output \BoardY_BoardX_Life_DEFAULT_Yy_Xx_alive_a1[15]
  signal $ge$life.tlv:95$1290_Y: internal
  signal $le$life.tlv:95$1291_Y: internal
  signal $logic_and$life.tlv:95$1292_Y: internal
  signal $eq$life.tlv:96$1293_Y: internal
  signal $ternary$life.tlv:95$1294_Y: internal
  cell $ternary$life.tlv:95$1294 ($mux)
  cell $ternary$life.tlv:94$1295 ($mux)
  cell $procdff$1653 ($dff)
  cell $logic_and$life.tlv:95$1292 ($logic_and)
  cell $le$life.tlv:95$1291 ($le)
  cell $ge$life.tlv:95$1290 ($ge)
  cell $eq$life.tlv:96$1293 ($eq)
  cell $add$life.tlv:80$1289 ($add)
  cell $add$life.tlv:80$1287 ($add)
  cell $add$life.tlv:76$1145 ($add)
  cell $add$life.tlv:76$1143 ($add)

22. Executing SUBMOD pass (moving cells to submodules as requested).

22.1. Executing OPT_CLEAN pass (remove unused cells and wires).
Finding unused cells or wires in module \top..
Removed 0 unused cells and 15 unused wires.
<suppressed ~5 debug messages>

22.2. Continuing SUBMOD pass.
Creating submodule life_cell_16 (\life_cell_16) of module \top.
Warning: Port directions for cell \pseudo_rand (\pseudo_rand) are unknown. Assuming inout for all ports.
  signal \clk: input \clk
  signal \BoardY_BoardX_Life_DEFAULT_Yy_Xx_row_cnt_a1[6][0]: input \BoardY_BoardX_Life_DEFAULT_Yy_Xx_row_cnt_a1[6][0]
  signal \BoardY_BoardX_Life_DEFAULT_Yy_Xx_row_cnt_a1[6][1]: input \BoardY_BoardX_Life_DEFAULT_Yy_Xx_row_cnt_a1[6][1]
  signal $add$life.tlv:76$1129_Y[1]: internal
  signal $add$life.tlv:80$1273_Y[0]: internal
  signal $add$life.tlv:80$1273_Y[1]: internal
  signal $add$life.tlv:80$1273_Y[2]: internal
  signal \reset: input \reset
  signal \BoardY_BoardX_Life_DEFAULT_Yy_Xx_row_cnt_a1[26][0]: output \BoardY_BoardX_Life_DEFAULT_Yy_Xx_row_cnt_a1[26][0]
  signal \BoardY_BoardX_Life_DEFAULT_Yy_Xx_row_cnt_a1[26][1]: output \BoardY_BoardX_Life_DEFAULT_Yy_Xx_row_cnt_a1[26][1]
  signal \BoardY_BoardX_Life_DEFAULT_Yy_Xx_alive_a2[16]: input \BoardY_BoardX_Life_DEFAULT_Yy_Xx_alive_a2[16]
  signal \BoardY_BoardX_Life_DEFAULT_Yy_Xx_alive_a2[25]: input \BoardY_BoardX_Life_DEFAULT_Yy_Xx_alive_a2[25]
  signal \BoardY_BoardX_Life_DEFAULT_Yy_Xx_alive_a1[27]: input \BoardY_BoardX_Life_DEFAULT_Yy_Xx_alive_a1[27]
  signal \BoardY_BoardX_Life_DEFAULT_Yy_Xx_cnt_a1[16][2]: internal
  signal \BoardY_BoardX_Life_DEFAULT_Yy_Xx_cnt_a1[16][3]: internal
  signal \BoardY_BoardX_Life_DEFAULT_Yy_Xx_alive_a2[26]: input \BoardY_BoardX_Life_DEFAULT_Yy_Xx_alive_a2[26]
  signal $add$life.tlv:80$1273_Y[3]: internal
  signal \BoardY_BoardX_Life_DEFAULT_Yy_Xx_alive_a1[16]: output \BoardY_BoardX_Life_DEFAULT_Yy_Xx_alive_a1[16]
  signal \BoardY_BoardX_Life_DEFAULT_Yy_Xx_row_cnt_a1[16][0]: input \BoardY_BoardX_Life_DEFAULT_Yy_Xx_row_cnt_a1[16][0]
  signal \BoardY_BoardX_Life_DEFAULT_Yy_Xx_row_cnt_a1[16][1]: input \BoardY_BoardX_Life_DEFAULT_Yy_Xx_row_cnt_a1[16][1]
  signal $add$life.tlv:76$1129_Y[0]: internal
  signal \RW_rand_raw[9]: input \RW_rand_raw[9]
  signal \BoardY_BoardX_Life_DEFAULT_Yy_Xx_cnt_a1[16][0]: internal
  signal \BoardY_BoardX_Life_DEFAULT_Yy_Xx_cnt_a1[16][1]: internal
  signal \BoardY_BoardX_Life_DEFAULT_Yy_Xx_alive_a2[27]: output \BoardY_BoardX_Life_DEFAULT_Yy_Xx_alive_a2[27]
  signal $ge$life.tlv:95$1276_Y: internal
  signal $le$life.tlv:95$1277_Y: internal
  signal $logic_and$life.tlv:95$1278_Y: internal
  signal $eq$life.tlv:96$1279_Y: internal
  signal $ternary$life.tlv:95$1280_Y: internal
  cell $ternary$life.tlv:95$1280 ($mux)
  cell $ternary$life.tlv:94$1281 ($mux)
  cell $procdff$1654 ($dff)
  cell $logic_and$life.tlv:95$1278 ($logic_and)
  cell $le$life.tlv:95$1277 ($le)
  cell $ge$life.tlv:95$1276 ($ge)
  cell $eq$life.tlv:96$1279 ($eq)
  cell $add$life.tlv:80$1275 ($add)
  cell $add$life.tlv:80$1273 ($add)
  cell $add$life.tlv:76$1131 ($add)
  cell $add$life.tlv:76$1129 ($add)

23. Executing SUBMOD pass (moving cells to submodules as requested).

23.1. Executing OPT_CLEAN pass (remove unused cells and wires).
Finding unused cells or wires in module \top..
Removed 0 unused cells and 15 unused wires.
<suppressed ~5 debug messages>

23.2. Continuing SUBMOD pass.
Creating submodule life_cell_17 (\life_cell_17) of module \top.
Warning: Port directions for cell \pseudo_rand (\pseudo_rand) are unknown. Assuming inout for all ports.
  signal \clk: input \clk
  signal $add$life.tlv:76$1115_Y[0]: internal
  signal \reset: input \reset
  signal \BoardY_BoardX_Life_DEFAULT_Yy_Xx_row_cnt_a1[17][0]: input \BoardY_BoardX_Life_DEFAULT_Yy_Xx_row_cnt_a1[17][0]
  signal \BoardY_BoardX_Life_DEFAULT_Yy_Xx_row_cnt_a1[17][1]: input \BoardY_BoardX_Life_DEFAULT_Yy_Xx_row_cnt_a1[17][1]
  signal \BoardY_BoardX_Life_DEFAULT_Yy_Xx_alive_a2[17]: input \BoardY_BoardX_Life_DEFAULT_Yy_Xx_alive_a2[17]
  signal \BoardY_BoardX_Life_DEFAULT_Yy_Xx_alive_a2[28]: output \BoardY_BoardX_Life_DEFAULT_Yy_Xx_alive_a2[28]
  signal $add$life.tlv:80$1259_Y[0]: internal
  signal $add$life.tlv:80$1259_Y[1]: internal
  signal $add$life.tlv:80$1259_Y[2]: internal
  signal $add$life.tlv:80$1259_Y[3]: internal
  signal \RW_rand_raw[30]: input \RW_rand_raw[30]
  signal \BoardY_BoardX_Life_DEFAULT_Yy_Xx_alive_a2[26]: input \BoardY_BoardX_Life_DEFAULT_Yy_Xx_alive_a2[26]
  signal \BoardY_BoardX_Life_DEFAULT_Yy_Xx_row_cnt_a1[7][0]: input \BoardY_BoardX_Life_DEFAULT_Yy_Xx_row_cnt_a1[7][0]
  signal \BoardY_BoardX_Life_DEFAULT_Yy_Xx_row_cnt_a1[7][1]: input \BoardY_BoardX_Life_DEFAULT_Yy_Xx_row_cnt_a1[7][1]
  signal \BoardY_BoardX_Life_DEFAULT_Yy_Xx_alive_a1[17]: output \BoardY_BoardX_Life_DEFAULT_Yy_Xx_alive_a1[17]
  signal $add$life.tlv:76$1115_Y[1]: internal
  signal \BoardY_BoardX_Life_DEFAULT_Yy_Xx_cnt_a1[17][3]: internal
  signal \BoardY_BoardX_Life_DEFAULT_Yy_Xx_cnt_a1[17][0]: internal
  signal \BoardY_BoardX_Life_DEFAULT_Yy_Xx_cnt_a1[17][1]: internal
  signal \BoardY_BoardX_Life_DEFAULT_Yy_Xx_cnt_a1[17][2]: internal
  signal \BoardY_BoardX_Life_DEFAULT_Yy_Xx_alive_a1[28]: input \BoardY_BoardX_Life_DEFAULT_Yy_Xx_alive_a1[28]
  signal \BoardY_BoardX_Life_DEFAULT_Yy_Xx_row_cnt_a1[27][0]: output \BoardY_BoardX_Life_DEFAULT_Yy_Xx_row_cnt_a1[27][0]
  signal \BoardY_BoardX_Life_DEFAULT_Yy_Xx_row_cnt_a1[27][1]: output \BoardY_BoardX_Life_DEFAULT_Yy_Xx_row_cnt_a1[27][1]
  signal \BoardY_BoardX_Life_DEFAULT_Yy_Xx_alive_a2[27]: input \BoardY_BoardX_Life_DEFAULT_Yy_Xx_alive_a2[27]
  signal $ge$life.tlv:95$1262_Y: internal
  signal $le$life.tlv:95$1263_Y: internal
  signal $logic_and$life.tlv:95$1264_Y: internal
  signal $eq$life.tlv:96$1265_Y: internal
  signal $ternary$life.tlv:95$1266_Y: internal
  cell $ternary$life.tlv:95$1266 ($mux)
  cell $ternary$life.tlv:94$1267 ($mux)
  cell $procdff$1655 ($dff)
  cell $logic_and$life.tlv:95$1264 ($logic_and)
  cell $le$life.tlv:95$1263 ($le)
  cell $ge$life.tlv:95$1262 ($ge)
  cell $eq$life.tlv:96$1265 ($eq)
  cell $add$life.tlv:80$1261 ($add)
  cell $add$life.tlv:80$1259 ($add)
  cell $add$life.tlv:76$1117 ($add)
  cell $add$life.tlv:76$1115 ($add)

24. Executing SUBMOD pass (moving cells to submodules as requested).

24.1. Executing OPT_CLEAN pass (remove unused cells and wires).
Finding unused cells or wires in module \top..
Removed 0 unused cells and 15 unused wires.
<suppressed ~5 debug messages>

24.2. Continuing SUBMOD pass.
Creating submodule life_cell_18 (\life_cell_18) of module \top.
Warning: Port directions for cell \pseudo_rand (\pseudo_rand) are unknown. Assuming inout for all ports.
  signal \clk: input \clk
  signal $add$life.tlv:80$1245_Y[1]: internal
  signal $add$life.tlv:80$1245_Y[2]: internal
  signal $add$life.tlv:80$1245_Y[3]: internal
  signal \BoardY_BoardX_Life_DEFAULT_Yy_Xx_row_cnt_a1[8][0]: input \BoardY_BoardX_Life_DEFAULT_Yy_Xx_row_cnt_a1[8][0]
  signal \BoardY_BoardX_Life_DEFAULT_Yy_Xx_row_cnt_a1[8][1]: input \BoardY_BoardX_Life_DEFAULT_Yy_Xx_row_cnt_a1[8][1]
  signal $add$life.tlv:80$1245_Y[0]: internal
  signal \reset: input \reset
  signal \BoardY_BoardX_Life_DEFAULT_Yy_Xx_alive_a2[18]: input \BoardY_BoardX_Life_DEFAULT_Yy_Xx_alive_a2[18]
  signal \BoardY_BoardX_Life_DEFAULT_Yy_Xx_cnt_a1[18][0]: internal
  signal \BoardY_BoardX_Life_DEFAULT_Yy_Xx_row_cnt_a1[18][0]: input \BoardY_BoardX_Life_DEFAULT_Yy_Xx_row_cnt_a1[18][0]
  signal \BoardY_BoardX_Life_DEFAULT_Yy_Xx_row_cnt_a1[18][1]: input \BoardY_BoardX_Life_DEFAULT_Yy_Xx_row_cnt_a1[18][1]
  signal \BoardY_BoardX_Life_DEFAULT_Yy_Xx_alive_a2[29]: output \BoardY_BoardX_Life_DEFAULT_Yy_Xx_alive_a2[29]
  signal $add$life.tlv:76$1101_Y[0]: internal
  signal $add$life.tlv:76$1101_Y[1]: internal
  signal \BoardY_BoardX_Life_DEFAULT_Yy_Xx_alive_a2[28]: input \BoardY_BoardX_Life_DEFAULT_Yy_Xx_alive_a2[28]
  signal \BoardY_BoardX_Life_DEFAULT_Yy_Xx_alive_a1[18]: output \BoardY_BoardX_Life_DEFAULT_Yy_Xx_alive_a1[18]
  signal \RW_rand_raw[3]: input \RW_rand_raw[3]
  signal \BoardY_BoardX_Life_DEFAULT_Yy_Xx_row_cnt_a1[28][0]: output \BoardY_BoardX_Life_DEFAULT_Yy_Xx_row_cnt_a1[28][0]
  signal \BoardY_BoardX_Life_DEFAULT_Yy_Xx_row_cnt_a1[28][1]: output \BoardY_BoardX_Life_DEFAULT_Yy_Xx_row_cnt_a1[28][1]
  signal \BoardY_BoardX_Life_DEFAULT_Yy_Xx_cnt_a1[18][1]: internal
  signal \BoardY_BoardX_Life_DEFAULT_Yy_Xx_cnt_a1[18][2]: internal
  signal \BoardY_BoardX_Life_DEFAULT_Yy_Xx_cnt_a1[18][3]: internal
  signal \BoardY_BoardX_Life_DEFAULT_Yy_Xx_alive_a2[27]: input \BoardY_BoardX_Life_DEFAULT_Yy_Xx_alive_a2[27]
  signal \BoardY_BoardX_Life_DEFAULT_Yy_Xx_alive_a1[29]: input \BoardY_BoardX_Life_DEFAULT_Yy_Xx_alive_a1[29]
  signal $ge$life.tlv:95$1248_Y: internal
  signal $le$life.tlv:95$1249_Y: internal
  signal $logic_and$life.tlv:95$1250_Y: internal
  signal $eq$life.tlv:96$1251_Y: internal
  signal $ternary$life.tlv:95$1252_Y: internal
  cell $ternary$life.tlv:95$1252 ($mux)
  cell $ternary$life.tlv:94$1253 ($mux)
  cell $procdff$1656 ($dff)
  cell $logic_and$life.tlv:95$1250 ($logic_and)
  cell $le$life.tlv:95$1249 ($le)
  cell $ge$life.tlv:95$1248 ($ge)
  cell $eq$life.tlv:96$1251 ($eq)
  cell $add$life.tlv:80$1247 ($add)
  cell $add$life.tlv:80$1245 ($add)
  cell $add$life.tlv:76$1103 ($add)
  cell $add$life.tlv:76$1101 ($add)

25. Executing SUBMOD pass (moving cells to submodules as requested).

25.1. Executing OPT_CLEAN pass (remove unused cells and wires).
Finding unused cells or wires in module \top..
Removed 0 unused cells and 15 unused wires.
<suppressed ~5 debug messages>

25.2. Continuing SUBMOD pass.
Creating submodule life_cell_19 (\life_cell_19) of module \top.
Warning: Port directions for cell \pseudo_rand (\pseudo_rand) are unknown. Assuming inout for all ports.
  signal \BoardY_BoardX_Life_DEFAULT_Yy_Xx_row_cnt_a1[29][0]: output \BoardY_BoardX_Life_DEFAULT_Yy_Xx_row_cnt_a1[29][0]
  signal \BoardY_BoardX_Life_DEFAULT_Yy_Xx_row_cnt_a1[29][1]: output \BoardY_BoardX_Life_DEFAULT_Yy_Xx_row_cnt_a1[29][1]
  signal \reset: input \reset
  signal \BoardY_BoardX_Life_DEFAULT_Yy_Xx_row_cnt_a1[19][0]: input \BoardY_BoardX_Life_DEFAULT_Yy_Xx_row_cnt_a1[19][0]
  signal \BoardY_BoardX_Life_DEFAULT_Yy_Xx_row_cnt_a1[19][1]: input \BoardY_BoardX_Life_DEFAULT_Yy_Xx_row_cnt_a1[19][1]
  signal $add$life.tlv:76$1087_Y[0]: internal
  signal $add$life.tlv:76$1087_Y[1]: internal
  signal \BoardY_BoardX_Life_DEFAULT_Yy_Xx_alive_a2[29]: input \BoardY_BoardX_Life_DEFAULT_Yy_Xx_alive_a2[29]
  signal \BoardY_BoardX_Life_DEFAULT_Yy_Xx_alive_a2[28]: input \BoardY_BoardX_Life_DEFAULT_Yy_Xx_alive_a2[28]
  signal \BoardY_BoardX_Life_DEFAULT_Yy_Xx_cnt_a1[19][0]: internal
  signal \BoardY_BoardX_Life_DEFAULT_Yy_Xx_row_cnt_a1[9][0]: input \BoardY_BoardX_Life_DEFAULT_Yy_Xx_row_cnt_a1[9][0]
  signal \BoardY_BoardX_Life_DEFAULT_Yy_Xx_row_cnt_a1[9][1]: input \BoardY_BoardX_Life_DEFAULT_Yy_Xx_row_cnt_a1[9][1]
  signal $add$life.tlv:80$1231_Y[0]: internal
  signal $add$life.tlv:80$1231_Y[1]: internal
  signal $add$life.tlv:80$1231_Y[2]: internal
  signal $add$life.tlv:80$1231_Y[3]: internal
  signal \BoardY_BoardX_Life_DEFAULT_Yy_Xx_alive_a1[19]: output \BoardY_BoardX_Life_DEFAULT_Yy_Xx_alive_a1[19]
  signal \RW_rand_raw[8]: input \RW_rand_raw[8]
  signal \BoardY_BoardX_Life_DEFAULT_Yy_Xx_cnt_a1[19][1]: internal
  signal \BoardY_BoardX_Life_DEFAULT_Yy_Xx_cnt_a1[19][2]: internal
  signal \BoardY_BoardX_Life_DEFAULT_Yy_Xx_cnt_a1[19][3]: internal
  signal \BoardY_BoardX_Life_DEFAULT_Yy_Xx_alive_a2[19]: input \BoardY_BoardX_Life_DEFAULT_Yy_Xx_alive_a2[19]
  signal $ge$life.tlv:95$1234_Y: internal
  signal $le$life.tlv:95$1235_Y: internal
  signal $logic_and$life.tlv:95$1236_Y: internal
  signal $eq$life.tlv:96$1237_Y: internal
  signal $ternary$life.tlv:95$1238_Y: internal
  cell $ternary$life.tlv:95$1238 ($mux)
  cell $ternary$life.tlv:94$1239 ($mux)
  cell $logic_and$life.tlv:95$1236 ($logic_and)
  cell $le$life.tlv:95$1235 ($le)
  cell $ge$life.tlv:95$1234 ($ge)
  cell $eq$life.tlv:96$1237 ($eq)
  cell $add$life.tlv:80$1233 ($add)
  cell $add$life.tlv:80$1231 ($add)
  cell $add$life.tlv:76$1089 ($add)
  cell $add$life.tlv:76$1087 ($add)

26. Executing SUBMOD pass (moving cells to submodules as requested).

26.1. Executing OPT_CLEAN pass (remove unused cells and wires).
Finding unused cells or wires in module \top..
Removed 0 unused cells and 15 unused wires.
<suppressed ~5 debug messages>

26.2. Continuing SUBMOD pass.
Creating submodule life_cell_20 (\life_cell_20) of module \top.
Warning: Port directions for cell \pseudo_rand (\pseudo_rand) are unknown. Assuming inout for all ports.
  signal \clk: input \clk
  signal \BoardY_BoardX_Life_DEFAULT_Yy_Xx_row_cnt_a1[30][1]: output \BoardY_BoardX_Life_DEFAULT_Yy_Xx_row_cnt_a1[30][1]
  signal \BoardY_BoardX_Life_DEFAULT_Yy_Xx_row_cnt_a1[30][0]: output \BoardY_BoardX_Life_DEFAULT_Yy_Xx_row_cnt_a1[30][0]
  signal \reset: input \reset
  signal \BoardY_BoardX_Life_DEFAULT_Yy_Xx_row_cnt_a1[20][0]: input \BoardY_BoardX_Life_DEFAULT_Yy_Xx_row_cnt_a1[20][0]
  signal \BoardY_BoardX_Life_DEFAULT_Yy_Xx_row_cnt_a1[20][1]: input \BoardY_BoardX_Life_DEFAULT_Yy_Xx_row_cnt_a1[20][1]
  signal \BoardY_BoardX_Life_DEFAULT_Yy_Xx_row_cnt_a1[10][0]: input \BoardY_BoardX_Life_DEFAULT_Yy_Xx_row_cnt_a1[10][0]
  signal \BoardY_BoardX_Life_DEFAULT_Yy_Xx_row_cnt_a1[10][1]: input \BoardY_BoardX_Life_DEFAULT_Yy_Xx_row_cnt_a1[10][1]
  signal \BoardY_BoardX_Life_DEFAULT_Yy_Xx_alive_a2[30]: output \BoardY_BoardX_Life_DEFAULT_Yy_Xx_alive_a2[30]
  signal \BoardY_BoardX_Life_DEFAULT_Yy_Xx_cnt_a1[20][2]: internal
  signal \BoardY_BoardX_Life_DEFAULT_Yy_Xx_cnt_a1[20][3]: internal
  signal \BoardY_BoardX_Life_DEFAULT_Yy_Xx_alive_a2[31]: output \BoardY_BoardX_Life_DEFAULT_Yy_Xx_alive_a2[31]
  signal $add$life.tlv:76$1073_Y[0]: internal
  signal $add$life.tlv:76$1073_Y[1]: internal
  signal \RW_rand_raw[29]: input \RW_rand_raw[29]
  signal \BoardY_BoardX_Life_DEFAULT_Yy_Xx_alive_a1[20]: output \BoardY_BoardX_Life_DEFAULT_Yy_Xx_alive_a1[20]
  signal \BoardY_BoardX_Life_DEFAULT_Yy_Xx_alive_a2[20]: input \BoardY_BoardX_Life_DEFAULT_Yy_Xx_alive_a2[20]
  signal \BoardY_BoardX_Life_DEFAULT_Yy_Xx_alive_a1[30]: input \BoardY_BoardX_Life_DEFAULT_Yy_Xx_alive_a1[30]
  signal $add$life.tlv:80$1217_Y[0]: internal
  signal $add$life.tlv:80$1217_Y[1]: internal
  signal $add$life.tlv:80$1217_Y[2]: internal
  signal $add$life.tlv:80$1217_Y[3]: internal
  signal \BoardY_BoardX_Life_DEFAULT_Yy_Xx_alive_a1[31]: input \BoardY_BoardX_Life_DEFAULT_Yy_Xx_alive_a1[31]
  signal $ge$life.tlv:95$1220_Y: internal
  signal $le$life.tlv:95$1221_Y: internal
  signal $logic_and$life.tlv:95$1222_Y: internal
  signal $eq$life.tlv:96$1223_Y: internal
  signal $ternary$life.tlv:95$1224_Y: internal
  signal \BoardY_BoardX_Life_DEFAULT_Yy_Xx_cnt_a1[20][0]: internal
  signal \BoardY_BoardX_Life_DEFAULT_Yy_Xx_cnt_a1[20][1]: internal
  cell $ternary$life.tlv:95$1224 ($mux)
  cell $ternary$life.tlv:94$1225 ($mux)
  cell $procdff$1658 ($dff)
  cell $procdff$1657 ($dff)
  cell $logic_and$life.tlv:95$1222 ($logic_and)
  cell $le$life.tlv:95$1221 ($le)
  cell $ge$life.tlv:95$1220 ($ge)
  cell $eq$life.tlv:96$1223 ($eq)
  cell $add$life.tlv:80$1219 ($add)
  cell $add$life.tlv:80$1217 ($add)
  cell $add$life.tlv:76$1075 ($add)
  cell $add$life.tlv:76$1073 ($add)

27. Executing SUBMOD pass (moving cells to submodules as requested).

27.1. Executing OPT_CLEAN pass (remove unused cells and wires).
Finding unused cells or wires in module \top..
Removed 0 unused cells and 15 unused wires.
<suppressed ~5 debug messages>

27.2. Continuing SUBMOD pass.
Creating submodule life_cell_21 (\life_cell_21) of module \top.
Warning: Port directions for cell \pseudo_rand (\pseudo_rand) are unknown. Assuming inout for all ports.
  signal \clk: input \clk
  signal $add$life.tlv:80$1203_Y[0]: internal
  signal $add$life.tlv:80$1203_Y[1]: internal
  signal $add$life.tlv:80$1203_Y[2]: internal
  signal \reset: input \reset
  signal \BoardY_BoardX_Life_DEFAULT_Yy_Xx_alive_a2[21]: input \BoardY_BoardX_Life_DEFAULT_Yy_Xx_alive_a2[21]
  signal \BoardY_BoardX_Life_DEFAULT_Yy_Xx_row_cnt_a1[21][0]: input \BoardY_BoardX_Life_DEFAULT_Yy_Xx_row_cnt_a1[21][0]
  signal \BoardY_BoardX_Life_DEFAULT_Yy_Xx_row_cnt_a1[21][1]: input \BoardY_BoardX_Life_DEFAULT_Yy_Xx_row_cnt_a1[21][1]
  signal \BoardY_BoardX_Life_DEFAULT_Yy_Xx_cnt_a1[21][0]: internal
  signal \BoardY_BoardX_Life_DEFAULT_Yy_Xx_cnt_a1[21][1]: internal
  signal \BoardY_BoardX_Life_DEFAULT_Yy_Xx_cnt_a1[21][2]: internal
  signal \BoardY_BoardX_Life_DEFAULT_Yy_Xx_cnt_a1[21][3]: internal
  signal \BoardY_BoardX_Life_DEFAULT_Yy_Xx_row_cnt_a1[11][0]: input \BoardY_BoardX_Life_DEFAULT_Yy_Xx_row_cnt_a1[11][0]
  signal \BoardY_BoardX_Life_DEFAULT_Yy_Xx_row_cnt_a1[11][1]: input \BoardY_BoardX_Life_DEFAULT_Yy_Xx_row_cnt_a1[11][1]
  signal $add$life.tlv:76$1059_Y[0]: internal
  signal $add$life.tlv:76$1059_Y[1]: internal
  signal \BoardY_BoardX_Life_DEFAULT_Yy_Xx_alive_a2[30]: input \BoardY_BoardX_Life_DEFAULT_Yy_Xx_alive_a2[30]
  signal $add$life.tlv:80$1203_Y[3]: internal
  signal \BoardY_BoardX_Life_DEFAULT_Yy_Xx_alive_a2[31]: input \BoardY_BoardX_Life_DEFAULT_Yy_Xx_alive_a2[31]
  signal \RW_rand_raw[39]: input \RW_rand_raw[39]
  signal \BoardY_BoardX_Life_DEFAULT_Yy_Xx_alive_a2[32]: output \BoardY_BoardX_Life_DEFAULT_Yy_Xx_alive_a2[32]
  signal \BoardY_BoardX_Life_DEFAULT_Yy_Xx_row_cnt_a1[31][0]: output \BoardY_BoardX_Life_DEFAULT_Yy_Xx_row_cnt_a1[31][0]
  signal \BoardY_BoardX_Life_DEFAULT_Yy_Xx_alive_a1[32]: input \BoardY_BoardX_Life_DEFAULT_Yy_Xx_alive_a1[32]
  signal \BoardY_BoardX_Life_DEFAULT_Yy_Xx_row_cnt_a1[31][1]: output \BoardY_BoardX_Life_DEFAULT_Yy_Xx_row_cnt_a1[31][1]
  signal \BoardY_BoardX_Life_DEFAULT_Yy_Xx_alive_a1[21]: output \BoardY_BoardX_Life_DEFAULT_Yy_Xx_alive_a1[21]
  signal $ge$life.tlv:95$1206_Y: internal
  signal $le$life.tlv:95$1207_Y: internal
  signal $logic_and$life.tlv:95$1208_Y: internal
  signal $eq$life.tlv:96$1209_Y: internal
  signal $ternary$life.tlv:95$1210_Y: internal
  cell $ternary$life.tlv:95$1210 ($mux)
  cell $ternary$life.tlv:94$1211 ($mux)
  cell $procdff$1659 ($dff)
  cell $logic_and$life.tlv:95$1208 ($logic_and)
  cell $le$life.tlv:95$1207 ($le)
  cell $ge$life.tlv:95$1206 ($ge)
  cell $eq$life.tlv:96$1209 ($eq)
  cell $add$life.tlv:80$1205 ($add)
  cell $add$life.tlv:80$1203 ($add)
  cell $add$life.tlv:76$1061 ($add)
  cell $add$life.tlv:76$1059 ($add)

28. Executing SUBMOD pass (moving cells to submodules as requested).

28.1. Executing OPT_CLEAN pass (remove unused cells and wires).
Finding unused cells or wires in module \top..
Removed 0 unused cells and 15 unused wires.
<suppressed ~5 debug messages>

28.2. Continuing SUBMOD pass.
Creating submodule life_cell_22 (\life_cell_22) of module \top.
Warning: Port directions for cell \pseudo_rand (\pseudo_rand) are unknown. Assuming inout for all ports.
  signal \clk: input \clk
  signal \reset: input \reset
  signal \BoardY_BoardX_Life_DEFAULT_Yy_Xx_row_cnt_a1[12][0]: input \BoardY_BoardX_Life_DEFAULT_Yy_Xx_row_cnt_a1[12][0]
  signal \BoardY_BoardX_Life_DEFAULT_Yy_Xx_row_cnt_a1[12][1]: input \BoardY_BoardX_Life_DEFAULT_Yy_Xx_row_cnt_a1[12][1]
  signal \BoardY_BoardX_Life_DEFAULT_Yy_Xx_cnt_a1[22][0]: internal
  signal \BoardY_BoardX_Life_DEFAULT_Yy_Xx_cnt_a1[22][1]: internal
  signal \BoardY_BoardX_Life_DEFAULT_Yy_Xx_cnt_a1[22][2]: internal
  signal \BoardY_BoardX_Life_DEFAULT_Yy_Xx_alive_a2[22]: input \BoardY_BoardX_Life_DEFAULT_Yy_Xx_alive_a2[22]
  signal \BoardY_BoardX_Life_DEFAULT_Yy_Xx_alive_a2[31]: input \BoardY_BoardX_Life_DEFAULT_Yy_Xx_alive_a2[31]
  signal \BoardY_BoardX_Life_DEFAULT_Yy_Xx_row_cnt_a1[32][0]: output \BoardY_BoardX_Life_DEFAULT_Yy_Xx_row_cnt_a1[32][0]
  signal \BoardY_BoardX_Life_DEFAULT_Yy_Xx_row_cnt_a1[32][1]: output \BoardY_BoardX_Life_DEFAULT_Yy_Xx_row_cnt_a1[32][1]
  signal \BoardY_BoardX_Life_DEFAULT_Yy_Xx_row_cnt_a1[22][0]: input \BoardY_BoardX_Life_DEFAULT_Yy_Xx_row_cnt_a1[22][0]
  signal \BoardY_BoardX_Life_DEFAULT_Yy_Xx_row_cnt_a1[22][1]: input \BoardY_BoardX_Life_DEFAULT_Yy_Xx_row_cnt_a1[22][1]
  signal $add$life.tlv:76$1045_Y[0]: internal
  signal $add$life.tlv:76$1045_Y[1]: internal
  signal \BoardY_BoardX_Life_DEFAULT_Yy_Xx_cnt_a1[22][3]: internal
  signal \BoardY_BoardX_Life_DEFAULT_Yy_Xx_alive_a2[33]: output \BoardY_BoardX_Life_DEFAULT_Yy_Xx_alive_a2[33]
  signal \BoardY_BoardX_Life_DEFAULT_Yy_Xx_alive_a2[32]: input \BoardY_BoardX_Life_DEFAULT_Yy_Xx_alive_a2[32]
  signal \BoardY_BoardX_Life_DEFAULT_Yy_Xx_alive_a1[22]: output \BoardY_BoardX_Life_DEFAULT_Yy_Xx_alive_a1[22]
  signal $add$life.tlv:80$1189_Y[0]: internal
  signal $add$life.tlv:80$1189_Y[1]: internal
  signal $add$life.tlv:80$1189_Y[2]: internal
  signal $add$life.tlv:80$1189_Y[3]: internal
  signal \RW_rand_raw[45]: input \RW_rand_raw[45]
  signal \BoardY_BoardX_Life_DEFAULT_Yy_Xx_alive_a1[33]: input \BoardY_BoardX_Life_DEFAULT_Yy_Xx_alive_a1[33]
  signal $ge$life.tlv:95$1192_Y: internal
  signal $le$life.tlv:95$1193_Y: internal
  signal $logic_and$life.tlv:95$1194_Y: internal
  signal $eq$life.tlv:96$1195_Y: internal
  signal $ternary$life.tlv:95$1196_Y: internal
  cell $ternary$life.tlv:95$1196 ($mux)
  cell $ternary$life.tlv:94$1197 ($mux)
  cell $procdff$1660 ($dff)
  cell $logic_and$life.tlv:95$1194 ($logic_and)
  cell $le$life.tlv:95$1193 ($le)
  cell $ge$life.tlv:95$1192 ($ge)
  cell $eq$life.tlv:96$1195 ($eq)
  cell $add$life.tlv:80$1191 ($add)
  cell $add$life.tlv:80$1189 ($add)
  cell $add$life.tlv:76$1047 ($add)
  cell $add$life.tlv:76$1045 ($add)

29. Executing SUBMOD pass (moving cells to submodules as requested).

29.1. Executing OPT_CLEAN pass (remove unused cells and wires).
Finding unused cells or wires in module \top..
Removed 0 unused cells and 15 unused wires.
<suppressed ~5 debug messages>

29.2. Continuing SUBMOD pass.
Creating submodule life_cell_23 (\life_cell_23) of module \top.
Warning: Port directions for cell \pseudo_rand (\pseudo_rand) are unknown. Assuming inout for all ports.
  signal \clk: input \clk
  signal $add$life.tlv:80$1175_Y[2]: internal
  signal $add$life.tlv:80$1175_Y[3]: internal
  signal $add$life.tlv:76$1031_Y[1]: internal
  signal \reset: input \reset
  signal \BoardY_BoardX_Life_DEFAULT_Yy_Xx_row_cnt_a1[23][0]: input \BoardY_BoardX_Life_DEFAULT_Yy_Xx_row_cnt_a1[23][0]
  signal \BoardY_BoardX_Life_DEFAULT_Yy_Xx_row_cnt_a1[23][1]: input \BoardY_BoardX_Life_DEFAULT_Yy_Xx_row_cnt_a1[23][1]
  signal \BoardY_BoardX_Life_DEFAULT_Yy_Xx_cnt_a1[23][2]: internal
  signal \BoardY_BoardX_Life_DEFAULT_Yy_Xx_cnt_a1[23][3]: internal
  signal \BoardY_BoardX_Life_DEFAULT_Yy_Xx_cnt_a1[23][0]: internal
  signal \BoardY_BoardX_Life_DEFAULT_Yy_Xx_cnt_a1[23][1]: internal
  signal \BoardY_BoardX_Life_DEFAULT_Yy_Xx_alive_a2[34]: output \BoardY_BoardX_Life_DEFAULT_Yy_Xx_alive_a2[34]
  signal $add$life.tlv:76$1031_Y[0]: internal
  signal \BoardY_BoardX_Life_DEFAULT_Yy_Xx_row_cnt_a1[33][0]: output \BoardY_BoardX_Life_DEFAULT_Yy_Xx_row_cnt_a1[33][0]
  signal \BoardY_BoardX_Life_DEFAULT_Yy_Xx_row_cnt_a1[33][1]: output \BoardY_BoardX_Life_DEFAULT_Yy_Xx_row_cnt_a1[33][1]
  signal \BoardY_BoardX_Life_DEFAULT_Yy_Xx_alive_a2[23]: input \BoardY_BoardX_Life_DEFAULT_Yy_Xx_alive_a2[23]
  signal \RW_rand_raw[51]: input \RW_rand_raw[51]
  signal \BoardY_BoardX_Life_DEFAULT_Yy_Xx_alive_a2[33]: input \BoardY_BoardX_Life_DEFAULT_Yy_Xx_alive_a2[33]
  signal \BoardY_BoardX_Life_DEFAULT_Yy_Xx_alive_a2[32]: input \BoardY_BoardX_Life_DEFAULT_Yy_Xx_alive_a2[32]
  signal $add$life.tlv:80$1175_Y[0]: internal
  signal $add$life.tlv:80$1175_Y[1]: internal
  signal \BoardY_BoardX_Life_DEFAULT_Yy_Xx_row_cnt_a1[13][0]: input \BoardY_BoardX_Life_DEFAULT_Yy_Xx_row_cnt_a1[13][0]
  signal \BoardY_BoardX_Life_DEFAULT_Yy_Xx_row_cnt_a1[13][1]: input \BoardY_BoardX_Life_DEFAULT_Yy_Xx_row_cnt_a1[13][1]
  signal \BoardY_BoardX_Life_DEFAULT_Yy_Xx_alive_a1[23]: output \BoardY_BoardX_Life_DEFAULT_Yy_Xx_alive_a1[23]
  signal \BoardY_BoardX_Life_DEFAULT_Yy_Xx_alive_a1[34]: input \BoardY_BoardX_Life_DEFAULT_Yy_Xx_alive_a1[34]
  signal $ge$life.tlv:95$1178_Y: internal
  signal $le$life.tlv:95$1179_Y: internal
  signal $logic_and$life.tlv:95$1180_Y: internal
  signal $eq$life.tlv:96$1181_Y: internal
  signal $ternary$life.tlv:95$1182_Y: internal
  cell $ternary$life.tlv:95$1182 ($mux)
  cell $ternary$life.tlv:94$1183 ($mux)
  cell $procdff$1661 ($dff)
  cell $logic_and$life.tlv:95$1180 ($logic_and)
  cell $le$life.tlv:95$1179 ($le)
  cell $ge$life.tlv:95$1178 ($ge)
  cell $eq$life.tlv:96$1181 ($eq)
  cell $add$life.tlv:80$1177 ($add)
  cell $add$life.tlv:80$1175 ($add)
  cell $add$life.tlv:76$1033 ($add)
  cell $add$life.tlv:76$1031 ($add)

30. Executing SUBMOD pass (moving cells to submodules as requested).

30.1. Executing OPT_CLEAN pass (remove unused cells and wires).
Finding unused cells or wires in module \top..
Removed 0 unused cells and 15 unused wires.
<suppressed ~5 debug messages>

30.2. Continuing SUBMOD pass.
Creating submodule life_cell_24 (\life_cell_24) of module \top.
Warning: Port directions for cell \pseudo_rand (\pseudo_rand) are unknown. Assuming inout for all ports.
  signal \clk: input \clk
  signal $add$life.tlv:80$1161_Y[0]: internal
  signal $add$life.tlv:80$1161_Y[1]: internal
  signal $add$life.tlv:80$1161_Y[2]: internal
  signal $add$life.tlv:80$1161_Y[3]: internal
  signal \reset: input \reset
  signal \BoardY_BoardX_Life_DEFAULT_Yy_Xx_row_cnt_a1[34][0]: output \BoardY_BoardX_Life_DEFAULT_Yy_Xx_row_cnt_a1[34][0]
  signal \BoardY_BoardX_Life_DEFAULT_Yy_Xx_row_cnt_a1[34][1]: output \BoardY_BoardX_Life_DEFAULT_Yy_Xx_row_cnt_a1[34][1]
  signal \BoardY_BoardX_Life_DEFAULT_Yy_Xx_alive_a2[34]: input \BoardY_BoardX_Life_DEFAULT_Yy_Xx_alive_a2[34]
  signal \BoardY_BoardX_Life_DEFAULT_Yy_Xx_alive_a2[24]: input \BoardY_BoardX_Life_DEFAULT_Yy_Xx_alive_a2[24]
  signal \BoardY_BoardX_Life_DEFAULT_Yy_Xx_cnt_a1[24][0]: internal
  signal \BoardY_BoardX_Life_DEFAULT_Yy_Xx_cnt_a1[24][1]: internal
  signal \BoardY_BoardX_Life_DEFAULT_Yy_Xx_cnt_a1[24][2]: internal
  signal \BoardY_BoardX_Life_DEFAULT_Yy_Xx_row_cnt_a1[24][0]: input \BoardY_BoardX_Life_DEFAULT_Yy_Xx_row_cnt_a1[24][0]
  signal \BoardY_BoardX_Life_DEFAULT_Yy_Xx_row_cnt_a1[24][1]: input \BoardY_BoardX_Life_DEFAULT_Yy_Xx_row_cnt_a1[24][1]
  signal \BoardY_BoardX_Life_DEFAULT_Yy_Xx_alive_a2[35]: output \BoardY_BoardX_Life_DEFAULT_Yy_Xx_alive_a2[35]
  signal \BoardY_BoardX_Life_DEFAULT_Yy_Xx_cnt_a1[24][3]: internal
  signal \BoardY_BoardX_Life_DEFAULT_Yy_Xx_alive_a2[33]: input \BoardY_BoardX_Life_DEFAULT_Yy_Xx_alive_a2[33]
  signal \RW_rand_raw[53]: input \RW_rand_raw[53]
  signal \BoardY_BoardX_Life_DEFAULT_Yy_Xx_row_cnt_a1[14][0]: input \BoardY_BoardX_Life_DEFAULT_Yy_Xx_row_cnt_a1[14][0]
  signal \BoardY_BoardX_Life_DEFAULT_Yy_Xx_row_cnt_a1[14][1]: input \BoardY_BoardX_Life_DEFAULT_Yy_Xx_row_cnt_a1[14][1]
  signal $add$life.tlv:76$1017_Y[0]: internal
  signal $add$life.tlv:76$1017_Y[1]: internal
  signal \BoardY_BoardX_Life_DEFAULT_Yy_Xx_alive_a1[35]: input \BoardY_BoardX_Life_DEFAULT_Yy_Xx_alive_a1[35]
  signal \BoardY_BoardX_Life_DEFAULT_Yy_Xx_alive_a1[24]: output \BoardY_BoardX_Life_DEFAULT_Yy_Xx_alive_a1[24]
  signal $ge$life.tlv:95$1164_Y: internal
  signal $le$life.tlv:95$1165_Y: internal
  signal $logic_and$life.tlv:95$1166_Y: internal
  signal $eq$life.tlv:96$1167_Y: internal
  signal $ternary$life.tlv:95$1168_Y: internal
  cell $ternary$life.tlv:95$1168 ($mux)
  cell $ternary$life.tlv:94$1169 ($mux)
  cell $procdff$1662 ($dff)
  cell $logic_and$life.tlv:95$1166 ($logic_and)
  cell $le$life.tlv:95$1165 ($le)
  cell $ge$life.tlv:95$1164 ($ge)
  cell $eq$life.tlv:96$1167 ($eq)
  cell $add$life.tlv:80$1163 ($add)
  cell $add$life.tlv:80$1161 ($add)
  cell $add$life.tlv:76$1019 ($add)
  cell $add$life.tlv:76$1017 ($add)

31. Executing SUBMOD pass (moving cells to submodules as requested).

31.1. Executing OPT_CLEAN pass (remove unused cells and wires).
Finding unused cells or wires in module \top..
Removed 0 unused cells and 15 unused wires.
<suppressed ~5 debug messages>

31.2. Continuing SUBMOD pass.
Creating submodule life_cell_25 (\life_cell_25) of module \top.
Warning: Port directions for cell \pseudo_rand (\pseudo_rand) are unknown. Assuming inout for all ports.
  signal \clk: input \clk
  signal $add$life.tlv:80$1147_Y[0]: internal
  signal $add$life.tlv:80$1147_Y[1]: internal
  signal $add$life.tlv:80$1147_Y[2]: internal
  signal $add$life.tlv:80$1147_Y[3]: internal
  signal \reset: input \reset
  signal \BoardY_BoardX_Life_DEFAULT_Yy_Xx_cnt_a1[25][3]: internal
  signal $add$life.tlv:76$1003_Y[1]: internal
  signal \BoardY_BoardX_Life_DEFAULT_Yy_Xx_alive_a2[34]: input \BoardY_BoardX_Life_DEFAULT_Yy_Xx_alive_a2[34]
  signal \BoardY_BoardX_Life_DEFAULT_Yy_Xx_row_cnt_a1[15][1]: input \BoardY_BoardX_Life_DEFAULT_Yy_Xx_row_cnt_a1[15][1]
  signal \BoardY_BoardX_Life_DEFAULT_Yy_Xx_alive_a2[25]: input \BoardY_BoardX_Life_DEFAULT_Yy_Xx_alive_a2[25]
  signal \RW_rand_raw[15]: input \RW_rand_raw[15]
  signal \BoardY_BoardX_Life_DEFAULT_Yy_Xx_row_cnt_a1[35][0]: output \BoardY_BoardX_Life_DEFAULT_Yy_Xx_row_cnt_a1[35][0]
  signal \BoardY_BoardX_Life_DEFAULT_Yy_Xx_row_cnt_a1[35][1]: output \BoardY_BoardX_Life_DEFAULT_Yy_Xx_row_cnt_a1[35][1]
  signal \BoardY_BoardX_Life_DEFAULT_Yy_Xx_alive_a2[35]: input \BoardY_BoardX_Life_DEFAULT_Yy_Xx_alive_a2[35]
  signal $add$life.tlv:76$1003_Y[0]: internal
  signal \BoardY_BoardX_Life_DEFAULT_Yy_Xx_cnt_a1[25][0]: internal
  signal \BoardY_BoardX_Life_DEFAULT_Yy_Xx_cnt_a1[25][1]: internal
  signal \BoardY_BoardX_Life_DEFAULT_Yy_Xx_cnt_a1[25][2]: internal
  signal \BoardY_BoardX_Life_DEFAULT_Yy_Xx_alive_a1[25]: output \BoardY_BoardX_Life_DEFAULT_Yy_Xx_alive_a1[25]
  signal \BoardY_BoardX_Life_DEFAULT_Yy_Xx_alive_a1[36]: input \BoardY_BoardX_Life_DEFAULT_Yy_Xx_alive_a1[36]
  signal \BoardY_BoardX_Life_DEFAULT_Yy_Xx_row_cnt_a1[25][0]: input \BoardY_BoardX_Life_DEFAULT_Yy_Xx_row_cnt_a1[25][0]
  signal \BoardY_BoardX_Life_DEFAULT_Yy_Xx_row_cnt_a1[25][1]: input \BoardY_BoardX_Life_DEFAULT_Yy_Xx_row_cnt_a1[25][1]
  signal \BoardY_BoardX_Life_DEFAULT_Yy_Xx_row_cnt_a1[15][0]: input \BoardY_BoardX_Life_DEFAULT_Yy_Xx_row_cnt_a1[15][0]
  signal \BoardY_BoardX_Life_DEFAULT_Yy_Xx_alive_a2[36]: output \BoardY_BoardX_Life_DEFAULT_Yy_Xx_alive_a2[36]
  signal $ge$life.tlv:95$1150_Y: internal
  signal $le$life.tlv:95$1151_Y: internal
  signal $logic_and$life.tlv:95$1152_Y: internal
  signal $eq$life.tlv:96$1153_Y: internal
  signal $ternary$life.tlv:95$1154_Y: internal
  cell $ternary$life.tlv:95$1154 ($mux)
  cell $ternary$life.tlv:94$1155 ($mux)
  cell $procdff$1663 ($dff)
  cell $logic_and$life.tlv:95$1152 ($logic_and)
  cell $le$life.tlv:95$1151 ($le)
  cell $ge$life.tlv:95$1150 ($ge)
  cell $eq$life.tlv:96$1153 ($eq)
  cell $add$life.tlv:80$1149 ($add)
  cell $add$life.tlv:80$1147 ($add)
  cell $add$life.tlv:76$1005 ($add)
  cell $add$life.tlv:76$1003 ($add)

32. Executing SUBMOD pass (moving cells to submodules as requested).

32.1. Executing OPT_CLEAN pass (remove unused cells and wires).
Finding unused cells or wires in module \top..
Removed 0 unused cells and 15 unused wires.
<suppressed ~5 debug messages>

32.2. Continuing SUBMOD pass.
Creating submodule life_cell_26 (\life_cell_26) of module \top.
Warning: Port directions for cell \pseudo_rand (\pseudo_rand) are unknown. Assuming inout for all ports.
  signal \clk: input \clk
  signal $add$life.tlv:80$1133_Y[0]: internal
  signal $add$life.tlv:80$1133_Y[1]: internal
  signal $add$life.tlv:80$1133_Y[2]: internal
  signal $add$life.tlv:80$1133_Y[3]: internal
  signal \BoardY_BoardX_Life_DEFAULT_Yy_Xx_cnt_a1[26][1]: internal
  signal \BoardY_BoardX_Life_DEFAULT_Yy_Xx_cnt_a1[26][2]: internal
  signal \BoardY_BoardX_Life_DEFAULT_Yy_Xx_cnt_a1[26][3]: internal
  signal \reset: input \reset
  signal $add$life.tlv:76$989_Y[0]: internal
  signal $add$life.tlv:76$989_Y[1]: internal
  signal \BoardY_BoardX_Life_DEFAULT_Yy_Xx_row_cnt_a1[36][1]: output \BoardY_BoardX_Life_DEFAULT_Yy_Xx_row_cnt_a1[36][1]
  signal \BoardY_BoardX_Life_DEFAULT_Yy_Xx_row_cnt_a1[26][0]: input \BoardY_BoardX_Life_DEFAULT_Yy_Xx_row_cnt_a1[26][0]
  signal \BoardY_BoardX_Life_DEFAULT_Yy_Xx_row_cnt_a1[26][1]: input \BoardY_BoardX_Life_DEFAULT_Yy_Xx_row_cnt_a1[26][1]
  signal \BoardY_BoardX_Life_DEFAULT_Yy_Xx_row_cnt_a1[36][0]: output \BoardY_BoardX_Life_DEFAULT_Yy_Xx_row_cnt_a1[36][0]
  signal \BoardY_BoardX_Life_DEFAULT_Yy_Xx_alive_a2[26]: input \BoardY_BoardX_Life_DEFAULT_Yy_Xx_alive_a2[26]
  signal \BoardY_BoardX_Life_DEFAULT_Yy_Xx_alive_a2[35]: input \BoardY_BoardX_Life_DEFAULT_Yy_Xx_alive_a2[35]
  signal \BoardY_BoardX_Life_DEFAULT_Yy_Xx_row_cnt_a1[16][0]: input \BoardY_BoardX_Life_DEFAULT_Yy_Xx_row_cnt_a1[16][0]
  signal \BoardY_BoardX_Life_DEFAULT_Yy_Xx_row_cnt_a1[16][1]: input \BoardY_BoardX_Life_DEFAULT_Yy_Xx_row_cnt_a1[16][1]
  signal \RW_rand_raw[5]: input \RW_rand_raw[5]
  signal \BoardY_BoardX_Life_DEFAULT_Yy_Xx_cnt_a1[26][0]: internal
  signal \BoardY_BoardX_Life_DEFAULT_Yy_Xx_alive_a1[26]: output \BoardY_BoardX_Life_DEFAULT_Yy_Xx_alive_a1[26]
  signal \BoardY_BoardX_Life_DEFAULT_Yy_Xx_alive_a1[37]: input \BoardY_BoardX_Life_DEFAULT_Yy_Xx_alive_a1[37]
  signal \BoardY_BoardX_Life_DEFAULT_Yy_Xx_alive_a2[37]: output \BoardY_BoardX_Life_DEFAULT_Yy_Xx_alive_a2[37]
  signal \BoardY_BoardX_Life_DEFAULT_Yy_Xx_alive_a2[36]: input \BoardY_BoardX_Life_DEFAULT_Yy_Xx_alive_a2[36]
  signal $eq$life.tlv:96$1139_Y: internal
  signal $ternary$life.tlv:95$1140_Y: internal
  signal $ge$life.tlv:95$1136_Y: internal
  signal $le$life.tlv:95$1137_Y: internal
  signal $logic_and$life.tlv:95$1138_Y: internal
  cell $ternary$life.tlv:95$1140 ($mux)
  cell $ternary$life.tlv:94$1141 ($mux)
  cell $procdff$1664 ($dff)
  cell $logic_and$life.tlv:95$1138 ($logic_and)
  cell $le$life.tlv:95$1137 ($le)
  cell $ge$life.tlv:95$1136 ($ge)
  cell $eq$life.tlv:96$1139 ($eq)
  cell $add$life.tlv:80$1135 ($add)
  cell $add$life.tlv:80$1133 ($add)
  cell $add$life.tlv:76$991 ($add)
  cell $add$life.tlv:76$989 ($add)

33. Executing SUBMOD pass (moving cells to submodules as requested).

33.1. Executing OPT_CLEAN pass (remove unused cells and wires).
Finding unused cells or wires in module \top..
Removed 0 unused cells and 15 unused wires.
<suppressed ~5 debug messages>

33.2. Continuing SUBMOD pass.
Creating submodule life_cell_27 (\life_cell_27) of module \top.
Warning: Port directions for cell \pseudo_rand (\pseudo_rand) are unknown. Assuming inout for all ports.
  signal \clk: input \clk
  signal $add$life.tlv:76$975_Y[0]: internal
  signal $add$life.tlv:76$975_Y[1]: internal
  signal \reset: input \reset
  signal \BoardY_BoardX_Life_DEFAULT_Yy_Xx_cnt_a1[27][0]: internal
  signal \BoardY_BoardX_Life_DEFAULT_Yy_Xx_cnt_a1[27][1]: internal
  signal \BoardY_BoardX_Life_DEFAULT_Yy_Xx_cnt_a1[27][2]: internal
  signal \BoardY_BoardX_Life_DEFAULT_Yy_Xx_cnt_a1[27][3]: internal
  signal \BoardY_BoardX_Life_DEFAULT_Yy_Xx_row_cnt_a1[17][0]: input \BoardY_BoardX_Life_DEFAULT_Yy_Xx_row_cnt_a1[17][0]
  signal \BoardY_BoardX_Life_DEFAULT_Yy_Xx_row_cnt_a1[17][1]: input \BoardY_BoardX_Life_DEFAULT_Yy_Xx_row_cnt_a1[17][1]
  signal \BoardY_BoardX_Life_DEFAULT_Yy_Xx_row_cnt_a1[37][0]: output \BoardY_BoardX_Life_DEFAULT_Yy_Xx_row_cnt_a1[37][0]
  signal \BoardY_BoardX_Life_DEFAULT_Yy_Xx_row_cnt_a1[37][1]: output \BoardY_BoardX_Life_DEFAULT_Yy_Xx_row_cnt_a1[37][1]
  signal \BoardY_BoardX_Life_DEFAULT_Yy_Xx_alive_a1[27]: output \BoardY_BoardX_Life_DEFAULT_Yy_Xx_alive_a1[27]
  signal $add$life.tlv:80$1119_Y[0]: internal
  signal $add$life.tlv:80$1119_Y[1]: internal
  signal $add$life.tlv:80$1119_Y[2]: internal
  signal $add$life.tlv:80$1119_Y[3]: internal
  signal \RW_rand_raw[3]: input \RW_rand_raw[3]
  signal \BoardY_BoardX_Life_DEFAULT_Yy_Xx_alive_a2[38]: output \BoardY_BoardX_Life_DEFAULT_Yy_Xx_alive_a2[38]
  signal \BoardY_BoardX_Life_DEFAULT_Yy_Xx_row_cnt_a1[27][0]: input \BoardY_BoardX_Life_DEFAULT_Yy_Xx_row_cnt_a1[27][0]
  signal \BoardY_BoardX_Life_DEFAULT_Yy_Xx_row_cnt_a1[27][1]: input \BoardY_BoardX_Life_DEFAULT_Yy_Xx_row_cnt_a1[27][1]
  signal \BoardY_BoardX_Life_DEFAULT_Yy_Xx_alive_a2[27]: input \BoardY_BoardX_Life_DEFAULT_Yy_Xx_alive_a2[27]
  signal \BoardY_BoardX_Life_DEFAULT_Yy_Xx_alive_a2[37]: input \BoardY_BoardX_Life_DEFAULT_Yy_Xx_alive_a2[37]
  signal \BoardY_BoardX_Life_DEFAULT_Yy_Xx_alive_a2[36]: input \BoardY_BoardX_Life_DEFAULT_Yy_Xx_alive_a2[36]
  signal \BoardY_BoardX_Life_DEFAULT_Yy_Xx_alive_a1[38]: input \BoardY_BoardX_Life_DEFAULT_Yy_Xx_alive_a1[38]
  signal $ge$life.tlv:95$1122_Y: internal
  signal $le$life.tlv:95$1123_Y: internal
  signal $logic_and$life.tlv:95$1124_Y: internal
  signal $eq$life.tlv:96$1125_Y: internal
  signal $ternary$life.tlv:95$1126_Y: internal
  cell $ternary$life.tlv:95$1126 ($mux)
  cell $ternary$life.tlv:94$1127 ($mux)
  cell $procdff$1665 ($dff)
  cell $logic_and$life.tlv:95$1124 ($logic_and)
  cell $le$life.tlv:95$1123 ($le)
  cell $ge$life.tlv:95$1122 ($ge)
  cell $eq$life.tlv:96$1125 ($eq)
  cell $add$life.tlv:80$1121 ($add)
  cell $add$life.tlv:80$1119 ($add)
  cell $add$life.tlv:76$977 ($add)
  cell $add$life.tlv:76$975 ($add)

34. Executing SUBMOD pass (moving cells to submodules as requested).

34.1. Executing OPT_CLEAN pass (remove unused cells and wires).
Finding unused cells or wires in module \top..
Removed 0 unused cells and 15 unused wires.
<suppressed ~5 debug messages>

34.2. Continuing SUBMOD pass.
Creating submodule life_cell_28 (\life_cell_28) of module \top.
Warning: Port directions for cell \pseudo_rand (\pseudo_rand) are unknown. Assuming inout for all ports.
  signal \clk: input \clk
  signal \BoardY_BoardX_Life_DEFAULT_Yy_Xx_alive_a2[39]: output \BoardY_BoardX_Life_DEFAULT_Yy_Xx_alive_a2[39]
  signal $add$life.tlv:80$1105_Y[1]: internal
  signal $add$life.tlv:80$1105_Y[2]: internal
  signal $add$life.tlv:80$1105_Y[3]: internal
  signal \reset: input \reset
  signal \RW_rand_raw[13]: input \RW_rand_raw[13]
  signal \BoardY_BoardX_Life_DEFAULT_Yy_Xx_cnt_a1[28][0]: internal
  signal \BoardY_BoardX_Life_DEFAULT_Yy_Xx_cnt_a1[28][1]: internal
  signal \BoardY_BoardX_Life_DEFAULT_Yy_Xx_cnt_a1[28][2]: internal
  signal \BoardY_BoardX_Life_DEFAULT_Yy_Xx_row_cnt_a1[38][0]: output \BoardY_BoardX_Life_DEFAULT_Yy_Xx_row_cnt_a1[38][0]
  signal \BoardY_BoardX_Life_DEFAULT_Yy_Xx_row_cnt_a1[38][1]: output \BoardY_BoardX_Life_DEFAULT_Yy_Xx_row_cnt_a1[38][1]
  signal $add$life.tlv:76$961_Y[0]: internal
  signal $add$life.tlv:76$961_Y[1]: internal
  signal \BoardY_BoardX_Life_DEFAULT_Yy_Xx_row_cnt_a1[18][0]: input \BoardY_BoardX_Life_DEFAULT_Yy_Xx_row_cnt_a1[18][0]
  signal \BoardY_BoardX_Life_DEFAULT_Yy_Xx_row_cnt_a1[18][1]: input \BoardY_BoardX_Life_DEFAULT_Yy_Xx_row_cnt_a1[18][1]
  signal \BoardY_BoardX_Life_DEFAULT_Yy_Xx_alive_a1[39]: input \BoardY_BoardX_Life_DEFAULT_Yy_Xx_alive_a1[39]
  signal \BoardY_BoardX_Life_DEFAULT_Yy_Xx_alive_a2[28]: input \BoardY_BoardX_Life_DEFAULT_Yy_Xx_alive_a2[28]
  signal \BoardY_BoardX_Life_DEFAULT_Yy_Xx_cnt_a1[28][3]: internal
  signal $add$life.tlv:80$1105_Y[0]: internal
  signal \BoardY_BoardX_Life_DEFAULT_Yy_Xx_row_cnt_a1[28][0]: input \BoardY_BoardX_Life_DEFAULT_Yy_Xx_row_cnt_a1[28][0]
  signal \BoardY_BoardX_Life_DEFAULT_Yy_Xx_row_cnt_a1[28][1]: input \BoardY_BoardX_Life_DEFAULT_Yy_Xx_row_cnt_a1[28][1]
  signal \BoardY_BoardX_Life_DEFAULT_Yy_Xx_alive_a2[38]: input \BoardY_BoardX_Life_DEFAULT_Yy_Xx_alive_a2[38]
  signal \BoardY_BoardX_Life_DEFAULT_Yy_Xx_alive_a1[28]: output \BoardY_BoardX_Life_DEFAULT_Yy_Xx_alive_a1[28]
  signal \BoardY_BoardX_Life_DEFAULT_Yy_Xx_alive_a2[37]: input \BoardY_BoardX_Life_DEFAULT_Yy_Xx_alive_a2[37]
  signal $ge$life.tlv:95$1108_Y: internal
  signal $le$life.tlv:95$1109_Y: internal
  signal $logic_and$life.tlv:95$1110_Y: internal
  signal $eq$life.tlv:96$1111_Y: internal
  signal $ternary$life.tlv:95$1112_Y: internal
  cell $ternary$life.tlv:95$1112 ($mux)
  cell $ternary$life.tlv:94$1113 ($mux)
  cell $procdff$1666 ($dff)
  cell $logic_and$life.tlv:95$1110 ($logic_and)
  cell $le$life.tlv:95$1109 ($le)
  cell $ge$life.tlv:95$1108 ($ge)
  cell $eq$life.tlv:96$1111 ($eq)
  cell $add$life.tlv:80$1107 ($add)
  cell $add$life.tlv:80$1105 ($add)
  cell $add$life.tlv:76$963 ($add)
  cell $add$life.tlv:76$961 ($add)

35. Executing SUBMOD pass (moving cells to submodules as requested).

35.1. Executing OPT_CLEAN pass (remove unused cells and wires).
Finding unused cells or wires in module \top..
Removed 0 unused cells and 15 unused wires.
<suppressed ~5 debug messages>

35.2. Continuing SUBMOD pass.
Creating submodule life_cell_29 (\life_cell_29) of module \top.
Warning: Port directions for cell \pseudo_rand (\pseudo_rand) are unknown. Assuming inout for all ports.
  signal \BoardY_BoardX_Life_DEFAULT_Yy_Xx_alive_a2[39]: input \BoardY_BoardX_Life_DEFAULT_Yy_Xx_alive_a2[39]
  signal \BoardY_BoardX_Life_DEFAULT_Yy_Xx_row_cnt_a1[29][0]: input \BoardY_BoardX_Life_DEFAULT_Yy_Xx_row_cnt_a1[29][0]
  signal \BoardY_BoardX_Life_DEFAULT_Yy_Xx_row_cnt_a1[29][1]: input \BoardY_BoardX_Life_DEFAULT_Yy_Xx_row_cnt_a1[29][1]
  signal \reset: input \reset
  signal \BoardY_BoardX_Life_DEFAULT_Yy_Xx_row_cnt_a1[19][0]: input \BoardY_BoardX_Life_DEFAULT_Yy_Xx_row_cnt_a1[19][0]
  signal \BoardY_BoardX_Life_DEFAULT_Yy_Xx_row_cnt_a1[19][1]: input \BoardY_BoardX_Life_DEFAULT_Yy_Xx_row_cnt_a1[19][1]
  signal \BoardY_BoardX_Life_DEFAULT_Yy_Xx_alive_a2[29]: input \BoardY_BoardX_Life_DEFAULT_Yy_Xx_alive_a2[29]
  signal \BoardY_BoardX_Life_DEFAULT_Yy_Xx_cnt_a1[29][3]: internal
  signal \BoardY_BoardX_Life_DEFAULT_Yy_Xx_cnt_a1[29][0]: internal
  signal $add$life.tlv:76$947_Y[0]: internal
  signal $add$life.tlv:76$947_Y[1]: internal
  signal \BoardY_BoardX_Life_DEFAULT_Yy_Xx_cnt_a1[29][1]: internal
  signal \BoardY_BoardX_Life_DEFAULT_Yy_Xx_cnt_a1[29][2]: internal
  signal \BoardY_BoardX_Life_DEFAULT_Yy_Xx_row_cnt_a1[39][0]: output \BoardY_BoardX_Life_DEFAULT_Yy_Xx_row_cnt_a1[39][0]
  signal \BoardY_BoardX_Life_DEFAULT_Yy_Xx_row_cnt_a1[39][1]: output \BoardY_BoardX_Life_DEFAULT_Yy_Xx_row_cnt_a1[39][1]
  signal \BoardY_BoardX_Life_DEFAULT_Yy_Xx_alive_a2[38]: input \BoardY_BoardX_Life_DEFAULT_Yy_Xx_alive_a2[38]
  signal $add$life.tlv:80$1091_Y[0]: internal
  signal $add$life.tlv:80$1091_Y[1]: internal
  signal $add$life.tlv:80$1091_Y[2]: internal
  signal $add$life.tlv:80$1091_Y[3]: internal
  signal \RW_rand_raw[7]: input \RW_rand_raw[7]
  signal \BoardY_BoardX_Life_DEFAULT_Yy_Xx_alive_a1[29]: output \BoardY_BoardX_Life_DEFAULT_Yy_Xx_alive_a1[29]
  signal $eq$life.tlv:96$1097_Y: internal
  signal $ternary$life.tlv:95$1098_Y: internal
  signal $ge$life.tlv:95$1094_Y: internal
  signal $le$life.tlv:95$1095_Y: internal
  signal $logic_and$life.tlv:95$1096_Y: internal
  cell $ternary$life.tlv:95$1098 ($mux)
  cell $ternary$life.tlv:94$1099 ($mux)
  cell $logic_and$life.tlv:95$1096 ($logic_and)
  cell $le$life.tlv:95$1095 ($le)
  cell $ge$life.tlv:95$1094 ($ge)
  cell $eq$life.tlv:96$1097 ($eq)
  cell $add$life.tlv:80$1093 ($add)
  cell $add$life.tlv:80$1091 ($add)
  cell $add$life.tlv:76$949 ($add)
  cell $add$life.tlv:76$947 ($add)

36. Executing SUBMOD pass (moving cells to submodules as requested).

36.1. Executing OPT_CLEAN pass (remove unused cells and wires).
Finding unused cells or wires in module \top..
Removed 0 unused cells and 15 unused wires.
<suppressed ~5 debug messages>

36.2. Continuing SUBMOD pass.
Creating submodule life_cell_30 (\life_cell_30) of module \top.
Warning: Port directions for cell \pseudo_rand (\pseudo_rand) are unknown. Assuming inout for all ports.
  signal \clk: input \clk
  signal $add$life.tlv:76$933_Y[0]: internal
  signal $add$life.tlv:76$933_Y[1]: internal
  signal \BoardY_BoardX_Life_DEFAULT_Yy_Xx_row_cnt_a1[30][1]: input \BoardY_BoardX_Life_DEFAULT_Yy_Xx_row_cnt_a1[30][1]
  signal \BoardY_BoardX_Life_DEFAULT_Yy_Xx_row_cnt_a1[30][0]: input \BoardY_BoardX_Life_DEFAULT_Yy_Xx_row_cnt_a1[30][0]
  signal \reset: input \reset
  signal \BoardY_BoardX_Life_DEFAULT_Yy_Xx_cnt_a1[30][1]: internal
  signal \BoardY_BoardX_Life_DEFAULT_Yy_Xx_cnt_a1[30][2]: internal
  signal \BoardY_BoardX_Life_DEFAULT_Yy_Xx_cnt_a1[30][3]: internal
  signal $add$life.tlv:80$1077_Y[3]: internal
  signal \BoardY_BoardX_Life_DEFAULT_Yy_Xx_cnt_a1[30][0]: internal
  signal \BoardY_BoardX_Life_DEFAULT_Yy_Xx_row_cnt_a1[20][0]: input \BoardY_BoardX_Life_DEFAULT_Yy_Xx_row_cnt_a1[20][0]
  signal \BoardY_BoardX_Life_DEFAULT_Yy_Xx_row_cnt_a1[20][1]: input \BoardY_BoardX_Life_DEFAULT_Yy_Xx_row_cnt_a1[20][1]
  signal \BoardY_BoardX_Life_DEFAULT_Yy_Xx_alive_a1[40]: input \BoardY_BoardX_Life_DEFAULT_Yy_Xx_alive_a1[40]
  signal \BoardY_BoardX_Life_DEFAULT_Yy_Xx_alive_a2[30]: input \BoardY_BoardX_Life_DEFAULT_Yy_Xx_alive_a2[30]
  signal \BoardY_BoardX_Life_DEFAULT_Yy_Xx_alive_a1[41]: input \BoardY_BoardX_Life_DEFAULT_Yy_Xx_alive_a1[41]
  signal \RW_rand_raw[23]: input \RW_rand_raw[23]
  signal \BoardY_BoardX_Life_DEFAULT_Yy_Xx_row_cnt_a1[40][0]: output \BoardY_BoardX_Life_DEFAULT_Yy_Xx_row_cnt_a1[40][0]
  signal \BoardY_BoardX_Life_DEFAULT_Yy_Xx_row_cnt_a1[40][1]: output \BoardY_BoardX_Life_DEFAULT_Yy_Xx_row_cnt_a1[40][1]
  signal $add$life.tlv:80$1077_Y[0]: internal
  signal $add$life.tlv:80$1077_Y[1]: internal
  signal $add$life.tlv:80$1077_Y[2]: internal
  signal \BoardY_BoardX_Life_DEFAULT_Yy_Xx_alive_a2[41]: output \BoardY_BoardX_Life_DEFAULT_Yy_Xx_alive_a2[41]
  signal \BoardY_BoardX_Life_DEFAULT_Yy_Xx_alive_a1[30]: output \BoardY_BoardX_Life_DEFAULT_Yy_Xx_alive_a1[30]
  signal \BoardY_BoardX_Life_DEFAULT_Yy_Xx_alive_a2[40]: output \BoardY_BoardX_Life_DEFAULT_Yy_Xx_alive_a2[40]
  signal $ge$life.tlv:95$1080_Y: internal
  signal $le$life.tlv:95$1081_Y: internal
  signal $logic_and$life.tlv:95$1082_Y: internal
  signal $eq$life.tlv:96$1083_Y: internal
  signal $ternary$life.tlv:95$1084_Y: internal
  cell $ternary$life.tlv:95$1084 ($mux)
  cell $ternary$life.tlv:94$1085 ($mux)
  cell $procdff$1668 ($dff)
  cell $procdff$1667 ($dff)
  cell $logic_and$life.tlv:95$1082 ($logic_and)
  cell $le$life.tlv:95$1081 ($le)
  cell $ge$life.tlv:95$1080 ($ge)
  cell $eq$life.tlv:96$1083 ($eq)
  cell $add$life.tlv:80$1079 ($add)
  cell $add$life.tlv:80$1077 ($add)
  cell $add$life.tlv:76$935 ($add)
  cell $add$life.tlv:76$933 ($add)

37. Executing SUBMOD pass (moving cells to submodules as requested).

37.1. Executing OPT_CLEAN pass (remove unused cells and wires).
Finding unused cells or wires in module \top..
Removed 0 unused cells and 15 unused wires.
<suppressed ~5 debug messages>

37.2. Continuing SUBMOD pass.
Creating submodule life_cell_31 (\life_cell_31) of module \top.
Warning: Port directions for cell \pseudo_rand (\pseudo_rand) are unknown. Assuming inout for all ports.
  signal \clk: input \clk
  signal \reset: input \reset
  signal \BoardY_BoardX_Life_DEFAULT_Yy_Xx_row_cnt_a1[21][0]: input \BoardY_BoardX_Life_DEFAULT_Yy_Xx_row_cnt_a1[21][0]
  signal \BoardY_BoardX_Life_DEFAULT_Yy_Xx_row_cnt_a1[21][1]: input \BoardY_BoardX_Life_DEFAULT_Yy_Xx_row_cnt_a1[21][1]
  signal \BoardY_BoardX_Life_DEFAULT_Yy_Xx_alive_a2[31]: input \BoardY_BoardX_Life_DEFAULT_Yy_Xx_alive_a2[31]
  signal \BoardY_BoardX_Life_DEFAULT_Yy_Xx_alive_a1[42]: input \BoardY_BoardX_Life_DEFAULT_Yy_Xx_alive_a1[42]
  signal \BoardY_BoardX_Life_DEFAULT_Yy_Xx_cnt_a1[31][0]: internal
  signal \BoardY_BoardX_Life_DEFAULT_Yy_Xx_cnt_a1[31][1]: internal
  signal \BoardY_BoardX_Life_DEFAULT_Yy_Xx_cnt_a1[31][2]: internal
  signal \BoardY_BoardX_Life_DEFAULT_Yy_Xx_row_cnt_a1[31][0]: input \BoardY_BoardX_Life_DEFAULT_Yy_Xx_row_cnt_a1[31][0]
  signal \BoardY_BoardX_Life_DEFAULT_Yy_Xx_cnt_a1[31][3]: internal
  signal \BoardY_BoardX_Life_DEFAULT_Yy_Xx_alive_a2[41]: input \BoardY_BoardX_Life_DEFAULT_Yy_Xx_alive_a2[41]
  signal \BoardY_BoardX_Life_DEFAULT_Yy_Xx_alive_a2[42]: output \BoardY_BoardX_Life_DEFAULT_Yy_Xx_alive_a2[42]
  signal $add$life.tlv:76$919_Y[0]: internal
  signal $add$life.tlv:76$919_Y[1]: internal
  signal \BoardY_BoardX_Life_DEFAULT_Yy_Xx_alive_a2[40]: input \BoardY_BoardX_Life_DEFAULT_Yy_Xx_alive_a2[40]
  signal $add$life.tlv:80$1063_Y[0]: internal
  signal $add$life.tlv:80$1063_Y[1]: internal
  signal $add$life.tlv:80$1063_Y[2]: internal
  signal $add$life.tlv:80$1063_Y[3]: internal
  signal \RW_rand_raw[46]: input \RW_rand_raw[46]
  signal \BoardY_BoardX_Life_DEFAULT_Yy_Xx_row_cnt_a1[31][1]: input \BoardY_BoardX_Life_DEFAULT_Yy_Xx_row_cnt_a1[31][1]
  signal \BoardY_BoardX_Life_DEFAULT_Yy_Xx_alive_a1[31]: output \BoardY_BoardX_Life_DEFAULT_Yy_Xx_alive_a1[31]
  signal $ge$life.tlv:95$1066_Y: internal
  signal $le$life.tlv:95$1067_Y: internal
  signal $logic_and$life.tlv:95$1068_Y: internal
  signal $eq$life.tlv:96$1069_Y: internal
  signal $ternary$life.tlv:95$1070_Y: internal
  signal \BoardY_BoardX_Life_DEFAULT_Yy_Xx_row_cnt_a1[41][1]: output \BoardY_BoardX_Life_DEFAULT_Yy_Xx_row_cnt_a1[41][1]
  signal \BoardY_BoardX_Life_DEFAULT_Yy_Xx_row_cnt_a1[41][0]: output \BoardY_BoardX_Life_DEFAULT_Yy_Xx_row_cnt_a1[41][0]
  cell $ternary$life.tlv:95$1070 ($mux)
  cell $ternary$life.tlv:94$1071 ($mux)
  cell $procdff$1669 ($dff)
  cell $logic_and$life.tlv:95$1068 ($logic_and)
  cell $le$life.tlv:95$1067 ($le)
  cell $ge$life.tlv:95$1066 ($ge)
  cell $eq$life.tlv:96$1069 ($eq)
  cell $add$life.tlv:80$1065 ($add)
  cell $add$life.tlv:80$1063 ($add)
  cell $add$life.tlv:76$921 ($add)
  cell $add$life.tlv:76$919 ($add)

38. Executing SUBMOD pass (moving cells to submodules as requested).

38.1. Executing OPT_CLEAN pass (remove unused cells and wires).
Finding unused cells or wires in module \top..
Removed 0 unused cells and 15 unused wires.
<suppressed ~5 debug messages>

38.2. Continuing SUBMOD pass.
Creating submodule life_cell_32 (\life_cell_32) of module \top.
Warning: Port directions for cell \pseudo_rand (\pseudo_rand) are unknown. Assuming inout for all ports.
  signal \clk: input \clk
  signal \reset: input \reset
  signal \BoardY_BoardX_Life_DEFAULT_Yy_Xx_cnt_a1[32][0]: internal
  signal $add$life.tlv:80$1049_Y[1]: internal
  signal $add$life.tlv:80$1049_Y[2]: internal
  signal $add$life.tlv:80$1049_Y[3]: internal
  signal \RW_rand_raw[49]: input \RW_rand_raw[49]
  signal \BoardY_BoardX_Life_DEFAULT_Yy_Xx_cnt_a1[32][1]: internal
  signal \BoardY_BoardX_Life_DEFAULT_Yy_Xx_cnt_a1[32][2]: internal
  signal \BoardY_BoardX_Life_DEFAULT_Yy_Xx_cnt_a1[32][3]: internal
  signal \BoardY_BoardX_Life_DEFAULT_Yy_Xx_row_cnt_a1[32][0]: input \BoardY_BoardX_Life_DEFAULT_Yy_Xx_row_cnt_a1[32][0]
  signal \BoardY_BoardX_Life_DEFAULT_Yy_Xx_row_cnt_a1[32][1]: input \BoardY_BoardX_Life_DEFAULT_Yy_Xx_row_cnt_a1[32][1]
  signal \BoardY_BoardX_Life_DEFAULT_Yy_Xx_row_cnt_a1[22][0]: input \BoardY_BoardX_Life_DEFAULT_Yy_Xx_row_cnt_a1[22][0]
  signal \BoardY_BoardX_Life_DEFAULT_Yy_Xx_row_cnt_a1[22][1]: input \BoardY_BoardX_Life_DEFAULT_Yy_Xx_row_cnt_a1[22][1]
  signal \BoardY_BoardX_Life_DEFAULT_Yy_Xx_alive_a1[43]: input \BoardY_BoardX_Life_DEFAULT_Yy_Xx_alive_a1[43]
  signal $add$life.tlv:80$1049_Y[0]: internal
  signal \BoardY_BoardX_Life_DEFAULT_Yy_Xx_alive_a2[32]: input \BoardY_BoardX_Life_DEFAULT_Yy_Xx_alive_a2[32]
  signal \BoardY_BoardX_Life_DEFAULT_Yy_Xx_row_cnt_a1[42][0]: output \BoardY_BoardX_Life_DEFAULT_Yy_Xx_row_cnt_a1[42][0]
  signal \BoardY_BoardX_Life_DEFAULT_Yy_Xx_row_cnt_a1[42][1]: output \BoardY_BoardX_Life_DEFAULT_Yy_Xx_row_cnt_a1[42][1]
  signal \BoardY_BoardX_Life_DEFAULT_Yy_Xx_alive_a1[32]: output \BoardY_BoardX_Life_DEFAULT_Yy_Xx_alive_a1[32]
  signal $add$life.tlv:76$905_Y[0]: internal
  signal $add$life.tlv:76$905_Y[1]: internal
  signal \BoardY_BoardX_Life_DEFAULT_Yy_Xx_alive_a2[41]: input \BoardY_BoardX_Life_DEFAULT_Yy_Xx_alive_a2[41]
  signal \BoardY_BoardX_Life_DEFAULT_Yy_Xx_alive_a2[43]: output \BoardY_BoardX_Life_DEFAULT_Yy_Xx_alive_a2[43]
  signal \BoardY_BoardX_Life_DEFAULT_Yy_Xx_alive_a2[42]: input \BoardY_BoardX_Life_DEFAULT_Yy_Xx_alive_a2[42]
  signal $ge$life.tlv:95$1052_Y: internal
  signal $le$life.tlv:95$1053_Y: internal
  signal $logic_and$life.tlv:95$1054_Y: internal
  signal $eq$life.tlv:96$1055_Y: internal
  signal $ternary$life.tlv:95$1056_Y: internal
  cell $ternary$life.tlv:95$1056 ($mux)
  cell $ternary$life.tlv:94$1057 ($mux)
  cell $procdff$1670 ($dff)
  cell $logic_and$life.tlv:95$1054 ($logic_and)
  cell $le$life.tlv:95$1053 ($le)
  cell $ge$life.tlv:95$1052 ($ge)
  cell $eq$life.tlv:96$1055 ($eq)
  cell $add$life.tlv:80$1051 ($add)
  cell $add$life.tlv:80$1049 ($add)
  cell $add$life.tlv:76$907 ($add)
  cell $add$life.tlv:76$905 ($add)

39. Executing SUBMOD pass (moving cells to submodules as requested).

39.1. Executing OPT_CLEAN pass (remove unused cells and wires).
Finding unused cells or wires in module \top..
Removed 0 unused cells and 15 unused wires.
<suppressed ~5 debug messages>

39.2. Continuing SUBMOD pass.
Creating submodule life_cell_33 (\life_cell_33) of module \top.
Warning: Port directions for cell \pseudo_rand (\pseudo_rand) are unknown. Assuming inout for all ports.
  signal \RW_rand_raw[60]: input \RW_rand_raw[60]
  signal \clk: input \clk
  signal $add$life.tlv:80$1035_Y[0]: internal
  signal $add$life.tlv:80$1035_Y[1]: internal
  signal $add$life.tlv:80$1035_Y[2]: internal
  signal $add$life.tlv:80$1035_Y[3]: internal
  signal \reset: input \reset
  signal \BoardY_BoardX_Life_DEFAULT_Yy_Xx_row_cnt_a1[23][0]: input \BoardY_BoardX_Life_DEFAULT_Yy_Xx_row_cnt_a1[23][0]
  signal \BoardY_BoardX_Life_DEFAULT_Yy_Xx_row_cnt_a1[23][1]: input \BoardY_BoardX_Life_DEFAULT_Yy_Xx_row_cnt_a1[23][1]
  signal \BoardY_BoardX_Life_DEFAULT_Yy_Xx_row_cnt_a1[33][0]: input \BoardY_BoardX_Life_DEFAULT_Yy_Xx_row_cnt_a1[33][0]
  signal \BoardY_BoardX_Life_DEFAULT_Yy_Xx_row_cnt_a1[33][1]: input \BoardY_BoardX_Life_DEFAULT_Yy_Xx_row_cnt_a1[33][1]
  signal \BoardY_BoardX_Life_DEFAULT_Yy_Xx_cnt_a1[33][0]: internal
  signal \BoardY_BoardX_Life_DEFAULT_Yy_Xx_cnt_a1[33][1]: internal
  signal \BoardY_BoardX_Life_DEFAULT_Yy_Xx_cnt_a1[33][2]: internal
  signal \BoardY_BoardX_Life_DEFAULT_Yy_Xx_cnt_a1[33][3]: internal
  signal \BoardY_BoardX_Life_DEFAULT_Yy_Xx_alive_a2[33]: input \BoardY_BoardX_Life_DEFAULT_Yy_Xx_alive_a2[33]
  signal \BoardY_BoardX_Life_DEFAULT_Yy_Xx_row_cnt_a1[43][0]: output \BoardY_BoardX_Life_DEFAULT_Yy_Xx_row_cnt_a1[43][0]
  signal \BoardY_BoardX_Life_DEFAULT_Yy_Xx_row_cnt_a1[43][1]: output \BoardY_BoardX_Life_DEFAULT_Yy_Xx_row_cnt_a1[43][1]
  signal \BoardY_BoardX_Life_DEFAULT_Yy_Xx_alive_a1[44]: input \BoardY_BoardX_Life_DEFAULT_Yy_Xx_alive_a1[44]
  signal $add$life.tlv:76$891_Y[0]: internal
  signal $add$life.tlv:76$891_Y[1]: internal
  signal \BoardY_BoardX_Life_DEFAULT_Yy_Xx_alive_a2[44]: output \BoardY_BoardX_Life_DEFAULT_Yy_Xx_alive_a2[44]
  signal \BoardY_BoardX_Life_DEFAULT_Yy_Xx_alive_a2[43]: input \BoardY_BoardX_Life_DEFAULT_Yy_Xx_alive_a2[43]
  signal \BoardY_BoardX_Life_DEFAULT_Yy_Xx_alive_a2[42]: input \BoardY_BoardX_Life_DEFAULT_Yy_Xx_alive_a2[42]
  signal \BoardY_BoardX_Life_DEFAULT_Yy_Xx_alive_a1[33]: output \BoardY_BoardX_Life_DEFAULT_Yy_Xx_alive_a1[33]
  signal $ge$life.tlv:95$1038_Y: internal
  signal $le$life.tlv:95$1039_Y: internal
  signal $logic_and$life.tlv:95$1040_Y: internal
  signal $eq$life.tlv:96$1041_Y: internal
  signal $ternary$life.tlv:95$1042_Y: internal
  cell $ternary$life.tlv:95$1042 ($mux)
  cell $ternary$life.tlv:94$1043 ($mux)
  cell $procdff$1671 ($dff)
  cell $logic_and$life.tlv:95$1040 ($logic_and)
  cell $le$life.tlv:95$1039 ($le)
  cell $ge$life.tlv:95$1038 ($ge)
  cell $eq$life.tlv:96$1041 ($eq)
  cell $add$life.tlv:80$1037 ($add)
  cell $add$life.tlv:80$1035 ($add)
  cell $add$life.tlv:76$893 ($add)
  cell $add$life.tlv:76$891 ($add)

40. Executing SUBMOD pass (moving cells to submodules as requested).

40.1. Executing OPT_CLEAN pass (remove unused cells and wires).
Finding unused cells or wires in module \top..
Removed 0 unused cells and 15 unused wires.
<suppressed ~5 debug messages>

40.2. Continuing SUBMOD pass.
Creating submodule life_cell_34 (\life_cell_34) of module \top.
Warning: Port directions for cell \pseudo_rand (\pseudo_rand) are unknown. Assuming inout for all ports.
  signal \clk: input \clk
  signal \reset: input \reset
  signal \RW_rand_raw[11]: input \RW_rand_raw[11]
  signal \BoardY_BoardX_Life_DEFAULT_Yy_Xx_cnt_a1[34][2]: internal
  signal \BoardY_BoardX_Life_DEFAULT_Yy_Xx_cnt_a1[34][3]: internal
  signal \BoardY_BoardX_Life_DEFAULT_Yy_Xx_row_cnt_a1[34][0]: input \BoardY_BoardX_Life_DEFAULT_Yy_Xx_row_cnt_a1[34][0]
  signal \BoardY_BoardX_Life_DEFAULT_Yy_Xx_row_cnt_a1[34][1]: input \BoardY_BoardX_Life_DEFAULT_Yy_Xx_row_cnt_a1[34][1]
  signal \BoardY_BoardX_Life_DEFAULT_Yy_Xx_row_cnt_a1[44][0]: output \BoardY_BoardX_Life_DEFAULT_Yy_Xx_row_cnt_a1[44][0]
  signal \BoardY_BoardX_Life_DEFAULT_Yy_Xx_alive_a2[34]: input \BoardY_BoardX_Life_DEFAULT_Yy_Xx_alive_a2[34]
  signal $add$life.tlv:80$1021_Y[0]: internal
  signal $add$life.tlv:80$1021_Y[1]: internal
  signal $add$life.tlv:80$1021_Y[2]: internal
  signal $add$life.tlv:80$1021_Y[3]: internal
  signal $add$life.tlv:76$877_Y[0]: internal
  signal $add$life.tlv:76$877_Y[1]: internal
  signal \BoardY_BoardX_Life_DEFAULT_Yy_Xx_row_cnt_a1[44][1]: output \BoardY_BoardX_Life_DEFAULT_Yy_Xx_row_cnt_a1[44][1]
  signal \BoardY_BoardX_Life_DEFAULT_Yy_Xx_row_cnt_a1[24][0]: input \BoardY_BoardX_Life_DEFAULT_Yy_Xx_row_cnt_a1[24][0]
  signal \BoardY_BoardX_Life_DEFAULT_Yy_Xx_row_cnt_a1[24][1]: input \BoardY_BoardX_Life_DEFAULT_Yy_Xx_row_cnt_a1[24][1]
  signal \BoardY_BoardX_Life_DEFAULT_Yy_Xx_cnt_a1[34][0]: internal
  signal \BoardY_BoardX_Life_DEFAULT_Yy_Xx_cnt_a1[34][1]: internal
  signal \BoardY_BoardX_Life_DEFAULT_Yy_Xx_alive_a2[45]: output \BoardY_BoardX_Life_DEFAULT_Yy_Xx_alive_a2[45]
  signal \BoardY_BoardX_Life_DEFAULT_Yy_Xx_alive_a1[45]: input \BoardY_BoardX_Life_DEFAULT_Yy_Xx_alive_a1[45]
  signal \BoardY_BoardX_Life_DEFAULT_Yy_Xx_alive_a2[44]: input \BoardY_BoardX_Life_DEFAULT_Yy_Xx_alive_a2[44]
  signal \BoardY_BoardX_Life_DEFAULT_Yy_Xx_alive_a2[43]: input \BoardY_BoardX_Life_DEFAULT_Yy_Xx_alive_a2[43]
  signal \BoardY_BoardX_Life_DEFAULT_Yy_Xx_alive_a1[34]: output \BoardY_BoardX_Life_DEFAULT_Yy_Xx_alive_a1[34]
  signal $ge$life.tlv:95$1024_Y: internal
  signal $le$life.tlv:95$1025_Y: internal
  signal $logic_and$life.tlv:95$1026_Y: internal
  signal $eq$life.tlv:96$1027_Y: internal
  signal $ternary$life.tlv:95$1028_Y: internal
  cell $ternary$life.tlv:95$1028 ($mux)
  cell $ternary$life.tlv:94$1029 ($mux)
  cell $procdff$1672 ($dff)
  cell $logic_and$life.tlv:95$1026 ($logic_and)
  cell $le$life.tlv:95$1025 ($le)
  cell $ge$life.tlv:95$1024 ($ge)
  cell $eq$life.tlv:96$1027 ($eq)
  cell $add$life.tlv:80$1023 ($add)
  cell $add$life.tlv:80$1021 ($add)
  cell $add$life.tlv:76$879 ($add)
  cell $add$life.tlv:76$877 ($add)

41. Executing SUBMOD pass (moving cells to submodules as requested).

41.1. Executing OPT_CLEAN pass (remove unused cells and wires).
Finding unused cells or wires in module \top..
Removed 0 unused cells and 15 unused wires.
<suppressed ~5 debug messages>

41.2. Continuing SUBMOD pass.
Creating submodule life_cell_35 (\life_cell_35) of module \top.
Warning: Port directions for cell \pseudo_rand (\pseudo_rand) are unknown. Assuming inout for all ports.
  signal \clk: input \clk
  signal \reset: input \reset
  signal \RW_rand_raw[10]: input \RW_rand_raw[10]
  signal $add$life.tlv:80$1007_Y[0]: internal
  signal $add$life.tlv:80$1007_Y[1]: internal
  signal $add$life.tlv:80$1007_Y[2]: internal
  signal $add$life.tlv:80$1007_Y[3]: internal
  signal \BoardY_BoardX_Life_DEFAULT_Yy_Xx_cnt_a1[35][0]: internal
  signal \BoardY_BoardX_Life_DEFAULT_Yy_Xx_cnt_a1[35][1]: internal
  signal \BoardY_BoardX_Life_DEFAULT_Yy_Xx_row_cnt_a1[35][0]: input \BoardY_BoardX_Life_DEFAULT_Yy_Xx_row_cnt_a1[35][0]
  signal \BoardY_BoardX_Life_DEFAULT_Yy_Xx_row_cnt_a1[35][1]: input \BoardY_BoardX_Life_DEFAULT_Yy_Xx_row_cnt_a1[35][1]
  signal \BoardY_BoardX_Life_DEFAULT_Yy_Xx_row_cnt_a1[45][0]: output \BoardY_BoardX_Life_DEFAULT_Yy_Xx_row_cnt_a1[45][0]
  signal \BoardY_BoardX_Life_DEFAULT_Yy_Xx_row_cnt_a1[45][1]: output \BoardY_BoardX_Life_DEFAULT_Yy_Xx_row_cnt_a1[45][1]
  signal \BoardY_BoardX_Life_DEFAULT_Yy_Xx_alive_a2[35]: input \BoardY_BoardX_Life_DEFAULT_Yy_Xx_alive_a2[35]
  signal $add$life.tlv:76$863_Y[1]: internal
  signal \BoardY_BoardX_Life_DEFAULT_Yy_Xx_alive_a2[45]: input \BoardY_BoardX_Life_DEFAULT_Yy_Xx_alive_a2[45]
  signal \BoardY_BoardX_Life_DEFAULT_Yy_Xx_alive_a1[46]: input \BoardY_BoardX_Life_DEFAULT_Yy_Xx_alive_a1[46]
  signal \BoardY_BoardX_Life_DEFAULT_Yy_Xx_alive_a2[44]: input \BoardY_BoardX_Life_DEFAULT_Yy_Xx_alive_a2[44]
  signal \BoardY_BoardX_Life_DEFAULT_Yy_Xx_row_cnt_a1[25][0]: input \BoardY_BoardX_Life_DEFAULT_Yy_Xx_row_cnt_a1[25][0]
  signal \BoardY_BoardX_Life_DEFAULT_Yy_Xx_row_cnt_a1[25][1]: input \BoardY_BoardX_Life_DEFAULT_Yy_Xx_row_cnt_a1[25][1]
  signal \BoardY_BoardX_Life_DEFAULT_Yy_Xx_cnt_a1[35][2]: internal
  signal \BoardY_BoardX_Life_DEFAULT_Yy_Xx_cnt_a1[35][3]: internal
  signal $add$life.tlv:76$863_Y[0]: internal
  signal \BoardY_BoardX_Life_DEFAULT_Yy_Xx_alive_a1[35]: output \BoardY_BoardX_Life_DEFAULT_Yy_Xx_alive_a1[35]
  signal \BoardY_BoardX_Life_DEFAULT_Yy_Xx_alive_a2[46]: output \BoardY_BoardX_Life_DEFAULT_Yy_Xx_alive_a2[46]
  signal $ge$life.tlv:95$1010_Y: internal
  signal $le$life.tlv:95$1011_Y: internal
  signal $logic_and$life.tlv:95$1012_Y: internal
  signal $eq$life.tlv:96$1013_Y: internal
  signal $ternary$life.tlv:95$1014_Y: internal
  cell $ternary$life.tlv:95$1014 ($mux)
  cell $ternary$life.tlv:94$1015 ($mux)
  cell $procdff$1673 ($dff)
  cell $logic_and$life.tlv:95$1012 ($logic_and)
  cell $le$life.tlv:95$1011 ($le)
  cell $ge$life.tlv:95$1010 ($ge)
  cell $eq$life.tlv:96$1013 ($eq)
  cell $add$life.tlv:80$1009 ($add)
  cell $add$life.tlv:80$1007 ($add)
  cell $add$life.tlv:76$865 ($add)
  cell $add$life.tlv:76$863 ($add)

42. Executing SUBMOD pass (moving cells to submodules as requested).

42.1. Executing OPT_CLEAN pass (remove unused cells and wires).
Finding unused cells or wires in module \top..
Removed 0 unused cells and 15 unused wires.
<suppressed ~5 debug messages>

42.2. Continuing SUBMOD pass.
Creating submodule life_cell_36 (\life_cell_36) of module \top.
Warning: Port directions for cell \pseudo_rand (\pseudo_rand) are unknown. Assuming inout for all ports.
  signal \clk: input \clk
  signal \reset: input \reset
  signal $add$life.tlv:80$993_Y[0]: internal
  signal $add$life.tlv:80$993_Y[1]: internal
  signal $add$life.tlv:76$849_Y[0]: internal
  signal $add$life.tlv:76$849_Y[1]: internal
  signal \BoardY_BoardX_Life_DEFAULT_Yy_Xx_row_cnt_a1[36][1]: input \BoardY_BoardX_Life_DEFAULT_Yy_Xx_row_cnt_a1[36][1]
  signal \BoardY_BoardX_Life_DEFAULT_Yy_Xx_row_cnt_a1[26][0]: input \BoardY_BoardX_Life_DEFAULT_Yy_Xx_row_cnt_a1[26][0]
  signal \BoardY_BoardX_Life_DEFAULT_Yy_Xx_row_cnt_a1[26][1]: input \BoardY_BoardX_Life_DEFAULT_Yy_Xx_row_cnt_a1[26][1]
  signal \BoardY_BoardX_Life_DEFAULT_Yy_Xx_cnt_a1[36][3]: internal
  signal \RW_rand_raw[29]: input \RW_rand_raw[29]
  signal \BoardY_BoardX_Life_DEFAULT_Yy_Xx_row_cnt_a1[36][0]: input \BoardY_BoardX_Life_DEFAULT_Yy_Xx_row_cnt_a1[36][0]
  signal $add$life.tlv:80$993_Y[2]: internal
  signal $add$life.tlv:80$993_Y[3]: internal
  signal \BoardY_BoardX_Life_DEFAULT_Yy_Xx_cnt_a1[36][0]: internal
  signal \BoardY_BoardX_Life_DEFAULT_Yy_Xx_cnt_a1[36][1]: internal
  signal \BoardY_BoardX_Life_DEFAULT_Yy_Xx_cnt_a1[36][2]: internal
  signal \BoardY_BoardX_Life_DEFAULT_Yy_Xx_alive_a2[45]: input \BoardY_BoardX_Life_DEFAULT_Yy_Xx_alive_a2[45]
  signal \BoardY_BoardX_Life_DEFAULT_Yy_Xx_row_cnt_a1[46][0]: output \BoardY_BoardX_Life_DEFAULT_Yy_Xx_row_cnt_a1[46][0]
  signal \BoardY_BoardX_Life_DEFAULT_Yy_Xx_alive_a1[36]: output \BoardY_BoardX_Life_DEFAULT_Yy_Xx_alive_a1[36]
  signal \BoardY_BoardX_Life_DEFAULT_Yy_Xx_alive_a1[47]: input \BoardY_BoardX_Life_DEFAULT_Yy_Xx_alive_a1[47]
  signal \BoardY_BoardX_Life_DEFAULT_Yy_Xx_alive_a2[36]: input \BoardY_BoardX_Life_DEFAULT_Yy_Xx_alive_a2[36]
  signal \BoardY_BoardX_Life_DEFAULT_Yy_Xx_alive_a2[46]: input \BoardY_BoardX_Life_DEFAULT_Yy_Xx_alive_a2[46]
  signal \BoardY_BoardX_Life_DEFAULT_Yy_Xx_alive_a2[47]: output \BoardY_BoardX_Life_DEFAULT_Yy_Xx_alive_a2[47]
  signal $ge$life.tlv:95$996_Y: internal
  signal $le$life.tlv:95$997_Y: internal
  signal $logic_and$life.tlv:95$998_Y: internal
  signal $eq$life.tlv:96$999_Y: internal
  signal $ternary$life.tlv:95$1000_Y: internal
  signal \BoardY_BoardX_Life_DEFAULT_Yy_Xx_row_cnt_a1[46][1]: output \BoardY_BoardX_Life_DEFAULT_Yy_Xx_row_cnt_a1[46][1]
  cell $ternary$life.tlv:95$1000 ($mux)
  cell $ternary$life.tlv:94$1001 ($mux)
  cell $procdff$1674 ($dff)
  cell $logic_and$life.tlv:95$998 ($logic_and)
  cell $le$life.tlv:95$997 ($le)
  cell $ge$life.tlv:95$996 ($ge)
  cell $eq$life.tlv:96$999 ($eq)
  cell $add$life.tlv:80$995 ($add)
  cell $add$life.tlv:80$993 ($add)
  cell $add$life.tlv:76$851 ($add)
  cell $add$life.tlv:76$849 ($add)

43. Executing SUBMOD pass (moving cells to submodules as requested).

43.1. Executing OPT_CLEAN pass (remove unused cells and wires).
Finding unused cells or wires in module \top..
Removed 0 unused cells and 15 unused wires.
<suppressed ~5 debug messages>

43.2. Continuing SUBMOD pass.
Creating submodule life_cell_37 (\life_cell_37) of module \top.
Warning: Port directions for cell \pseudo_rand (\pseudo_rand) are unknown. Assuming inout for all ports.
  signal \clk: input \clk
  signal \BoardY_BoardX_Life_DEFAULT_Yy_Xx_row_cnt_a1[47][1]: output \BoardY_BoardX_Life_DEFAULT_Yy_Xx_row_cnt_a1[47][1]
  signal \BoardY_BoardX_Life_DEFAULT_Yy_Xx_cnt_a1[37][0]: internal
  signal \BoardY_BoardX_Life_DEFAULT_Yy_Xx_cnt_a1[37][1]: internal
  signal \reset: input \reset
  signal \BoardY_BoardX_Life_DEFAULT_Yy_Xx_row_cnt_a1[37][0]: input \BoardY_BoardX_Life_DEFAULT_Yy_Xx_row_cnt_a1[37][0]
  signal \BoardY_BoardX_Life_DEFAULT_Yy_Xx_row_cnt_a1[37][1]: input \BoardY_BoardX_Life_DEFAULT_Yy_Xx_row_cnt_a1[37][1]
  signal \BoardY_BoardX_Life_DEFAULT_Yy_Xx_row_cnt_a1[47][0]: output \BoardY_BoardX_Life_DEFAULT_Yy_Xx_row_cnt_a1[47][0]
  signal \BoardY_BoardX_Life_DEFAULT_Yy_Xx_cnt_a1[37][2]: internal
  signal \BoardY_BoardX_Life_DEFAULT_Yy_Xx_cnt_a1[37][3]: internal
  signal \RW_rand_raw[0]: input \RW_rand_raw[0]
  signal $add$life.tlv:76$835_Y[0]: internal
  signal $add$life.tlv:76$835_Y[1]: internal
  signal $add$life.tlv:80$979_Y[0]: internal
  signal $add$life.tlv:80$979_Y[1]: internal
  signal $add$life.tlv:80$979_Y[2]: internal
  signal $add$life.tlv:80$979_Y[3]: internal
  signal \BoardY_BoardX_Life_DEFAULT_Yy_Xx_row_cnt_a1[27][0]: input \BoardY_BoardX_Life_DEFAULT_Yy_Xx_row_cnt_a1[27][0]
  signal \BoardY_BoardX_Life_DEFAULT_Yy_Xx_row_cnt_a1[27][1]: input \BoardY_BoardX_Life_DEFAULT_Yy_Xx_row_cnt_a1[27][1]
  signal \BoardY_BoardX_Life_DEFAULT_Yy_Xx_alive_a1[48]: input \BoardY_BoardX_Life_DEFAULT_Yy_Xx_alive_a1[48]
  signal \BoardY_BoardX_Life_DEFAULT_Yy_Xx_alive_a1[37]: output \BoardY_BoardX_Life_DEFAULT_Yy_Xx_alive_a1[37]
  signal \BoardY_BoardX_Life_DEFAULT_Yy_Xx_alive_a2[37]: input \BoardY_BoardX_Life_DEFAULT_Yy_Xx_alive_a2[37]
  signal \BoardY_BoardX_Life_DEFAULT_Yy_Xx_alive_a2[46]: input \BoardY_BoardX_Life_DEFAULT_Yy_Xx_alive_a2[46]
  signal \BoardY_BoardX_Life_DEFAULT_Yy_Xx_alive_a2[47]: input \BoardY_BoardX_Life_DEFAULT_Yy_Xx_alive_a2[47]
  signal \BoardY_BoardX_Life_DEFAULT_Yy_Xx_alive_a2[48]: output \BoardY_BoardX_Life_DEFAULT_Yy_Xx_alive_a2[48]
  signal $ge$life.tlv:95$982_Y: internal
  signal $le$life.tlv:95$983_Y: internal
  signal $logic_and$life.tlv:95$984_Y: internal
  signal $eq$life.tlv:96$985_Y: internal
  signal $ternary$life.tlv:95$986_Y: internal
  cell $ternary$life.tlv:95$986 ($mux)
  cell $ternary$life.tlv:94$987 ($mux)
  cell $procdff$1675 ($dff)
  cell $logic_and$life.tlv:95$984 ($logic_and)
  cell $le$life.tlv:95$983 ($le)
  cell $ge$life.tlv:95$982 ($ge)
  cell $eq$life.tlv:96$985 ($eq)
  cell $add$life.tlv:80$981 ($add)
  cell $add$life.tlv:80$979 ($add)
  cell $add$life.tlv:76$837 ($add)
  cell $add$life.tlv:76$835 ($add)

44. Executing SUBMOD pass (moving cells to submodules as requested).

44.1. Executing OPT_CLEAN pass (remove unused cells and wires).
Finding unused cells or wires in module \top..
Removed 0 unused cells and 15 unused wires.
<suppressed ~5 debug messages>

44.2. Continuing SUBMOD pass.
Creating submodule life_cell_38 (\life_cell_38) of module \top.
Warning: Port directions for cell \pseudo_rand (\pseudo_rand) are unknown. Assuming inout for all ports.
  signal \clk: input \clk
  signal $add$life.tlv:80$965_Y[1]: internal
  signal $add$life.tlv:80$965_Y[2]: internal
  signal $add$life.tlv:80$965_Y[3]: internal
  signal \reset: input \reset
  signal \BoardY_BoardX_Life_DEFAULT_Yy_Xx_alive_a1[49]: input \BoardY_BoardX_Life_DEFAULT_Yy_Xx_alive_a1[49]
  signal \BoardY_BoardX_Life_DEFAULT_Yy_Xx_row_cnt_a1[48][0]: output \BoardY_BoardX_Life_DEFAULT_Yy_Xx_row_cnt_a1[48][0]
  signal \BoardY_BoardX_Life_DEFAULT_Yy_Xx_row_cnt_a1[48][1]: output \BoardY_BoardX_Life_DEFAULT_Yy_Xx_row_cnt_a1[48][1]
  signal \BoardY_BoardX_Life_DEFAULT_Yy_Xx_row_cnt_a1[38][0]: input \BoardY_BoardX_Life_DEFAULT_Yy_Xx_row_cnt_a1[38][0]
  signal \BoardY_BoardX_Life_DEFAULT_Yy_Xx_row_cnt_a1[38][1]: input \BoardY_BoardX_Life_DEFAULT_Yy_Xx_row_cnt_a1[38][1]
  signal $add$life.tlv:80$965_Y[0]: internal
  signal \BoardY_BoardX_Life_DEFAULT_Yy_Xx_cnt_a1[38][0]: internal
  signal \BoardY_BoardX_Life_DEFAULT_Yy_Xx_cnt_a1[38][1]: internal
  signal \BoardY_BoardX_Life_DEFAULT_Yy_Xx_cnt_a1[38][2]: internal
  signal \BoardY_BoardX_Life_DEFAULT_Yy_Xx_cnt_a1[38][3]: internal
  signal \RW_rand_raw[15]: input \RW_rand_raw[15]
  signal \BoardY_BoardX_Life_DEFAULT_Yy_Xx_row_cnt_a1[28][0]: input \BoardY_BoardX_Life_DEFAULT_Yy_Xx_row_cnt_a1[28][0]
  signal \BoardY_BoardX_Life_DEFAULT_Yy_Xx_row_cnt_a1[28][1]: input \BoardY_BoardX_Life_DEFAULT_Yy_Xx_row_cnt_a1[28][1]
  signal \BoardY_BoardX_Life_DEFAULT_Yy_Xx_alive_a2[38]: input \BoardY_BoardX_Life_DEFAULT_Yy_Xx_alive_a2[38]
  signal $add$life.tlv:76$821_Y[0]: internal
  signal $add$life.tlv:76$821_Y[1]: internal
  signal \BoardY_BoardX_Life_DEFAULT_Yy_Xx_alive_a1[38]: output \BoardY_BoardX_Life_DEFAULT_Yy_Xx_alive_a1[38]
  signal \BoardY_BoardX_Life_DEFAULT_Yy_Xx_alive_a2[47]: input \BoardY_BoardX_Life_DEFAULT_Yy_Xx_alive_a2[47]
  signal \BoardY_BoardX_Life_DEFAULT_Yy_Xx_alive_a2[48]: input \BoardY_BoardX_Life_DEFAULT_Yy_Xx_alive_a2[48]
  signal \BoardY_BoardX_Life_DEFAULT_Yy_Xx_alive_a2[49]: output \BoardY_BoardX_Life_DEFAULT_Yy_Xx_alive_a2[49]
  signal $ge$life.tlv:95$968_Y: internal
  signal $le$life.tlv:95$969_Y: internal
  signal $logic_and$life.tlv:95$970_Y: internal
  signal $eq$life.tlv:96$971_Y: internal
  signal $ternary$life.tlv:95$972_Y: internal
  cell $ternary$life.tlv:95$972 ($mux)
  cell $ternary$life.tlv:94$973 ($mux)
  cell $procdff$1676 ($dff)
  cell $logic_and$life.tlv:95$970 ($logic_and)
  cell $le$life.tlv:95$969 ($le)
  cell $ge$life.tlv:95$968 ($ge)
  cell $eq$life.tlv:96$971 ($eq)
  cell $add$life.tlv:80$967 ($add)
  cell $add$life.tlv:80$965 ($add)
  cell $add$life.tlv:76$823 ($add)
  cell $add$life.tlv:76$821 ($add)

45. Executing SUBMOD pass (moving cells to submodules as requested).

45.1. Executing OPT_CLEAN pass (remove unused cells and wires).
Finding unused cells or wires in module \top..
Removed 0 unused cells and 15 unused wires.
<suppressed ~5 debug messages>

45.2. Continuing SUBMOD pass.
Creating submodule life_cell_39 (\life_cell_39) of module \top.
Warning: Port directions for cell \pseudo_rand (\pseudo_rand) are unknown. Assuming inout for all ports.
  signal \BoardY_BoardX_Life_DEFAULT_Yy_Xx_alive_a2[39]: input \BoardY_BoardX_Life_DEFAULT_Yy_Xx_alive_a2[39]
  signal \BoardY_BoardX_Life_DEFAULT_Yy_Xx_row_cnt_a1[29][0]: input \BoardY_BoardX_Life_DEFAULT_Yy_Xx_row_cnt_a1[29][0]
  signal \BoardY_BoardX_Life_DEFAULT_Yy_Xx_row_cnt_a1[29][1]: input \BoardY_BoardX_Life_DEFAULT_Yy_Xx_row_cnt_a1[29][1]
  signal \reset: input \reset
  signal $add$life.tlv:76$807_Y[0]: internal
  signal $add$life.tlv:76$807_Y[1]: internal
  signal \BoardY_BoardX_Life_DEFAULT_Yy_Xx_alive_a1[39]: output \BoardY_BoardX_Life_DEFAULT_Yy_Xx_alive_a1[39]
  signal \BoardY_BoardX_Life_DEFAULT_Yy_Xx_cnt_a1[39][0]: internal
  signal \BoardY_BoardX_Life_DEFAULT_Yy_Xx_cnt_a1[39][1]: internal
  signal \BoardY_BoardX_Life_DEFAULT_Yy_Xx_cnt_a1[39][2]: internal
  signal \BoardY_BoardX_Life_DEFAULT_Yy_Xx_cnt_a1[39][3]: internal
  signal $add$life.tlv:80$951_Y[0]: internal
  signal $add$life.tlv:80$951_Y[1]: internal
  signal $add$life.tlv:80$951_Y[2]: internal
  signal $add$life.tlv:80$951_Y[3]: internal
  signal \BoardY_BoardX_Life_DEFAULT_Yy_Xx_row_cnt_a1[49][0]: output \BoardY_BoardX_Life_DEFAULT_Yy_Xx_row_cnt_a1[49][0]
  signal \BoardY_BoardX_Life_DEFAULT_Yy_Xx_row_cnt_a1[49][1]: output \BoardY_BoardX_Life_DEFAULT_Yy_Xx_row_cnt_a1[49][1]
  signal \BoardY_BoardX_Life_DEFAULT_Yy_Xx_row_cnt_a1[39][0]: input \BoardY_BoardX_Life_DEFAULT_Yy_Xx_row_cnt_a1[39][0]
  signal \BoardY_BoardX_Life_DEFAULT_Yy_Xx_row_cnt_a1[39][1]: input \BoardY_BoardX_Life_DEFAULT_Yy_Xx_row_cnt_a1[39][1]
  signal \RW_rand_raw[6]: input \RW_rand_raw[6]
  signal \BoardY_BoardX_Life_DEFAULT_Yy_Xx_alive_a2[48]: input \BoardY_BoardX_Life_DEFAULT_Yy_Xx_alive_a2[48]
  signal \BoardY_BoardX_Life_DEFAULT_Yy_Xx_alive_a2[49]: input \BoardY_BoardX_Life_DEFAULT_Yy_Xx_alive_a2[49]
  signal $ge$life.tlv:95$954_Y: internal
  signal $le$life.tlv:95$955_Y: internal
  signal $logic_and$life.tlv:95$956_Y: internal
  signal $eq$life.tlv:96$957_Y: internal
  signal $ternary$life.tlv:95$958_Y: internal
  cell $ternary$life.tlv:95$958 ($mux)
  cell $ternary$life.tlv:94$959 ($mux)
  cell $logic_and$life.tlv:95$956 ($logic_and)
  cell $le$life.tlv:95$955 ($le)
  cell $ge$life.tlv:95$954 ($ge)
  cell $eq$life.tlv:96$957 ($eq)
  cell $add$life.tlv:80$953 ($add)
  cell $add$life.tlv:80$951 ($add)
  cell $add$life.tlv:76$809 ($add)
  cell $add$life.tlv:76$807 ($add)

46. Executing SUBMOD pass (moving cells to submodules as requested).

46.1. Executing OPT_CLEAN pass (remove unused cells and wires).
Finding unused cells or wires in module \top..
Removed 0 unused cells and 15 unused wires.
<suppressed ~5 debug messages>

46.2. Continuing SUBMOD pass.
Creating submodule life_cell_40 (\life_cell_40) of module \top.
Warning: Port directions for cell \pseudo_rand (\pseudo_rand) are unknown. Assuming inout for all ports.
  signal \clk: input \clk
  signal \BoardY_BoardX_Life_DEFAULT_Yy_Xx_row_cnt_a1[30][1]: input \BoardY_BoardX_Life_DEFAULT_Yy_Xx_row_cnt_a1[30][1]
  signal \BoardY_BoardX_Life_DEFAULT_Yy_Xx_row_cnt_a1[30][0]: input \BoardY_BoardX_Life_DEFAULT_Yy_Xx_row_cnt_a1[30][0]
  signal \reset: input \reset
  signal $add$life.tlv:76$793_Y[0]: internal
  signal $add$life.tlv:76$793_Y[1]: internal
  signal \RW_rand_raw[13]: input \RW_rand_raw[13]
  signal \BoardY_BoardX_Life_DEFAULT_Yy_Xx_row_cnt_a1[50][0]: output \BoardY_BoardX_Life_DEFAULT_Yy_Xx_row_cnt_a1[50][0]
  signal \BoardY_BoardX_Life_DEFAULT_Yy_Xx_row_cnt_a1[50][1]: output \BoardY_BoardX_Life_DEFAULT_Yy_Xx_row_cnt_a1[50][1]
  signal \BoardY_BoardX_Life_DEFAULT_Yy_Xx_alive_a1[50]: input \BoardY_BoardX_Life_DEFAULT_Yy_Xx_alive_a1[50]
  signal \BoardY_BoardX_Life_DEFAULT_Yy_Xx_alive_a1[40]: output \BoardY_BoardX_Life_DEFAULT_Yy_Xx_alive_a1[40]
  signal \BoardY_BoardX_Life_DEFAULT_Yy_Xx_row_cnt_a1[40][0]: input \BoardY_BoardX_Life_DEFAULT_Yy_Xx_row_cnt_a1[40][0]
  signal \BoardY_BoardX_Life_DEFAULT_Yy_Xx_row_cnt_a1[40][1]: input \BoardY_BoardX_Life_DEFAULT_Yy_Xx_row_cnt_a1[40][1]
  signal \BoardY_BoardX_Life_DEFAULT_Yy_Xx_cnt_a1[40][0]: internal
  signal \BoardY_BoardX_Life_DEFAULT_Yy_Xx_cnt_a1[40][1]: internal
  signal \BoardY_BoardX_Life_DEFAULT_Yy_Xx_cnt_a1[40][2]: internal
  signal \BoardY_BoardX_Life_DEFAULT_Yy_Xx_cnt_a1[40][3]: internal
  signal $add$life.tlv:80$937_Y[0]: internal
  signal $add$life.tlv:80$937_Y[1]: internal
  signal $add$life.tlv:80$937_Y[2]: internal
  signal $add$life.tlv:80$937_Y[3]: internal
  signal \BoardY_BoardX_Life_DEFAULT_Yy_Xx_alive_a2[40]: input \BoardY_BoardX_Life_DEFAULT_Yy_Xx_alive_a2[40]
  signal \BoardY_BoardX_Life_DEFAULT_Yy_Xx_alive_a2[50]: output \BoardY_BoardX_Life_DEFAULT_Yy_Xx_alive_a2[50]
  signal \BoardY_BoardX_Life_DEFAULT_Yy_Xx_alive_a2[51]: output \BoardY_BoardX_Life_DEFAULT_Yy_Xx_alive_a2[51]
  signal \BoardY_BoardX_Life_DEFAULT_Yy_Xx_alive_a1[51]: input \BoardY_BoardX_Life_DEFAULT_Yy_Xx_alive_a1[51]
  signal $ge$life.tlv:95$940_Y: internal
  signal $le$life.tlv:95$941_Y: internal
  signal $logic_and$life.tlv:95$942_Y: internal
  signal $eq$life.tlv:96$943_Y: internal
  signal $ternary$life.tlv:95$944_Y: internal
  cell $ternary$life.tlv:95$944 ($mux)
  cell $ternary$life.tlv:94$945 ($mux)
  cell $procdff$1678 ($dff)
  cell $procdff$1677 ($dff)
  cell $logic_and$life.tlv:95$942 ($logic_and)
  cell $le$life.tlv:95$941 ($le)
  cell $ge$life.tlv:95$940 ($ge)
  cell $eq$life.tlv:96$943 ($eq)
  cell $add$life.tlv:80$939 ($add)
  cell $add$life.tlv:80$937 ($add)
  cell $add$life.tlv:76$795 ($add)
  cell $add$life.tlv:76$793 ($add)

47. Executing SUBMOD pass (moving cells to submodules as requested).

47.1. Executing OPT_CLEAN pass (remove unused cells and wires).
Finding unused cells or wires in module \top..
Removed 0 unused cells and 15 unused wires.
<suppressed ~5 debug messages>

47.2. Continuing SUBMOD pass.
Creating submodule life_cell_41 (\life_cell_41) of module \top.
Warning: Port directions for cell \pseudo_rand (\pseudo_rand) are unknown. Assuming inout for all ports.
  signal \clk: input \clk
  signal \reset: input \reset
  signal \BoardY_BoardX_Life_DEFAULT_Yy_Xx_alive_a1[52]: input \BoardY_BoardX_Life_DEFAULT_Yy_Xx_alive_a1[52]
  signal \BoardY_BoardX_Life_DEFAULT_Yy_Xx_alive_a1[41]: output \BoardY_BoardX_Life_DEFAULT_Yy_Xx_alive_a1[41]
  signal \BoardY_BoardX_Life_DEFAULT_Yy_Xx_row_cnt_a1[51][0]: output \BoardY_BoardX_Life_DEFAULT_Yy_Xx_row_cnt_a1[51][0]
  signal $add$life.tlv:76$779_Y[0]: internal
  signal $add$life.tlv:76$779_Y[1]: internal
  signal \BoardY_BoardX_Life_DEFAULT_Yy_Xx_cnt_a1[41][0]: internal
  signal \BoardY_BoardX_Life_DEFAULT_Yy_Xx_cnt_a1[41][1]: internal
  signal \BoardY_BoardX_Life_DEFAULT_Yy_Xx_cnt_a1[41][2]: internal
  signal \BoardY_BoardX_Life_DEFAULT_Yy_Xx_row_cnt_a1[51][1]: output \BoardY_BoardX_Life_DEFAULT_Yy_Xx_row_cnt_a1[51][1]
  signal \BoardY_BoardX_Life_DEFAULT_Yy_Xx_row_cnt_a1[31][0]: input \BoardY_BoardX_Life_DEFAULT_Yy_Xx_row_cnt_a1[31][0]
  signal \BoardY_BoardX_Life_DEFAULT_Yy_Xx_cnt_a1[41][3]: internal
  signal \RW_rand_raw[53]: input \RW_rand_raw[53]
  signal \BoardY_BoardX_Life_DEFAULT_Yy_Xx_alive_a2[41]: input \BoardY_BoardX_Life_DEFAULT_Yy_Xx_alive_a2[41]
  signal $add$life.tlv:80$923_Y[0]: internal
  signal $add$life.tlv:80$923_Y[1]: internal
  signal $add$life.tlv:80$923_Y[2]: internal
  signal $add$life.tlv:80$923_Y[3]: internal
  signal \BoardY_BoardX_Life_DEFAULT_Yy_Xx_row_cnt_a1[31][1]: input \BoardY_BoardX_Life_DEFAULT_Yy_Xx_row_cnt_a1[31][1]
  signal \BoardY_BoardX_Life_DEFAULT_Yy_Xx_alive_a2[50]: input \BoardY_BoardX_Life_DEFAULT_Yy_Xx_alive_a2[50]
  signal \BoardY_BoardX_Life_DEFAULT_Yy_Xx_alive_a2[51]: input \BoardY_BoardX_Life_DEFAULT_Yy_Xx_alive_a2[51]
  signal \BoardY_BoardX_Life_DEFAULT_Yy_Xx_alive_a2[52]: output \BoardY_BoardX_Life_DEFAULT_Yy_Xx_alive_a2[52]
  signal $ge$life.tlv:95$926_Y: internal
  signal $le$life.tlv:95$927_Y: internal
  signal $logic_and$life.tlv:95$928_Y: internal
  signal $eq$life.tlv:96$929_Y: internal
  signal $ternary$life.tlv:95$930_Y: internal
  signal \BoardY_BoardX_Life_DEFAULT_Yy_Xx_row_cnt_a1[41][1]: input \BoardY_BoardX_Life_DEFAULT_Yy_Xx_row_cnt_a1[41][1]
  signal \BoardY_BoardX_Life_DEFAULT_Yy_Xx_row_cnt_a1[41][0]: input \BoardY_BoardX_Life_DEFAULT_Yy_Xx_row_cnt_a1[41][0]
  cell $ternary$life.tlv:95$930 ($mux)
  cell $ternary$life.tlv:94$931 ($mux)
  cell $procdff$1679 ($dff)
  cell $logic_and$life.tlv:95$928 ($logic_and)
  cell $le$life.tlv:95$927 ($le)
  cell $ge$life.tlv:95$926 ($ge)
  cell $eq$life.tlv:96$929 ($eq)
  cell $add$life.tlv:80$925 ($add)
  cell $add$life.tlv:80$923 ($add)
  cell $add$life.tlv:76$781 ($add)
  cell $add$life.tlv:76$779 ($add)

48. Executing SUBMOD pass (moving cells to submodules as requested).

48.1. Executing OPT_CLEAN pass (remove unused cells and wires).
Finding unused cells or wires in module \top..
Removed 0 unused cells and 15 unused wires.
<suppressed ~5 debug messages>

48.2. Continuing SUBMOD pass.
Creating submodule life_cell_42 (\life_cell_42) of module \top.
Warning: Port directions for cell \pseudo_rand (\pseudo_rand) are unknown. Assuming inout for all ports.
  signal \clk: input \clk
  signal \reset: input \reset
  signal \BoardY_BoardX_Life_DEFAULT_Yy_Xx_cnt_a1[42][0]: internal
  signal \BoardY_BoardX_Life_DEFAULT_Yy_Xx_cnt_a1[42][1]: internal
  signal \BoardY_BoardX_Life_DEFAULT_Yy_Xx_cnt_a1[42][2]: internal
  signal $add$life.tlv:80$909_Y[0]: internal
  signal $add$life.tlv:80$909_Y[1]: internal
  signal $add$life.tlv:80$909_Y[2]: internal
  signal $add$life.tlv:80$909_Y[3]: internal
  signal \BoardY_BoardX_Life_DEFAULT_Yy_Xx_row_cnt_a1[52][1]: output \BoardY_BoardX_Life_DEFAULT_Yy_Xx_row_cnt_a1[52][1]
  signal \BoardY_BoardX_Life_DEFAULT_Yy_Xx_cnt_a1[42][3]: internal
  signal $add$life.tlv:76$765_Y[0]: internal
  signal $add$life.tlv:76$765_Y[1]: internal
  signal \BoardY_BoardX_Life_DEFAULT_Yy_Xx_alive_a1[53]: input \BoardY_BoardX_Life_DEFAULT_Yy_Xx_alive_a1[53]
  signal \BoardY_BoardX_Life_DEFAULT_Yy_Xx_alive_a1[42]: output \BoardY_BoardX_Life_DEFAULT_Yy_Xx_alive_a1[42]
  signal \BoardY_BoardX_Life_DEFAULT_Yy_Xx_row_cnt_a1[52][0]: output \BoardY_BoardX_Life_DEFAULT_Yy_Xx_row_cnt_a1[52][0]
  signal \BoardY_BoardX_Life_DEFAULT_Yy_Xx_row_cnt_a1[32][0]: input \BoardY_BoardX_Life_DEFAULT_Yy_Xx_row_cnt_a1[32][0]
  signal \BoardY_BoardX_Life_DEFAULT_Yy_Xx_row_cnt_a1[32][1]: input \BoardY_BoardX_Life_DEFAULT_Yy_Xx_row_cnt_a1[32][1]
  signal \BoardY_BoardX_Life_DEFAULT_Yy_Xx_row_cnt_a1[42][0]: input \BoardY_BoardX_Life_DEFAULT_Yy_Xx_row_cnt_a1[42][0]
  signal \BoardY_BoardX_Life_DEFAULT_Yy_Xx_row_cnt_a1[42][1]: input \BoardY_BoardX_Life_DEFAULT_Yy_Xx_row_cnt_a1[42][1]
  signal \RW_rand_raw[57]: input \RW_rand_raw[57]
  signal \BoardY_BoardX_Life_DEFAULT_Yy_Xx_alive_a2[42]: input \BoardY_BoardX_Life_DEFAULT_Yy_Xx_alive_a2[42]
  signal \BoardY_BoardX_Life_DEFAULT_Yy_Xx_alive_a2[51]: input \BoardY_BoardX_Life_DEFAULT_Yy_Xx_alive_a2[51]
  signal \BoardY_BoardX_Life_DEFAULT_Yy_Xx_alive_a2[52]: input \BoardY_BoardX_Life_DEFAULT_Yy_Xx_alive_a2[52]
  signal \BoardY_BoardX_Life_DEFAULT_Yy_Xx_alive_a2[53]: output \BoardY_BoardX_Life_DEFAULT_Yy_Xx_alive_a2[53]
  signal $ge$life.tlv:95$912_Y: internal
  signal $le$life.tlv:95$913_Y: internal
  signal $logic_and$life.tlv:95$914_Y: internal
  signal $eq$life.tlv:96$915_Y: internal
  signal $ternary$life.tlv:95$916_Y: internal
  cell $ternary$life.tlv:95$916 ($mux)
  cell $ternary$life.tlv:94$917 ($mux)
  cell $procdff$1680 ($dff)
  cell $logic_and$life.tlv:95$914 ($logic_and)
  cell $le$life.tlv:95$913 ($le)
  cell $ge$life.tlv:95$912 ($ge)
  cell $eq$life.tlv:96$915 ($eq)
  cell $add$life.tlv:80$911 ($add)
  cell $add$life.tlv:80$909 ($add)
  cell $add$life.tlv:76$767 ($add)
  cell $add$life.tlv:76$765 ($add)

49. Executing SUBMOD pass (moving cells to submodules as requested).

49.1. Executing OPT_CLEAN pass (remove unused cells and wires).
Finding unused cells or wires in module \top..
Removed 0 unused cells and 15 unused wires.
<suppressed ~5 debug messages>

49.2. Continuing SUBMOD pass.
Creating submodule life_cell_43 (\life_cell_43) of module \top.
Warning: Port directions for cell \pseudo_rand (\pseudo_rand) are unknown. Assuming inout for all ports.
  signal \clk: input \clk
  signal \reset: input \reset
  signal \BoardY_BoardX_Life_DEFAULT_Yy_Xx_row_cnt_a1[53][1]: output \BoardY_BoardX_Life_DEFAULT_Yy_Xx_row_cnt_a1[53][1]
  signal \BoardY_BoardX_Life_DEFAULT_Yy_Xx_cnt_a1[43][3]: internal
  signal \BoardY_BoardX_Life_DEFAULT_Yy_Xx_row_cnt_a1[33][0]: input \BoardY_BoardX_Life_DEFAULT_Yy_Xx_row_cnt_a1[33][0]
  signal \BoardY_BoardX_Life_DEFAULT_Yy_Xx_row_cnt_a1[33][1]: input \BoardY_BoardX_Life_DEFAULT_Yy_Xx_row_cnt_a1[33][1]
  signal \BoardY_BoardX_Life_DEFAULT_Yy_Xx_row_cnt_a1[53][0]: output \BoardY_BoardX_Life_DEFAULT_Yy_Xx_row_cnt_a1[53][0]
  signal \BoardY_BoardX_Life_DEFAULT_Yy_Xx_alive_a1[54]: input \BoardY_BoardX_Life_DEFAULT_Yy_Xx_alive_a1[54]
  signal \BoardY_BoardX_Life_DEFAULT_Yy_Xx_cnt_a1[43][0]: internal
  signal \BoardY_BoardX_Life_DEFAULT_Yy_Xx_cnt_a1[43][1]: internal
  signal \BoardY_BoardX_Life_DEFAULT_Yy_Xx_cnt_a1[43][2]: internal
  signal \BoardY_BoardX_Life_DEFAULT_Yy_Xx_alive_a1[43]: output \BoardY_BoardX_Life_DEFAULT_Yy_Xx_alive_a1[43]
  signal \BoardY_BoardX_Life_DEFAULT_Yy_Xx_row_cnt_a1[43][0]: input \BoardY_BoardX_Life_DEFAULT_Yy_Xx_row_cnt_a1[43][0]
  signal \BoardY_BoardX_Life_DEFAULT_Yy_Xx_row_cnt_a1[43][1]: input \BoardY_BoardX_Life_DEFAULT_Yy_Xx_row_cnt_a1[43][1]
  signal $add$life.tlv:80$895_Y[0]: internal
  signal $add$life.tlv:80$895_Y[1]: internal
  signal $add$life.tlv:80$895_Y[2]: internal
  signal $add$life.tlv:80$895_Y[3]: internal
  signal $add$life.tlv:76$751_Y[0]: internal
  signal $add$life.tlv:76$751_Y[1]: internal
  signal \RW_rand_raw[9]: input \RW_rand_raw[9]
  signal \BoardY_BoardX_Life_DEFAULT_Yy_Xx_alive_a2[43]: input \BoardY_BoardX_Life_DEFAULT_Yy_Xx_alive_a2[43]
  signal \BoardY_BoardX_Life_DEFAULT_Yy_Xx_alive_a2[52]: input \BoardY_BoardX_Life_DEFAULT_Yy_Xx_alive_a2[52]
  signal \BoardY_BoardX_Life_DEFAULT_Yy_Xx_alive_a2[53]: input \BoardY_BoardX_Life_DEFAULT_Yy_Xx_alive_a2[53]
  signal \BoardY_BoardX_Life_DEFAULT_Yy_Xx_alive_a2[54]: output \BoardY_BoardX_Life_DEFAULT_Yy_Xx_alive_a2[54]
  signal $ge$life.tlv:95$898_Y: internal
  signal $le$life.tlv:95$899_Y: internal
  signal $logic_and$life.tlv:95$900_Y: internal
  signal $eq$life.tlv:96$901_Y: internal
  signal $ternary$life.tlv:95$902_Y: internal
  cell $ternary$life.tlv:95$902 ($mux)
  cell $ternary$life.tlv:94$903 ($mux)
  cell $procdff$1681 ($dff)
  cell $logic_and$life.tlv:95$900 ($logic_and)
  cell $le$life.tlv:95$899 ($le)
  cell $ge$life.tlv:95$898 ($ge)
  cell $eq$life.tlv:96$901 ($eq)
  cell $add$life.tlv:80$897 ($add)
  cell $add$life.tlv:80$895 ($add)
  cell $add$life.tlv:76$753 ($add)
  cell $add$life.tlv:76$751 ($add)

50. Executing SUBMOD pass (moving cells to submodules as requested).

50.1. Executing OPT_CLEAN pass (remove unused cells and wires).
Finding unused cells or wires in module \top..
Removed 0 unused cells and 15 unused wires.
<suppressed ~5 debug messages>

50.2. Continuing SUBMOD pass.
Creating submodule life_cell_44 (\life_cell_44) of module \top.
Warning: Port directions for cell \pseudo_rand (\pseudo_rand) are unknown. Assuming inout for all ports.
  signal \clk: input \clk
  signal \BoardY_BoardX_Life_DEFAULT_Yy_Xx_cnt_a1[44][0]: internal
  signal \BoardY_BoardX_Life_DEFAULT_Yy_Xx_cnt_a1[44][1]: internal
  signal \reset: input \reset
  signal \RW_rand_raw[13]: input \RW_rand_raw[13]
  signal \BoardY_BoardX_Life_DEFAULT_Yy_Xx_row_cnt_a1[34][0]: input \BoardY_BoardX_Life_DEFAULT_Yy_Xx_row_cnt_a1[34][0]
  signal \BoardY_BoardX_Life_DEFAULT_Yy_Xx_row_cnt_a1[34][1]: input \BoardY_BoardX_Life_DEFAULT_Yy_Xx_row_cnt_a1[34][1]
  signal \BoardY_BoardX_Life_DEFAULT_Yy_Xx_row_cnt_a1[44][0]: input \BoardY_BoardX_Life_DEFAULT_Yy_Xx_row_cnt_a1[44][0]
  signal $add$life.tlv:80$881_Y[0]: internal
  signal $add$life.tlv:80$881_Y[1]: internal
  signal $add$life.tlv:80$881_Y[2]: internal
  signal $add$life.tlv:80$881_Y[3]: internal
  signal \BoardY_BoardX_Life_DEFAULT_Yy_Xx_row_cnt_a1[44][1]: input \BoardY_BoardX_Life_DEFAULT_Yy_Xx_row_cnt_a1[44][1]
  signal \BoardY_BoardX_Life_DEFAULT_Yy_Xx_cnt_a1[44][2]: internal
  signal \BoardY_BoardX_Life_DEFAULT_Yy_Xx_cnt_a1[44][3]: internal
  signal \BoardY_BoardX_Life_DEFAULT_Yy_Xx_row_cnt_a1[54][0]: output \BoardY_BoardX_Life_DEFAULT_Yy_Xx_row_cnt_a1[54][0]
  signal \BoardY_BoardX_Life_DEFAULT_Yy_Xx_row_cnt_a1[54][1]: output \BoardY_BoardX_Life_DEFAULT_Yy_Xx_row_cnt_a1[54][1]
  signal \BoardY_BoardX_Life_DEFAULT_Yy_Xx_alive_a1[55]: input \BoardY_BoardX_Life_DEFAULT_Yy_Xx_alive_a1[55]
  signal $add$life.tlv:76$737_Y[0]: internal
  signal $add$life.tlv:76$737_Y[1]: internal
  signal \BoardY_BoardX_Life_DEFAULT_Yy_Xx_alive_a1[44]: output \BoardY_BoardX_Life_DEFAULT_Yy_Xx_alive_a1[44]
  signal \BoardY_BoardX_Life_DEFAULT_Yy_Xx_alive_a2[44]: input \BoardY_BoardX_Life_DEFAULT_Yy_Xx_alive_a2[44]
  signal \BoardY_BoardX_Life_DEFAULT_Yy_Xx_alive_a2[53]: input \BoardY_BoardX_Life_DEFAULT_Yy_Xx_alive_a2[53]
  signal \BoardY_BoardX_Life_DEFAULT_Yy_Xx_alive_a2[54]: input \BoardY_BoardX_Life_DEFAULT_Yy_Xx_alive_a2[54]
  signal \BoardY_BoardX_Life_DEFAULT_Yy_Xx_alive_a2[55]: output \BoardY_BoardX_Life_DEFAULT_Yy_Xx_alive_a2[55]
  signal $ge$life.tlv:95$884_Y: internal
  signal $le$life.tlv:95$885_Y: internal
  signal $logic_and$life.tlv:95$886_Y: internal
  signal $eq$life.tlv:96$887_Y: internal
  signal $ternary$life.tlv:95$888_Y: internal
  cell $ternary$life.tlv:95$888 ($mux)
  cell $ternary$life.tlv:94$889 ($mux)
  cell $procdff$1682 ($dff)
  cell $logic_and$life.tlv:95$886 ($logic_and)
  cell $le$life.tlv:95$885 ($le)
  cell $ge$life.tlv:95$884 ($ge)
  cell $eq$life.tlv:96$887 ($eq)
  cell $add$life.tlv:80$883 ($add)
  cell $add$life.tlv:80$881 ($add)
  cell $add$life.tlv:76$739 ($add)
  cell $add$life.tlv:76$737 ($add)

51. Executing SUBMOD pass (moving cells to submodules as requested).

51.1. Executing OPT_CLEAN pass (remove unused cells and wires).
Finding unused cells or wires in module \top..
Removed 0 unused cells and 15 unused wires.
<suppressed ~5 debug messages>

51.2. Continuing SUBMOD pass.
Creating submodule life_cell_45 (\life_cell_45) of module \top.
Warning: Port directions for cell \pseudo_rand (\pseudo_rand) are unknown. Assuming inout for all ports.
  signal \clk: input \clk
  signal \BoardY_BoardX_Life_DEFAULT_Yy_Xx_cnt_a1[45][0]: internal
  signal \BoardY_BoardX_Life_DEFAULT_Yy_Xx_cnt_a1[45][1]: internal
  signal \BoardY_BoardX_Life_DEFAULT_Yy_Xx_cnt_a1[45][2]: internal
  signal \reset: input \reset
  signal \BoardY_BoardX_Life_DEFAULT_Yy_Xx_cnt_a1[45][3]: internal
  signal $add$life.tlv:76$723_Y[0]: internal
  signal $add$life.tlv:76$723_Y[1]: internal
  signal \BoardY_BoardX_Life_DEFAULT_Yy_Xx_row_cnt_a1[35][0]: input \BoardY_BoardX_Life_DEFAULT_Yy_Xx_row_cnt_a1[35][0]
  signal \BoardY_BoardX_Life_DEFAULT_Yy_Xx_row_cnt_a1[35][1]: input \BoardY_BoardX_Life_DEFAULT_Yy_Xx_row_cnt_a1[35][1]
  signal \BoardY_BoardX_Life_DEFAULT_Yy_Xx_row_cnt_a1[45][0]: input \BoardY_BoardX_Life_DEFAULT_Yy_Xx_row_cnt_a1[45][0]
  signal \BoardY_BoardX_Life_DEFAULT_Yy_Xx_row_cnt_a1[45][1]: input \BoardY_BoardX_Life_DEFAULT_Yy_Xx_row_cnt_a1[45][1]
  signal $add$life.tlv:80$867_Y[0]: internal
  signal $add$life.tlv:80$867_Y[1]: internal
  signal $add$life.tlv:80$867_Y[2]: internal
  signal $add$life.tlv:80$867_Y[3]: internal
  signal \RW_rand_raw[5]: input \RW_rand_raw[5]
  signal \BoardY_BoardX_Life_DEFAULT_Yy_Xx_alive_a2[45]: input \BoardY_BoardX_Life_DEFAULT_Yy_Xx_alive_a2[45]
  signal \BoardY_BoardX_Life_DEFAULT_Yy_Xx_alive_a1[45]: output \BoardY_BoardX_Life_DEFAULT_Yy_Xx_alive_a1[45]
  signal \BoardY_BoardX_Life_DEFAULT_Yy_Xx_alive_a1[56]: input \BoardY_BoardX_Life_DEFAULT_Yy_Xx_alive_a1[56]
  signal \BoardY_BoardX_Life_DEFAULT_Yy_Xx_alive_a2[54]: input \BoardY_BoardX_Life_DEFAULT_Yy_Xx_alive_a2[54]
  signal \BoardY_BoardX_Life_DEFAULT_Yy_Xx_alive_a2[55]: input \BoardY_BoardX_Life_DEFAULT_Yy_Xx_alive_a2[55]
  signal \BoardY_BoardX_Life_DEFAULT_Yy_Xx_alive_a2[56]: output \BoardY_BoardX_Life_DEFAULT_Yy_Xx_alive_a2[56]
  signal \BoardY_BoardX_Life_DEFAULT_Yy_Xx_row_cnt_a1[55][0]: output \BoardY_BoardX_Life_DEFAULT_Yy_Xx_row_cnt_a1[55][0]
  signal \BoardY_BoardX_Life_DEFAULT_Yy_Xx_row_cnt_a1[55][1]: output \BoardY_BoardX_Life_DEFAULT_Yy_Xx_row_cnt_a1[55][1]
  signal $ge$life.tlv:95$870_Y: internal
  signal $le$life.tlv:95$871_Y: internal
  signal $logic_and$life.tlv:95$872_Y: internal
  signal $eq$life.tlv:96$873_Y: internal
  signal $ternary$life.tlv:95$874_Y: internal
  cell $ternary$life.tlv:95$874 ($mux)
  cell $ternary$life.tlv:94$875 ($mux)
  cell $procdff$1683 ($dff)
  cell $logic_and$life.tlv:95$872 ($logic_and)
  cell $le$life.tlv:95$871 ($le)
  cell $ge$life.tlv:95$870 ($ge)
  cell $eq$life.tlv:96$873 ($eq)
  cell $add$life.tlv:80$869 ($add)
  cell $add$life.tlv:80$867 ($add)
  cell $add$life.tlv:76$725 ($add)
  cell $add$life.tlv:76$723 ($add)

52. Executing SUBMOD pass (moving cells to submodules as requested).

52.1. Executing OPT_CLEAN pass (remove unused cells and wires).
Finding unused cells or wires in module \top..
Removed 0 unused cells and 15 unused wires.
<suppressed ~5 debug messages>

52.2. Continuing SUBMOD pass.
Creating submodule life_cell_46 (\life_cell_46) of module \top.
Warning: Port directions for cell \pseudo_rand (\pseudo_rand) are unknown. Assuming inout for all ports.
  signal \clk: input \clk
  signal $add$life.tlv:76$709_Y[0]: internal
  signal $add$life.tlv:76$709_Y[1]: internal
  signal \BoardY_BoardX_Life_DEFAULT_Yy_Xx_alive_a2[57]: output \BoardY_BoardX_Life_DEFAULT_Yy_Xx_alive_a2[57]
  signal \reset: input \reset
  signal \BoardY_BoardX_Life_DEFAULT_Yy_Xx_row_cnt_a1[36][1]: input \BoardY_BoardX_Life_DEFAULT_Yy_Xx_row_cnt_a1[36][1]
  signal \BoardY_BoardX_Life_DEFAULT_Yy_Xx_row_cnt_a1[36][0]: input \BoardY_BoardX_Life_DEFAULT_Yy_Xx_row_cnt_a1[36][0]
  signal \RW_rand_raw[1]: input \RW_rand_raw[1]
  signal \BoardY_BoardX_Life_DEFAULT_Yy_Xx_row_cnt_a1[46][0]: input \BoardY_BoardX_Life_DEFAULT_Yy_Xx_row_cnt_a1[46][0]
  signal \BoardY_BoardX_Life_DEFAULT_Yy_Xx_cnt_a1[46][0]: internal
  signal \BoardY_BoardX_Life_DEFAULT_Yy_Xx_cnt_a1[46][1]: internal
  signal \BoardY_BoardX_Life_DEFAULT_Yy_Xx_cnt_a1[46][2]: internal
  signal \BoardY_BoardX_Life_DEFAULT_Yy_Xx_cnt_a1[46][3]: internal
  signal $add$life.tlv:80$853_Y[0]: internal
  signal $add$life.tlv:80$853_Y[1]: internal
  signal $add$life.tlv:80$853_Y[2]: internal
  signal $add$life.tlv:80$853_Y[3]: internal
  signal \BoardY_BoardX_Life_DEFAULT_Yy_Xx_alive_a1[46]: output \BoardY_BoardX_Life_DEFAULT_Yy_Xx_alive_a1[46]
  signal \BoardY_BoardX_Life_DEFAULT_Yy_Xx_alive_a1[57]: input \BoardY_BoardX_Life_DEFAULT_Yy_Xx_alive_a1[57]
  signal \BoardY_BoardX_Life_DEFAULT_Yy_Xx_alive_a2[46]: input \BoardY_BoardX_Life_DEFAULT_Yy_Xx_alive_a2[46]
  signal \BoardY_BoardX_Life_DEFAULT_Yy_Xx_alive_a2[55]: input \BoardY_BoardX_Life_DEFAULT_Yy_Xx_alive_a2[55]
  signal \BoardY_BoardX_Life_DEFAULT_Yy_Xx_alive_a2[56]: input \BoardY_BoardX_Life_DEFAULT_Yy_Xx_alive_a2[56]
  signal $ge$life.tlv:95$856_Y: internal
  signal $le$life.tlv:95$857_Y: internal
  signal $logic_and$life.tlv:95$858_Y: internal
  signal $eq$life.tlv:96$859_Y: internal
  signal $ternary$life.tlv:95$860_Y: internal
  signal \BoardY_BoardX_Life_DEFAULT_Yy_Xx_row_cnt_a1[46][1]: input \BoardY_BoardX_Life_DEFAULT_Yy_Xx_row_cnt_a1[46][1]
  signal \BoardY_BoardX_Life_DEFAULT_Yy_Xx_row_cnt_a1[56][0]: output \BoardY_BoardX_Life_DEFAULT_Yy_Xx_row_cnt_a1[56][0]
  signal \BoardY_BoardX_Life_DEFAULT_Yy_Xx_row_cnt_a1[56][1]: output \BoardY_BoardX_Life_DEFAULT_Yy_Xx_row_cnt_a1[56][1]
  cell $ternary$life.tlv:95$860 ($mux)
  cell $ternary$life.tlv:94$861 ($mux)
  cell $procdff$1684 ($dff)
  cell $logic_and$life.tlv:95$858 ($logic_and)
  cell $le$life.tlv:95$857 ($le)
  cell $ge$life.tlv:95$856 ($ge)
  cell $eq$life.tlv:96$859 ($eq)
  cell $add$life.tlv:80$855 ($add)
  cell $add$life.tlv:80$853 ($add)
  cell $add$life.tlv:76$711 ($add)
  cell $add$life.tlv:76$709 ($add)

53. Executing SUBMOD pass (moving cells to submodules as requested).

53.1. Executing OPT_CLEAN pass (remove unused cells and wires).
Finding unused cells or wires in module \top..
Removed 0 unused cells and 15 unused wires.
<suppressed ~5 debug messages>

53.2. Continuing SUBMOD pass.
Creating submodule life_cell_47 (\life_cell_47) of module \top.
Warning: Port directions for cell \pseudo_rand (\pseudo_rand) are unknown. Assuming inout for all ports.
  signal \clk: input \clk
  signal \BoardY_BoardX_Life_DEFAULT_Yy_Xx_alive_a2[57]: input \BoardY_BoardX_Life_DEFAULT_Yy_Xx_alive_a2[57]
  signal \BoardY_BoardX_Life_DEFAULT_Yy_Xx_row_cnt_a1[47][1]: input \BoardY_BoardX_Life_DEFAULT_Yy_Xx_row_cnt_a1[47][1]
  signal \reset: input \reset
  signal \BoardY_BoardX_Life_DEFAULT_Yy_Xx_row_cnt_a1[57][0]: output \BoardY_BoardX_Life_DEFAULT_Yy_Xx_row_cnt_a1[57][0]
  signal \BoardY_BoardX_Life_DEFAULT_Yy_Xx_row_cnt_a1[57][1]: output \BoardY_BoardX_Life_DEFAULT_Yy_Xx_row_cnt_a1[57][1]
  signal \BoardY_BoardX_Life_DEFAULT_Yy_Xx_row_cnt_a1[37][0]: input \BoardY_BoardX_Life_DEFAULT_Yy_Xx_row_cnt_a1[37][0]
  signal \BoardY_BoardX_Life_DEFAULT_Yy_Xx_row_cnt_a1[37][1]: input \BoardY_BoardX_Life_DEFAULT_Yy_Xx_row_cnt_a1[37][1]
  signal \BoardY_BoardX_Life_DEFAULT_Yy_Xx_row_cnt_a1[47][0]: input \BoardY_BoardX_Life_DEFAULT_Yy_Xx_row_cnt_a1[47][0]
  signal \BoardY_BoardX_Life_DEFAULT_Yy_Xx_alive_a2[58]: output \BoardY_BoardX_Life_DEFAULT_Yy_Xx_alive_a2[58]
  signal $add$life.tlv:80$839_Y[2]: internal
  signal $add$life.tlv:80$839_Y[3]: internal
  signal \BoardY_BoardX_Life_DEFAULT_Yy_Xx_cnt_a1[47][0]: internal
  signal \BoardY_BoardX_Life_DEFAULT_Yy_Xx_cnt_a1[47][1]: internal
  signal \BoardY_BoardX_Life_DEFAULT_Yy_Xx_cnt_a1[47][2]: internal
  signal $add$life.tlv:76$695_Y[0]: internal
  signal $add$life.tlv:76$695_Y[1]: internal
  signal \BoardY_BoardX_Life_DEFAULT_Yy_Xx_cnt_a1[47][3]: internal
  signal $add$life.tlv:80$839_Y[0]: internal
  signal $add$life.tlv:80$839_Y[1]: internal
  signal \RW_rand_raw[1]: input \RW_rand_raw[1]
  signal \BoardY_BoardX_Life_DEFAULT_Yy_Xx_alive_a1[47]: output \BoardY_BoardX_Life_DEFAULT_Yy_Xx_alive_a1[47]
  signal \BoardY_BoardX_Life_DEFAULT_Yy_Xx_alive_a1[58]: input \BoardY_BoardX_Life_DEFAULT_Yy_Xx_alive_a1[58]
  signal \BoardY_BoardX_Life_DEFAULT_Yy_Xx_alive_a2[47]: input \BoardY_BoardX_Life_DEFAULT_Yy_Xx_alive_a2[47]
  signal \BoardY_BoardX_Life_DEFAULT_Yy_Xx_alive_a2[56]: input \BoardY_BoardX_Life_DEFAULT_Yy_Xx_alive_a2[56]
  signal $ge$life.tlv:95$842_Y: internal
  signal $le$life.tlv:95$843_Y: internal
  signal $logic_and$life.tlv:95$844_Y: internal
  signal $eq$life.tlv:96$845_Y: internal
  signal $ternary$life.tlv:95$846_Y: internal
  cell $ternary$life.tlv:95$846 ($mux)
  cell $ternary$life.tlv:94$847 ($mux)
  cell $procdff$1685 ($dff)
  cell $logic_and$life.tlv:95$844 ($logic_and)
  cell $le$life.tlv:95$843 ($le)
  cell $ge$life.tlv:95$842 ($ge)
  cell $eq$life.tlv:96$845 ($eq)
  cell $add$life.tlv:80$841 ($add)
  cell $add$life.tlv:80$839 ($add)
  cell $add$life.tlv:76$697 ($add)
  cell $add$life.tlv:76$695 ($add)

54. Executing SUBMOD pass (moving cells to submodules as requested).

54.1. Executing OPT_CLEAN pass (remove unused cells and wires).
Finding unused cells or wires in module \top..
Removed 0 unused cells and 15 unused wires.
<suppressed ~5 debug messages>

54.2. Continuing SUBMOD pass.
Creating submodule life_cell_48 (\life_cell_48) of module \top.
Warning: Port directions for cell \pseudo_rand (\pseudo_rand) are unknown. Assuming inout for all ports.
  signal \clk: input \clk
  signal \BoardY_BoardX_Life_DEFAULT_Yy_Xx_alive_a2[57]: input \BoardY_BoardX_Life_DEFAULT_Yy_Xx_alive_a2[57]
  signal \reset: input \reset
  signal \RW_rand_raw[13]: input \RW_rand_raw[13]
  signal \BoardY_BoardX_Life_DEFAULT_Yy_Xx_row_cnt_a1[48][0]: input \BoardY_BoardX_Life_DEFAULT_Yy_Xx_row_cnt_a1[48][0]
  signal \BoardY_BoardX_Life_DEFAULT_Yy_Xx_row_cnt_a1[48][1]: input \BoardY_BoardX_Life_DEFAULT_Yy_Xx_row_cnt_a1[48][1]
  signal \BoardY_BoardX_Life_DEFAULT_Yy_Xx_alive_a2[58]: input \BoardY_BoardX_Life_DEFAULT_Yy_Xx_alive_a2[58]
  signal \BoardY_BoardX_Life_DEFAULT_Yy_Xx_row_cnt_a1[38][0]: input \BoardY_BoardX_Life_DEFAULT_Yy_Xx_row_cnt_a1[38][0]
  signal \BoardY_BoardX_Life_DEFAULT_Yy_Xx_row_cnt_a1[38][1]: input \BoardY_BoardX_Life_DEFAULT_Yy_Xx_row_cnt_a1[38][1]
  signal \BoardY_BoardX_Life_DEFAULT_Yy_Xx_alive_a2[59]: output \BoardY_BoardX_Life_DEFAULT_Yy_Xx_alive_a2[59]
  signal \BoardY_BoardX_Life_DEFAULT_Yy_Xx_cnt_a1[48][2]: internal
  signal \BoardY_BoardX_Life_DEFAULT_Yy_Xx_cnt_a1[48][3]: internal
  signal \BoardY_BoardX_Life_DEFAULT_Yy_Xx_cnt_a1[48][0]: internal
  signal \BoardY_BoardX_Life_DEFAULT_Yy_Xx_cnt_a1[48][1]: internal
  signal $add$life.tlv:80$825_Y[0]: internal
  signal $add$life.tlv:80$825_Y[1]: internal
  signal $add$life.tlv:80$825_Y[2]: internal
  signal $add$life.tlv:80$825_Y[3]: internal
  signal \BoardY_BoardX_Life_DEFAULT_Yy_Xx_alive_a1[48]: output \BoardY_BoardX_Life_DEFAULT_Yy_Xx_alive_a1[48]
  signal \BoardY_BoardX_Life_DEFAULT_Yy_Xx_row_cnt_a1[58][0]: output \BoardY_BoardX_Life_DEFAULT_Yy_Xx_row_cnt_a1[58][0]
  signal \BoardY_BoardX_Life_DEFAULT_Yy_Xx_row_cnt_a1[58][1]: output \BoardY_BoardX_Life_DEFAULT_Yy_Xx_row_cnt_a1[58][1]
  signal \BoardY_BoardX_Life_DEFAULT_Yy_Xx_alive_a1[59]: input \BoardY_BoardX_Life_DEFAULT_Yy_Xx_alive_a1[59]
  signal $add$life.tlv:76$681_Y[0]: internal
  signal $add$life.tlv:76$681_Y[1]: internal
  signal \BoardY_BoardX_Life_DEFAULT_Yy_Xx_alive_a2[48]: input \BoardY_BoardX_Life_DEFAULT_Yy_Xx_alive_a2[48]
  signal $ge$life.tlv:95$828_Y: internal
  signal $le$life.tlv:95$829_Y: internal
  signal $logic_and$life.tlv:95$830_Y: internal
  signal $eq$life.tlv:96$831_Y: internal
  signal $ternary$life.tlv:95$832_Y: internal
  cell $ternary$life.tlv:95$832 ($mux)
  cell $ternary$life.tlv:94$833 ($mux)
  cell $procdff$1686 ($dff)
  cell $logic_and$life.tlv:95$830 ($logic_and)
  cell $le$life.tlv:95$829 ($le)
  cell $ge$life.tlv:95$828 ($ge)
  cell $eq$life.tlv:96$831 ($eq)
  cell $add$life.tlv:80$827 ($add)
  cell $add$life.tlv:80$825 ($add)
  cell $add$life.tlv:76$683 ($add)
  cell $add$life.tlv:76$681 ($add)

55. Executing SUBMOD pass (moving cells to submodules as requested).

55.1. Executing OPT_CLEAN pass (remove unused cells and wires).
Finding unused cells or wires in module \top..
Removed 0 unused cells and 15 unused wires.
<suppressed ~5 debug messages>

55.2. Continuing SUBMOD pass.
Creating submodule life_cell_49 (\life_cell_49) of module \top.
Warning: Port directions for cell \pseudo_rand (\pseudo_rand) are unknown. Assuming inout for all ports.
  signal \reset: input \reset
  signal \BoardY_BoardX_Life_DEFAULT_Yy_Xx_alive_a1[49]: output \BoardY_BoardX_Life_DEFAULT_Yy_Xx_alive_a1[49]
  signal $add$life.tlv:80$811_Y[0]: internal
  signal $add$life.tlv:80$811_Y[1]: internal
  signal $add$life.tlv:80$811_Y[2]: internal
  signal \BoardY_BoardX_Life_DEFAULT_Yy_Xx_alive_a2[58]: input \BoardY_BoardX_Life_DEFAULT_Yy_Xx_alive_a2[58]
  signal $add$life.tlv:76$667_Y[0]: internal
  signal \BoardY_BoardX_Life_DEFAULT_Yy_Xx_alive_a2[59]: input \BoardY_BoardX_Life_DEFAULT_Yy_Xx_alive_a2[59]
  signal \BoardY_BoardX_Life_DEFAULT_Yy_Xx_cnt_a1[49][2]: internal
  signal \BoardY_BoardX_Life_DEFAULT_Yy_Xx_cnt_a1[49][3]: internal
  signal \BoardY_BoardX_Life_DEFAULT_Yy_Xx_cnt_a1[49][0]: internal
  signal \BoardY_BoardX_Life_DEFAULT_Yy_Xx_cnt_a1[49][1]: internal
  signal \BoardY_BoardX_Life_DEFAULT_Yy_Xx_row_cnt_a1[49][0]: input \BoardY_BoardX_Life_DEFAULT_Yy_Xx_row_cnt_a1[49][0]
  signal \BoardY_BoardX_Life_DEFAULT_Yy_Xx_row_cnt_a1[49][1]: input \BoardY_BoardX_Life_DEFAULT_Yy_Xx_row_cnt_a1[49][1]
  signal \RW_rand_raw[5]: input \RW_rand_raw[5]
  signal \BoardY_BoardX_Life_DEFAULT_Yy_Xx_row_cnt_a1[39][0]: input \BoardY_BoardX_Life_DEFAULT_Yy_Xx_row_cnt_a1[39][0]
  signal \BoardY_BoardX_Life_DEFAULT_Yy_Xx_row_cnt_a1[39][1]: input \BoardY_BoardX_Life_DEFAULT_Yy_Xx_row_cnt_a1[39][1]
  signal $add$life.tlv:80$811_Y[3]: internal
  signal \BoardY_BoardX_Life_DEFAULT_Yy_Xx_row_cnt_a1[59][0]: output \BoardY_BoardX_Life_DEFAULT_Yy_Xx_row_cnt_a1[59][0]
  signal \BoardY_BoardX_Life_DEFAULT_Yy_Xx_row_cnt_a1[59][1]: output \BoardY_BoardX_Life_DEFAULT_Yy_Xx_row_cnt_a1[59][1]
  signal $add$life.tlv:76$667_Y[1]: internal
  signal \BoardY_BoardX_Life_DEFAULT_Yy_Xx_alive_a2[49]: input \BoardY_BoardX_Life_DEFAULT_Yy_Xx_alive_a2[49]
  signal $ge$life.tlv:95$814_Y: internal
  signal $le$life.tlv:95$815_Y: internal
  signal $logic_and$life.tlv:95$816_Y: internal
  signal $eq$life.tlv:96$817_Y: internal
  signal $ternary$life.tlv:95$818_Y: internal
  cell $ternary$life.tlv:95$818 ($mux)
  cell $ternary$life.tlv:94$819 ($mux)
  cell $logic_and$life.tlv:95$816 ($logic_and)
  cell $le$life.tlv:95$815 ($le)
  cell $ge$life.tlv:95$814 ($ge)
  cell $eq$life.tlv:96$817 ($eq)
  cell $add$life.tlv:80$813 ($add)
  cell $add$life.tlv:80$811 ($add)
  cell $add$life.tlv:76$669 ($add)
  cell $add$life.tlv:76$667 ($add)

56. Executing SUBMOD pass (moving cells to submodules as requested).

56.1. Executing OPT_CLEAN pass (remove unused cells and wires).
Finding unused cells or wires in module \top..
Removed 0 unused cells and 15 unused wires.
<suppressed ~5 debug messages>

56.2. Continuing SUBMOD pass.
Creating submodule life_cell_50 (\life_cell_50) of module \top.
Warning: Port directions for cell \pseudo_rand (\pseudo_rand) are unknown. Assuming inout for all ports.
  signal \RW_rand_raw[59]: input \RW_rand_raw[59]
  signal \clk: input \clk
  signal $add$life.tlv:80$797_Y[0]: internal
  signal $add$life.tlv:80$797_Y[1]: internal
  signal $add$life.tlv:80$797_Y[2]: internal
  signal $add$life.tlv:80$797_Y[3]: internal
  signal \BoardY_BoardX_Life_DEFAULT_Yy_Xx_alive_a2[60]: output \BoardY_BoardX_Life_DEFAULT_Yy_Xx_alive_a2[60]
  signal \reset: input \reset
  signal \BoardY_BoardX_Life_DEFAULT_Yy_Xx_row_cnt_a1[50][0]: input \BoardY_BoardX_Life_DEFAULT_Yy_Xx_row_cnt_a1[50][0]
  signal \BoardY_BoardX_Life_DEFAULT_Yy_Xx_row_cnt_a1[50][1]: input \BoardY_BoardX_Life_DEFAULT_Yy_Xx_row_cnt_a1[50][1]
  signal \BoardY_BoardX_Life_DEFAULT_Yy_Xx_alive_a2[61]: output \BoardY_BoardX_Life_DEFAULT_Yy_Xx_alive_a2[61]
  signal \BoardY_BoardX_Life_DEFAULT_Yy_Xx_alive_a1[50]: output \BoardY_BoardX_Life_DEFAULT_Yy_Xx_alive_a1[50]
  signal \BoardY_BoardX_Life_DEFAULT_Yy_Xx_row_cnt_a1[40][0]: input \BoardY_BoardX_Life_DEFAULT_Yy_Xx_row_cnt_a1[40][0]
  signal \BoardY_BoardX_Life_DEFAULT_Yy_Xx_row_cnt_a1[40][1]: input \BoardY_BoardX_Life_DEFAULT_Yy_Xx_row_cnt_a1[40][1]
  signal \BoardY_BoardX_Life_DEFAULT_Yy_Xx_row_cnt_a1[60][0]: output \BoardY_BoardX_Life_DEFAULT_Yy_Xx_row_cnt_a1[60][0]
  signal $add$life.tlv:76$653_Y[0]: internal
  signal $add$life.tlv:76$653_Y[1]: internal
  signal \BoardY_BoardX_Life_DEFAULT_Yy_Xx_cnt_a1[50][1]: internal
  signal \BoardY_BoardX_Life_DEFAULT_Yy_Xx_cnt_a1[50][2]: internal
  signal \BoardY_BoardX_Life_DEFAULT_Yy_Xx_cnt_a1[50][3]: internal
  signal \BoardY_BoardX_Life_DEFAULT_Yy_Xx_row_cnt_a1[60][1]: output \BoardY_BoardX_Life_DEFAULT_Yy_Xx_row_cnt_a1[60][1]
  signal \BoardY_BoardX_Life_DEFAULT_Yy_Xx_cnt_a1[50][0]: internal
  signal \BoardY_BoardX_Life_DEFAULT_Yy_Xx_alive_a1[61]: input \BoardY_BoardX_Life_DEFAULT_Yy_Xx_alive_a1[61]
  signal \BoardY_BoardX_Life_DEFAULT_Yy_Xx_alive_a1[60]: input \BoardY_BoardX_Life_DEFAULT_Yy_Xx_alive_a1[60]
  signal \BoardY_BoardX_Life_DEFAULT_Yy_Xx_alive_a2[50]: input \BoardY_BoardX_Life_DEFAULT_Yy_Xx_alive_a2[50]
  signal $ge$life.tlv:95$800_Y: internal
  signal $le$life.tlv:95$801_Y: internal
  signal $logic_and$life.tlv:95$802_Y: internal
  signal $eq$life.tlv:96$803_Y: internal
  signal $ternary$life.tlv:95$804_Y: internal
  cell $ternary$life.tlv:95$804 ($mux)
  cell $ternary$life.tlv:94$805 ($mux)
  cell $procdff$1688 ($dff)
  cell $procdff$1687 ($dff)
  cell $logic_and$life.tlv:95$802 ($logic_and)
  cell $le$life.tlv:95$801 ($le)
  cell $ge$life.tlv:95$800 ($ge)
  cell $eq$life.tlv:96$803 ($eq)
  cell $add$life.tlv:80$799 ($add)
  cell $add$life.tlv:80$797 ($add)
  cell $add$life.tlv:76$655 ($add)
  cell $add$life.tlv:76$653 ($add)

57. Executing SUBMOD pass (moving cells to submodules as requested).

57.1. Executing OPT_CLEAN pass (remove unused cells and wires).
Finding unused cells or wires in module \top..
Removed 0 unused cells and 15 unused wires.
<suppressed ~5 debug messages>

57.2. Continuing SUBMOD pass.
Creating submodule life_cell_51 (\life_cell_51) of module \top.
Warning: Port directions for cell \pseudo_rand (\pseudo_rand) are unknown. Assuming inout for all ports.
  signal \RW_rand_raw[60]: input \RW_rand_raw[60]
  signal \clk: input \clk
  signal $add$life.tlv:76$639_Y[0]: internal
  signal $add$life.tlv:76$639_Y[1]: internal
  signal \BoardY_BoardX_Life_DEFAULT_Yy_Xx_alive_a2[60]: input \BoardY_BoardX_Life_DEFAULT_Yy_Xx_alive_a2[60]
  signal \reset: input \reset
  signal \BoardY_BoardX_Life_DEFAULT_Yy_Xx_alive_a2[62]: output \BoardY_BoardX_Life_DEFAULT_Yy_Xx_alive_a2[62]
  signal \BoardY_BoardX_Life_DEFAULT_Yy_Xx_alive_a2[61]: input \BoardY_BoardX_Life_DEFAULT_Yy_Xx_alive_a2[61]
  signal \BoardY_BoardX_Life_DEFAULT_Yy_Xx_row_cnt_a1[61][0]: output \BoardY_BoardX_Life_DEFAULT_Yy_Xx_row_cnt_a1[61][0]
  signal \BoardY_BoardX_Life_DEFAULT_Yy_Xx_row_cnt_a1[61][1]: output \BoardY_BoardX_Life_DEFAULT_Yy_Xx_row_cnt_a1[61][1]
  signal \BoardY_BoardX_Life_DEFAULT_Yy_Xx_cnt_a1[51][2]: internal
  signal \BoardY_BoardX_Life_DEFAULT_Yy_Xx_cnt_a1[51][3]: internal
  signal \BoardY_BoardX_Life_DEFAULT_Yy_Xx_row_cnt_a1[51][0]: input \BoardY_BoardX_Life_DEFAULT_Yy_Xx_row_cnt_a1[51][0]
  signal $add$life.tlv:80$783_Y[0]: internal
  signal $add$life.tlv:80$783_Y[1]: internal
  signal $add$life.tlv:80$783_Y[2]: internal
  signal $add$life.tlv:80$783_Y[3]: internal
  signal \BoardY_BoardX_Life_DEFAULT_Yy_Xx_row_cnt_a1[51][1]: input \BoardY_BoardX_Life_DEFAULT_Yy_Xx_row_cnt_a1[51][1]
  signal \BoardY_BoardX_Life_DEFAULT_Yy_Xx_alive_a1[62]: input \BoardY_BoardX_Life_DEFAULT_Yy_Xx_alive_a1[62]
  signal \BoardY_BoardX_Life_DEFAULT_Yy_Xx_cnt_a1[51][0]: internal
  signal \BoardY_BoardX_Life_DEFAULT_Yy_Xx_cnt_a1[51][1]: internal
  signal \BoardY_BoardX_Life_DEFAULT_Yy_Xx_alive_a2[51]: input \BoardY_BoardX_Life_DEFAULT_Yy_Xx_alive_a2[51]
  signal \BoardY_BoardX_Life_DEFAULT_Yy_Xx_alive_a1[51]: output \BoardY_BoardX_Life_DEFAULT_Yy_Xx_alive_a1[51]
  signal $ge$life.tlv:95$786_Y: internal
  signal $le$life.tlv:95$787_Y: internal
  signal $logic_and$life.tlv:95$788_Y: internal
  signal $eq$life.tlv:96$789_Y: internal
  signal $ternary$life.tlv:95$790_Y: internal
  signal \BoardY_BoardX_Life_DEFAULT_Yy_Xx_row_cnt_a1[41][1]: input \BoardY_BoardX_Life_DEFAULT_Yy_Xx_row_cnt_a1[41][1]
  signal \BoardY_BoardX_Life_DEFAULT_Yy_Xx_row_cnt_a1[41][0]: input \BoardY_BoardX_Life_DEFAULT_Yy_Xx_row_cnt_a1[41][0]
  cell $ternary$life.tlv:95$790 ($mux)
  cell $ternary$life.tlv:94$791 ($mux)
  cell $procdff$1689 ($dff)
  cell $logic_and$life.tlv:95$788 ($logic_and)
  cell $le$life.tlv:95$787 ($le)
  cell $ge$life.tlv:95$786 ($ge)
  cell $eq$life.tlv:96$789 ($eq)
  cell $add$life.tlv:80$785 ($add)
  cell $add$life.tlv:80$783 ($add)
  cell $add$life.tlv:76$641 ($add)
  cell $add$life.tlv:76$639 ($add)

58. Executing SUBMOD pass (moving cells to submodules as requested).

58.1. Executing OPT_CLEAN pass (remove unused cells and wires).
Finding unused cells or wires in module \top..
Removed 0 unused cells and 15 unused wires.
<suppressed ~5 debug messages>

58.2. Continuing SUBMOD pass.
Creating submodule life_cell_52 (\life_cell_52) of module \top.
Warning: Port directions for cell \pseudo_rand (\pseudo_rand) are unknown. Assuming inout for all ports.
  signal \clk: input \clk
  signal $add$life.tlv:76$625_Y[0]: internal
  signal $add$life.tlv:76$625_Y[1]: internal
  signal \BoardY_BoardX_Life_DEFAULT_Yy_Xx_cnt_a1[52][1]: internal
  signal \BoardY_BoardX_Life_DEFAULT_Yy_Xx_cnt_a1[52][2]: internal
  signal \BoardY_BoardX_Life_DEFAULT_Yy_Xx_cnt_a1[52][3]: internal
  signal \reset: input \reset
  signal \BoardY_BoardX_Life_DEFAULT_Yy_Xx_alive_a2[62]: input \BoardY_BoardX_Life_DEFAULT_Yy_Xx_alive_a2[62]
  signal \BoardY_BoardX_Life_DEFAULT_Yy_Xx_row_cnt_a1[62][0]: output \BoardY_BoardX_Life_DEFAULT_Yy_Xx_row_cnt_a1[62][0]
  signal \BoardY_BoardX_Life_DEFAULT_Yy_Xx_row_cnt_a1[62][1]: output \BoardY_BoardX_Life_DEFAULT_Yy_Xx_row_cnt_a1[62][1]
  signal \BoardY_BoardX_Life_DEFAULT_Yy_Xx_alive_a2[63]: output \BoardY_BoardX_Life_DEFAULT_Yy_Xx_alive_a2[63]
  signal \BoardY_BoardX_Life_DEFAULT_Yy_Xx_alive_a2[61]: input \BoardY_BoardX_Life_DEFAULT_Yy_Xx_alive_a2[61]
  signal $add$life.tlv:80$769_Y[0]: internal
  signal $add$life.tlv:80$769_Y[1]: internal
  signal $add$life.tlv:80$769_Y[2]: internal
  signal $add$life.tlv:80$769_Y[3]: internal
  signal \BoardY_BoardX_Life_DEFAULT_Yy_Xx_row_cnt_a1[52][1]: input \BoardY_BoardX_Life_DEFAULT_Yy_Xx_row_cnt_a1[52][1]
  signal \BoardY_BoardX_Life_DEFAULT_Yy_Xx_alive_a1[52]: output \BoardY_BoardX_Life_DEFAULT_Yy_Xx_alive_a1[52]
  signal \BoardY_BoardX_Life_DEFAULT_Yy_Xx_cnt_a1[52][0]: internal
  signal \BoardY_BoardX_Life_DEFAULT_Yy_Xx_row_cnt_a1[52][0]: input \BoardY_BoardX_Life_DEFAULT_Yy_Xx_row_cnt_a1[52][0]
  signal \BoardY_BoardX_Life_DEFAULT_Yy_Xx_row_cnt_a1[42][0]: input \BoardY_BoardX_Life_DEFAULT_Yy_Xx_row_cnt_a1[42][0]
  signal \BoardY_BoardX_Life_DEFAULT_Yy_Xx_row_cnt_a1[42][1]: input \BoardY_BoardX_Life_DEFAULT_Yy_Xx_row_cnt_a1[42][1]
  signal \RW_rand_raw[5]: input \RW_rand_raw[5]
  signal \BoardY_BoardX_Life_DEFAULT_Yy_Xx_alive_a1[63]: input \BoardY_BoardX_Life_DEFAULT_Yy_Xx_alive_a1[63]
  signal \BoardY_BoardX_Life_DEFAULT_Yy_Xx_alive_a2[52]: input \BoardY_BoardX_Life_DEFAULT_Yy_Xx_alive_a2[52]
  signal $ge$life.tlv:95$772_Y: internal
  signal $le$life.tlv:95$773_Y: internal
  signal $logic_and$life.tlv:95$774_Y: internal
  signal $eq$life.tlv:96$775_Y: internal
  signal $ternary$life.tlv:95$776_Y: internal
  cell $ternary$life.tlv:95$776 ($mux)
  cell $ternary$life.tlv:94$777 ($mux)
  cell $procdff$1690 ($dff)
  cell $logic_and$life.tlv:95$774 ($logic_and)
  cell $le$life.tlv:95$773 ($le)
  cell $ge$life.tlv:95$772 ($ge)
  cell $eq$life.tlv:96$775 ($eq)
  cell $add$life.tlv:80$771 ($add)
  cell $add$life.tlv:80$769 ($add)
  cell $add$life.tlv:76$627 ($add)
  cell $add$life.tlv:76$625 ($add)

59. Executing SUBMOD pass (moving cells to submodules as requested).

59.1. Executing OPT_CLEAN pass (remove unused cells and wires).
Finding unused cells or wires in module \top..
Removed 0 unused cells and 15 unused wires.
<suppressed ~5 debug messages>

59.2. Continuing SUBMOD pass.
Creating submodule life_cell_53 (\life_cell_53) of module \top.
Warning: Port directions for cell \pseudo_rand (\pseudo_rand) are unknown. Assuming inout for all ports.
  signal \clk: input \clk
  signal \reset: input \reset
  signal \RW_rand_raw[14]: input \RW_rand_raw[14]
  signal \BoardY_BoardX_Life_DEFAULT_Yy_Xx_row_cnt_a1[53][1]: input \BoardY_BoardX_Life_DEFAULT_Yy_Xx_row_cnt_a1[53][1]
  signal \BoardY_BoardX_Life_DEFAULT_Yy_Xx_alive_a2[62]: input \BoardY_BoardX_Life_DEFAULT_Yy_Xx_alive_a2[62]
  signal \BoardY_BoardX_Life_DEFAULT_Yy_Xx_alive_a2[63]: input \BoardY_BoardX_Life_DEFAULT_Yy_Xx_alive_a2[63]
  signal \BoardY_BoardX_Life_DEFAULT_Yy_Xx_alive_a2[64]: output \BoardY_BoardX_Life_DEFAULT_Yy_Xx_alive_a2[64]
  signal \BoardY_BoardX_Life_DEFAULT_Yy_Xx_cnt_a1[53][1]: internal
  signal \BoardY_BoardX_Life_DEFAULT_Yy_Xx_cnt_a1[53][2]: internal
  signal \BoardY_BoardX_Life_DEFAULT_Yy_Xx_cnt_a1[53][3]: internal
  signal \BoardY_BoardX_Life_DEFAULT_Yy_Xx_row_cnt_a1[53][0]: input \BoardY_BoardX_Life_DEFAULT_Yy_Xx_row_cnt_a1[53][0]
  signal $add$life.tlv:76$611_Y[0]: internal
  signal $add$life.tlv:76$611_Y[1]: internal
  signal \BoardY_BoardX_Life_DEFAULT_Yy_Xx_alive_a1[53]: output \BoardY_BoardX_Life_DEFAULT_Yy_Xx_alive_a1[53]
  signal \BoardY_BoardX_Life_DEFAULT_Yy_Xx_row_cnt_a1[43][0]: input \BoardY_BoardX_Life_DEFAULT_Yy_Xx_row_cnt_a1[43][0]
  signal \BoardY_BoardX_Life_DEFAULT_Yy_Xx_row_cnt_a1[43][1]: input \BoardY_BoardX_Life_DEFAULT_Yy_Xx_row_cnt_a1[43][1]
  signal \BoardY_BoardX_Life_DEFAULT_Yy_Xx_cnt_a1[53][0]: internal
  signal \BoardY_BoardX_Life_DEFAULT_Yy_Xx_row_cnt_a1[63][0]: output \BoardY_BoardX_Life_DEFAULT_Yy_Xx_row_cnt_a1[63][0]
  signal \BoardY_BoardX_Life_DEFAULT_Yy_Xx_row_cnt_a1[63][1]: output \BoardY_BoardX_Life_DEFAULT_Yy_Xx_row_cnt_a1[63][1]
  signal $add$life.tlv:80$755_Y[0]: internal
  signal $add$life.tlv:80$755_Y[1]: internal
  signal $add$life.tlv:80$755_Y[2]: internal
  signal $add$life.tlv:80$755_Y[3]: internal
  signal \BoardY_BoardX_Life_DEFAULT_Yy_Xx_alive_a1[64]: input \BoardY_BoardX_Life_DEFAULT_Yy_Xx_alive_a1[64]
  signal \BoardY_BoardX_Life_DEFAULT_Yy_Xx_alive_a2[53]: input \BoardY_BoardX_Life_DEFAULT_Yy_Xx_alive_a2[53]
  signal $ge$life.tlv:95$758_Y: internal
  signal $le$life.tlv:95$759_Y: internal
  signal $logic_and$life.tlv:95$760_Y: internal
  signal $eq$life.tlv:96$761_Y: internal
  signal $ternary$life.tlv:95$762_Y: internal
  cell $ternary$life.tlv:95$762 ($mux)
  cell $ternary$life.tlv:94$763 ($mux)
  cell $procdff$1691 ($dff)
  cell $logic_and$life.tlv:95$760 ($logic_and)
  cell $le$life.tlv:95$759 ($le)
  cell $ge$life.tlv:95$758 ($ge)
  cell $eq$life.tlv:96$761 ($eq)
  cell $add$life.tlv:80$757 ($add)
  cell $add$life.tlv:80$755 ($add)
  cell $add$life.tlv:76$613 ($add)
  cell $add$life.tlv:76$611 ($add)

60. Executing SUBMOD pass (moving cells to submodules as requested).

60.1. Executing OPT_CLEAN pass (remove unused cells and wires).
Finding unused cells or wires in module \top..
Removed 0 unused cells and 15 unused wires.
<suppressed ~5 debug messages>

60.2. Continuing SUBMOD pass.
Creating submodule life_cell_54 (\life_cell_54) of module \top.
Warning: Port directions for cell \pseudo_rand (\pseudo_rand) are unknown. Assuming inout for all ports.
  signal \clk: input \clk
  signal \reset: input \reset
  signal \BoardY_BoardX_Life_DEFAULT_Yy_Xx_row_cnt_a1[44][0]: input \BoardY_BoardX_Life_DEFAULT_Yy_Xx_row_cnt_a1[44][0]
  signal \BoardY_BoardX_Life_DEFAULT_Yy_Xx_alive_a2[63]: input \BoardY_BoardX_Life_DEFAULT_Yy_Xx_alive_a2[63]
  signal \BoardY_BoardX_Life_DEFAULT_Yy_Xx_row_cnt_a1[44][1]: input \BoardY_BoardX_Life_DEFAULT_Yy_Xx_row_cnt_a1[44][1]
  signal \BoardY_BoardX_Life_DEFAULT_Yy_Xx_alive_a2[64]: input \BoardY_BoardX_Life_DEFAULT_Yy_Xx_alive_a2[64]
  signal \BoardY_BoardX_Life_DEFAULT_Yy_Xx_row_cnt_a1[54][0]: input \BoardY_BoardX_Life_DEFAULT_Yy_Xx_row_cnt_a1[54][0]
  signal \BoardY_BoardX_Life_DEFAULT_Yy_Xx_row_cnt_a1[54][1]: input \BoardY_BoardX_Life_DEFAULT_Yy_Xx_row_cnt_a1[54][1]
  signal \BoardY_BoardX_Life_DEFAULT_Yy_Xx_cnt_a1[54][3]: internal
  signal \BoardY_BoardX_Life_DEFAULT_Yy_Xx_row_cnt_a1[64][0]: output \BoardY_BoardX_Life_DEFAULT_Yy_Xx_row_cnt_a1[64][0]
  signal \BoardY_BoardX_Life_DEFAULT_Yy_Xx_row_cnt_a1[64][1]: output \BoardY_BoardX_Life_DEFAULT_Yy_Xx_row_cnt_a1[64][1]
  signal \BoardY_BoardX_Life_DEFAULT_Yy_Xx_alive_a1[54]: output \BoardY_BoardX_Life_DEFAULT_Yy_Xx_alive_a1[54]
  signal $add$life.tlv:80$741_Y[0]: internal
  signal \BoardY_BoardX_Life_DEFAULT_Yy_Xx_cnt_a1[54][0]: internal
  signal \BoardY_BoardX_Life_DEFAULT_Yy_Xx_cnt_a1[54][1]: internal
  signal \BoardY_BoardX_Life_DEFAULT_Yy_Xx_cnt_a1[54][2]: internal
  signal $add$life.tlv:76$597_Y[0]: internal
  signal $add$life.tlv:76$597_Y[1]: internal
  signal $add$life.tlv:80$741_Y[1]: internal
  signal $add$life.tlv:80$741_Y[2]: internal
  signal $add$life.tlv:80$741_Y[3]: internal
  signal \RW_rand_raw[7]: input \RW_rand_raw[7]
  signal \BoardY_BoardX_Life_DEFAULT_Yy_Xx_alive_a1[65]: input \BoardY_BoardX_Life_DEFAULT_Yy_Xx_alive_a1[65]
  signal \BoardY_BoardX_Life_DEFAULT_Yy_Xx_alive_a2[65]: output \BoardY_BoardX_Life_DEFAULT_Yy_Xx_alive_a2[65]
  signal \BoardY_BoardX_Life_DEFAULT_Yy_Xx_alive_a2[54]: input \BoardY_BoardX_Life_DEFAULT_Yy_Xx_alive_a2[54]
  signal $ge$life.tlv:95$744_Y: internal
  signal $le$life.tlv:95$745_Y: internal
  signal $logic_and$life.tlv:95$746_Y: internal
  signal $eq$life.tlv:96$747_Y: internal
  signal $ternary$life.tlv:95$748_Y: internal
  cell $ternary$life.tlv:95$748 ($mux)
  cell $ternary$life.tlv:94$749 ($mux)
  cell $procdff$1692 ($dff)
  cell $logic_and$life.tlv:95$746 ($logic_and)
  cell $le$life.tlv:95$745 ($le)
  cell $ge$life.tlv:95$744 ($ge)
  cell $eq$life.tlv:96$747 ($eq)
  cell $add$life.tlv:80$743 ($add)
  cell $add$life.tlv:80$741 ($add)
  cell $add$life.tlv:76$599 ($add)
  cell $add$life.tlv:76$597 ($add)

61. Executing SUBMOD pass (moving cells to submodules as requested).

61.1. Executing OPT_CLEAN pass (remove unused cells and wires).
Finding unused cells or wires in module \top..
Removed 0 unused cells and 15 unused wires.
<suppressed ~5 debug messages>

61.2. Continuing SUBMOD pass.
Creating submodule life_cell_55 (\life_cell_55) of module \top.
Warning: Port directions for cell \pseudo_rand (\pseudo_rand) are unknown. Assuming inout for all ports.
  signal \clk: input \clk
  signal \reset: input \reset
  signal \BoardY_BoardX_Life_DEFAULT_Yy_Xx_cnt_a1[55][3]: internal
  signal \BoardY_BoardX_Life_DEFAULT_Yy_Xx_cnt_a1[55][0]: internal
  signal \BoardY_BoardX_Life_DEFAULT_Yy_Xx_cnt_a1[55][1]: internal
  signal \BoardY_BoardX_Life_DEFAULT_Yy_Xx_cnt_a1[55][2]: internal
  signal \BoardY_BoardX_Life_DEFAULT_Yy_Xx_row_cnt_a1[65][0]: output \BoardY_BoardX_Life_DEFAULT_Yy_Xx_row_cnt_a1[65][0]
  signal \BoardY_BoardX_Life_DEFAULT_Yy_Xx_row_cnt_a1[65][1]: output \BoardY_BoardX_Life_DEFAULT_Yy_Xx_row_cnt_a1[65][1]
  signal $add$life.tlv:80$727_Y[0]: internal
  signal $add$life.tlv:80$727_Y[1]: internal
  signal $add$life.tlv:80$727_Y[2]: internal
  signal $add$life.tlv:80$727_Y[3]: internal
  signal \BoardY_BoardX_Life_DEFAULT_Yy_Xx_alive_a2[64]: input \BoardY_BoardX_Life_DEFAULT_Yy_Xx_alive_a2[64]
  signal $add$life.tlv:76$583_Y[0]: internal
  signal $add$life.tlv:76$583_Y[1]: internal
  signal \BoardY_BoardX_Life_DEFAULT_Yy_Xx_alive_a2[66]: output \BoardY_BoardX_Life_DEFAULT_Yy_Xx_alive_a2[66]
  signal \BoardY_BoardX_Life_DEFAULT_Yy_Xx_row_cnt_a1[45][0]: input \BoardY_BoardX_Life_DEFAULT_Yy_Xx_row_cnt_a1[45][0]
  signal \BoardY_BoardX_Life_DEFAULT_Yy_Xx_row_cnt_a1[45][1]: input \BoardY_BoardX_Life_DEFAULT_Yy_Xx_row_cnt_a1[45][1]
  signal \BoardY_BoardX_Life_DEFAULT_Yy_Xx_alive_a1[55]: output \BoardY_BoardX_Life_DEFAULT_Yy_Xx_alive_a1[55]
  signal \RW_rand_raw[0]: input \RW_rand_raw[0]
  signal \BoardY_BoardX_Life_DEFAULT_Yy_Xx_alive_a1[66]: input \BoardY_BoardX_Life_DEFAULT_Yy_Xx_alive_a1[66]
  signal \BoardY_BoardX_Life_DEFAULT_Yy_Xx_alive_a2[65]: input \BoardY_BoardX_Life_DEFAULT_Yy_Xx_alive_a2[65]
  signal \BoardY_BoardX_Life_DEFAULT_Yy_Xx_alive_a2[55]: input \BoardY_BoardX_Life_DEFAULT_Yy_Xx_alive_a2[55]
  signal \BoardY_BoardX_Life_DEFAULT_Yy_Xx_row_cnt_a1[55][0]: input \BoardY_BoardX_Life_DEFAULT_Yy_Xx_row_cnt_a1[55][0]
  signal \BoardY_BoardX_Life_DEFAULT_Yy_Xx_row_cnt_a1[55][1]: input \BoardY_BoardX_Life_DEFAULT_Yy_Xx_row_cnt_a1[55][1]
  signal $ge$life.tlv:95$730_Y: internal
  signal $le$life.tlv:95$731_Y: internal
  signal $logic_and$life.tlv:95$732_Y: internal
  signal $eq$life.tlv:96$733_Y: internal
  signal $ternary$life.tlv:95$734_Y: internal
  cell $ternary$life.tlv:95$734 ($mux)
  cell $ternary$life.tlv:94$735 ($mux)
  cell $procdff$1693 ($dff)
  cell $logic_and$life.tlv:95$732 ($logic_and)
  cell $le$life.tlv:95$731 ($le)
  cell $ge$life.tlv:95$730 ($ge)
  cell $eq$life.tlv:96$733 ($eq)
  cell $add$life.tlv:80$729 ($add)
  cell $add$life.tlv:80$727 ($add)
  cell $add$life.tlv:76$585 ($add)
  cell $add$life.tlv:76$583 ($add)

62. Executing SUBMOD pass (moving cells to submodules as requested).

62.1. Executing OPT_CLEAN pass (remove unused cells and wires).
Finding unused cells or wires in module \top..
Removed 0 unused cells and 15 unused wires.
<suppressed ~5 debug messages>

62.2. Continuing SUBMOD pass.
Creating submodule life_cell_56 (\life_cell_56) of module \top.
Warning: Port directions for cell \pseudo_rand (\pseudo_rand) are unknown. Assuming inout for all ports.
  signal \clk: input \clk
  signal $add$life.tlv:80$713_Y[0]: internal
  signal $add$life.tlv:80$713_Y[1]: internal
  signal $add$life.tlv:80$713_Y[2]: internal
  signal $add$life.tlv:80$713_Y[3]: internal
  signal \reset: input \reset
  signal \BoardY_BoardX_Life_DEFAULT_Yy_Xx_cnt_a1[56][0]: internal
  signal \BoardY_BoardX_Life_DEFAULT_Yy_Xx_row_cnt_a1[66][0]: output \BoardY_BoardX_Life_DEFAULT_Yy_Xx_row_cnt_a1[66][0]
  signal \BoardY_BoardX_Life_DEFAULT_Yy_Xx_row_cnt_a1[66][1]: output \BoardY_BoardX_Life_DEFAULT_Yy_Xx_row_cnt_a1[66][1]
  signal \BoardY_BoardX_Life_DEFAULT_Yy_Xx_alive_a2[66]: input \BoardY_BoardX_Life_DEFAULT_Yy_Xx_alive_a2[66]
  signal \BoardY_BoardX_Life_DEFAULT_Yy_Xx_alive_a2[67]: output \BoardY_BoardX_Life_DEFAULT_Yy_Xx_alive_a2[67]
  signal \RW_rand_raw[1]: input \RW_rand_raw[1]
  signal \BoardY_BoardX_Life_DEFAULT_Yy_Xx_row_cnt_a1[46][0]: input \BoardY_BoardX_Life_DEFAULT_Yy_Xx_row_cnt_a1[46][0]
  signal $add$life.tlv:76$569_Y[0]: internal
  signal $add$life.tlv:76$569_Y[1]: internal
  signal \BoardY_BoardX_Life_DEFAULT_Yy_Xx_alive_a1[56]: output \BoardY_BoardX_Life_DEFAULT_Yy_Xx_alive_a1[56]
  signal \BoardY_BoardX_Life_DEFAULT_Yy_Xx_alive_a1[67]: input \BoardY_BoardX_Life_DEFAULT_Yy_Xx_alive_a1[67]
  signal \BoardY_BoardX_Life_DEFAULT_Yy_Xx_alive_a2[65]: input \BoardY_BoardX_Life_DEFAULT_Yy_Xx_alive_a2[65]
  signal \BoardY_BoardX_Life_DEFAULT_Yy_Xx_alive_a2[56]: input \BoardY_BoardX_Life_DEFAULT_Yy_Xx_alive_a2[56]
  signal $ge$life.tlv:95$716_Y: internal
  signal $le$life.tlv:95$717_Y: internal
  signal $logic_and$life.tlv:95$718_Y: internal
  signal $eq$life.tlv:96$719_Y: internal
  signal \BoardY_BoardX_Life_DEFAULT_Yy_Xx_cnt_a1[56][1]: internal
  signal \BoardY_BoardX_Life_DEFAULT_Yy_Xx_cnt_a1[56][2]: internal
  signal \BoardY_BoardX_Life_DEFAULT_Yy_Xx_cnt_a1[56][3]: internal
  signal $ternary$life.tlv:95$720_Y: internal
  signal \BoardY_BoardX_Life_DEFAULT_Yy_Xx_row_cnt_a1[46][1]: input \BoardY_BoardX_Life_DEFAULT_Yy_Xx_row_cnt_a1[46][1]
  signal \BoardY_BoardX_Life_DEFAULT_Yy_Xx_row_cnt_a1[56][0]: input \BoardY_BoardX_Life_DEFAULT_Yy_Xx_row_cnt_a1[56][0]
  signal \BoardY_BoardX_Life_DEFAULT_Yy_Xx_row_cnt_a1[56][1]: input \BoardY_BoardX_Life_DEFAULT_Yy_Xx_row_cnt_a1[56][1]
  cell $ternary$life.tlv:95$720 ($mux)
  cell $ternary$life.tlv:94$721 ($mux)
  cell $procdff$1694 ($dff)
  cell $logic_and$life.tlv:95$718 ($logic_and)
  cell $le$life.tlv:95$717 ($le)
  cell $ge$life.tlv:95$716 ($ge)
  cell $eq$life.tlv:96$719 ($eq)
  cell $add$life.tlv:80$715 ($add)
  cell $add$life.tlv:80$713 ($add)
  cell $add$life.tlv:76$571 ($add)
  cell $add$life.tlv:76$569 ($add)

63. Executing SUBMOD pass (moving cells to submodules as requested).

63.1. Executing OPT_CLEAN pass (remove unused cells and wires).
Finding unused cells or wires in module \top..
Removed 0 unused cells and 15 unused wires.
<suppressed ~5 debug messages>

63.2. Continuing SUBMOD pass.
Creating submodule life_cell_57 (\life_cell_57) of module \top.
Warning: Port directions for cell \pseudo_rand (\pseudo_rand) are unknown. Assuming inout for all ports.
  signal \clk: input \clk
  signal \BoardY_BoardX_Life_DEFAULT_Yy_Xx_alive_a2[57]: input \BoardY_BoardX_Life_DEFAULT_Yy_Xx_alive_a2[57]
  signal \BoardY_BoardX_Life_DEFAULT_Yy_Xx_row_cnt_a1[47][1]: input \BoardY_BoardX_Life_DEFAULT_Yy_Xx_row_cnt_a1[47][1]
  signal \reset: input \reset
  signal \BoardY_BoardX_Life_DEFAULT_Yy_Xx_row_cnt_a1[57][0]: input \BoardY_BoardX_Life_DEFAULT_Yy_Xx_row_cnt_a1[57][0]
  signal \BoardY_BoardX_Life_DEFAULT_Yy_Xx_row_cnt_a1[57][1]: input \BoardY_BoardX_Life_DEFAULT_Yy_Xx_row_cnt_a1[57][1]
  signal $add$life.tlv:80$699_Y[0]: internal
  signal $add$life.tlv:80$699_Y[1]: internal
  signal $add$life.tlv:80$699_Y[2]: internal
  signal $add$life.tlv:80$699_Y[3]: internal
  signal \BoardY_BoardX_Life_DEFAULT_Yy_Xx_row_cnt_a1[47][0]: input \BoardY_BoardX_Life_DEFAULT_Yy_Xx_row_cnt_a1[47][0]
  signal \BoardY_BoardX_Life_DEFAULT_Yy_Xx_row_cnt_a1[67][0]: output \BoardY_BoardX_Life_DEFAULT_Yy_Xx_row_cnt_a1[67][0]
  signal \BoardY_BoardX_Life_DEFAULT_Yy_Xx_row_cnt_a1[67][1]: output \BoardY_BoardX_Life_DEFAULT_Yy_Xx_row_cnt_a1[67][1]
  signal $add$life.tlv:76$555_Y[0]: internal
  signal $add$life.tlv:76$555_Y[1]: internal
  signal \BoardY_BoardX_Life_DEFAULT_Yy_Xx_cnt_a1[57][0]: internal
  signal \BoardY_BoardX_Life_DEFAULT_Yy_Xx_cnt_a1[57][1]: internal
  signal \BoardY_BoardX_Life_DEFAULT_Yy_Xx_cnt_a1[57][2]: internal
  signal \BoardY_BoardX_Life_DEFAULT_Yy_Xx_alive_a2[66]: input \BoardY_BoardX_Life_DEFAULT_Yy_Xx_alive_a2[66]
  signal \BoardY_BoardX_Life_DEFAULT_Yy_Xx_cnt_a1[57][3]: internal
  signal \BoardY_BoardX_Life_DEFAULT_Yy_Xx_alive_a2[67]: input \BoardY_BoardX_Life_DEFAULT_Yy_Xx_alive_a2[67]
  signal \BoardY_BoardX_Life_DEFAULT_Yy_Xx_alive_a2[68]: output \BoardY_BoardX_Life_DEFAULT_Yy_Xx_alive_a2[68]
  signal \RW_rand_raw[2]: input \RW_rand_raw[2]
  signal \BoardY_BoardX_Life_DEFAULT_Yy_Xx_alive_a1[57]: output \BoardY_BoardX_Life_DEFAULT_Yy_Xx_alive_a1[57]
  signal \BoardY_BoardX_Life_DEFAULT_Yy_Xx_alive_a1[68]: input \BoardY_BoardX_Life_DEFAULT_Yy_Xx_alive_a1[68]
  signal $ge$life.tlv:95$702_Y: internal
  signal $le$life.tlv:95$703_Y: internal
  signal $logic_and$life.tlv:95$704_Y: internal
  signal $eq$life.tlv:96$705_Y: internal
  signal $ternary$life.tlv:95$706_Y: internal
  cell $ternary$life.tlv:95$706 ($mux)
  cell $ternary$life.tlv:94$707 ($mux)
  cell $procdff$1695 ($dff)
  cell $logic_and$life.tlv:95$704 ($logic_and)
  cell $le$life.tlv:95$703 ($le)
  cell $ge$life.tlv:95$702 ($ge)
  cell $eq$life.tlv:96$705 ($eq)
  cell $add$life.tlv:80$701 ($add)
  cell $add$life.tlv:80$699 ($add)
  cell $add$life.tlv:76$557 ($add)
  cell $add$life.tlv:76$555 ($add)

64. Executing SUBMOD pass (moving cells to submodules as requested).

64.1. Executing OPT_CLEAN pass (remove unused cells and wires).
Finding unused cells or wires in module \top..
Removed 0 unused cells and 15 unused wires.
<suppressed ~5 debug messages>

64.2. Continuing SUBMOD pass.
Creating submodule life_cell_58 (\life_cell_58) of module \top.
Warning: Port directions for cell \pseudo_rand (\pseudo_rand) are unknown. Assuming inout for all ports.
  signal \BoardY_BoardX_Life_DEFAULT_Yy_Xx_alive_a1[69]: input \BoardY_BoardX_Life_DEFAULT_Yy_Xx_alive_a1[69]
  signal \clk: input \clk
  signal \reset: input \reset
  signal $add$life.tlv:76$541_Y[0]: internal
  signal $add$life.tlv:76$541_Y[1]: internal
  signal \BoardY_BoardX_Life_DEFAULT_Yy_Xx_row_cnt_a1[48][0]: input \BoardY_BoardX_Life_DEFAULT_Yy_Xx_row_cnt_a1[48][0]
  signal \BoardY_BoardX_Life_DEFAULT_Yy_Xx_row_cnt_a1[48][1]: input \BoardY_BoardX_Life_DEFAULT_Yy_Xx_row_cnt_a1[48][1]
  signal \BoardY_BoardX_Life_DEFAULT_Yy_Xx_alive_a2[58]: input \BoardY_BoardX_Life_DEFAULT_Yy_Xx_alive_a2[58]
  signal \BoardY_BoardX_Life_DEFAULT_Yy_Xx_cnt_a1[58][0]: internal
  signal \BoardY_BoardX_Life_DEFAULT_Yy_Xx_cnt_a1[58][1]: internal
  signal \BoardY_BoardX_Life_DEFAULT_Yy_Xx_cnt_a1[58][2]: internal
  signal $add$life.tlv:80$685_Y[0]: internal
  signal $add$life.tlv:80$685_Y[1]: internal
  signal $add$life.tlv:80$685_Y[2]: internal
  signal $add$life.tlv:80$685_Y[3]: internal
  signal \BoardY_BoardX_Life_DEFAULT_Yy_Xx_alive_a2[67]: input \BoardY_BoardX_Life_DEFAULT_Yy_Xx_alive_a2[67]
  signal \BoardY_BoardX_Life_DEFAULT_Yy_Xx_alive_a2[68]: input \BoardY_BoardX_Life_DEFAULT_Yy_Xx_alive_a2[68]
  signal \BoardY_BoardX_Life_DEFAULT_Yy_Xx_row_cnt_a1[68][1]: output \BoardY_BoardX_Life_DEFAULT_Yy_Xx_row_cnt_a1[68][1]
  signal \BoardY_BoardX_Life_DEFAULT_Yy_Xx_cnt_a1[58][3]: internal
  signal \RW_rand_raw[3]: input \RW_rand_raw[3]
  signal \BoardY_BoardX_Life_DEFAULT_Yy_Xx_row_cnt_a1[68][0]: output \BoardY_BoardX_Life_DEFAULT_Yy_Xx_row_cnt_a1[68][0]
  signal \BoardY_BoardX_Life_DEFAULT_Yy_Xx_alive_a1[58]: output \BoardY_BoardX_Life_DEFAULT_Yy_Xx_alive_a1[58]
  signal \BoardY_BoardX_Life_DEFAULT_Yy_Xx_row_cnt_a1[58][0]: input \BoardY_BoardX_Life_DEFAULT_Yy_Xx_row_cnt_a1[58][0]
  signal \BoardY_BoardX_Life_DEFAULT_Yy_Xx_row_cnt_a1[58][1]: input \BoardY_BoardX_Life_DEFAULT_Yy_Xx_row_cnt_a1[58][1]
  signal \BoardY_BoardX_Life_DEFAULT_Yy_Xx_alive_a2[69]: output \BoardY_BoardX_Life_DEFAULT_Yy_Xx_alive_a2[69]
  signal $ge$life.tlv:95$688_Y: internal
  signal $le$life.tlv:95$689_Y: internal
  signal $logic_and$life.tlv:95$690_Y: internal
  signal $eq$life.tlv:96$691_Y: internal
  signal $ternary$life.tlv:95$692_Y: internal
  cell $ternary$life.tlv:95$692 ($mux)
  cell $ternary$life.tlv:94$693 ($mux)
  cell $procdff$1696 ($dff)
  cell $logic_and$life.tlv:95$690 ($logic_and)
  cell $le$life.tlv:95$689 ($le)
  cell $ge$life.tlv:95$688 ($ge)
  cell $eq$life.tlv:96$691 ($eq)
  cell $add$life.tlv:80$687 ($add)
  cell $add$life.tlv:80$685 ($add)
  cell $add$life.tlv:76$543 ($add)
  cell $add$life.tlv:76$541 ($add)

65. Executing SUBMOD pass (moving cells to submodules as requested).

65.1. Executing OPT_CLEAN pass (remove unused cells and wires).
Finding unused cells or wires in module \top..
Removed 0 unused cells and 15 unused wires.
<suppressed ~5 debug messages>

65.2. Continuing SUBMOD pass.
Creating submodule life_cell_59 (\life_cell_59) of module \top.
Warning: Port directions for cell \pseudo_rand (\pseudo_rand) are unknown. Assuming inout for all ports.
  signal \reset: input \reset
  signal $add$life.tlv:76$527_Y[0]: internal
  signal $add$life.tlv:76$527_Y[1]: internal
  signal \BoardY_BoardX_Life_DEFAULT_Yy_Xx_alive_a2[59]: input \BoardY_BoardX_Life_DEFAULT_Yy_Xx_alive_a2[59]
  signal \BoardY_BoardX_Life_DEFAULT_Yy_Xx_alive_a2[68]: input \BoardY_BoardX_Life_DEFAULT_Yy_Xx_alive_a2[68]
  signal \BoardY_BoardX_Life_DEFAULT_Yy_Xx_cnt_a1[59][0]: internal
  signal \BoardY_BoardX_Life_DEFAULT_Yy_Xx_cnt_a1[59][1]: internal
  signal \BoardY_BoardX_Life_DEFAULT_Yy_Xx_cnt_a1[59][2]: internal
  signal \BoardY_BoardX_Life_DEFAULT_Yy_Xx_cnt_a1[59][3]: internal
  signal \BoardY_BoardX_Life_DEFAULT_Yy_Xx_row_cnt_a1[49][0]: input \BoardY_BoardX_Life_DEFAULT_Yy_Xx_row_cnt_a1[49][0]
  signal \BoardY_BoardX_Life_DEFAULT_Yy_Xx_row_cnt_a1[49][1]: input \BoardY_BoardX_Life_DEFAULT_Yy_Xx_row_cnt_a1[49][1]
  signal \RW_rand_raw[4]: input \RW_rand_raw[4]
  signal \BoardY_BoardX_Life_DEFAULT_Yy_Xx_row_cnt_a1[69][0]: output \BoardY_BoardX_Life_DEFAULT_Yy_Xx_row_cnt_a1[69][0]
  signal \BoardY_BoardX_Life_DEFAULT_Yy_Xx_row_cnt_a1[69][1]: output \BoardY_BoardX_Life_DEFAULT_Yy_Xx_row_cnt_a1[69][1]
  signal \BoardY_BoardX_Life_DEFAULT_Yy_Xx_alive_a1[59]: output \BoardY_BoardX_Life_DEFAULT_Yy_Xx_alive_a1[59]
  signal \BoardY_BoardX_Life_DEFAULT_Yy_Xx_row_cnt_a1[59][0]: input \BoardY_BoardX_Life_DEFAULT_Yy_Xx_row_cnt_a1[59][0]
  signal \BoardY_BoardX_Life_DEFAULT_Yy_Xx_row_cnt_a1[59][1]: input \BoardY_BoardX_Life_DEFAULT_Yy_Xx_row_cnt_a1[59][1]
  signal $add$life.tlv:80$671_Y[0]: internal
  signal $add$life.tlv:80$671_Y[1]: internal
  signal $add$life.tlv:80$671_Y[2]: internal
  signal $add$life.tlv:80$671_Y[3]: internal
  signal \BoardY_BoardX_Life_DEFAULT_Yy_Xx_alive_a2[69]: input \BoardY_BoardX_Life_DEFAULT_Yy_Xx_alive_a2[69]
  signal $ge$life.tlv:95$674_Y: internal
  signal $le$life.tlv:95$675_Y: internal
  signal $logic_and$life.tlv:95$676_Y: internal
  signal $eq$life.tlv:96$677_Y: internal
  signal $ternary$life.tlv:95$678_Y: internal
  cell $ternary$life.tlv:95$678 ($mux)
  cell $ternary$life.tlv:94$679 ($mux)
  cell $logic_and$life.tlv:95$676 ($logic_and)
  cell $le$life.tlv:95$675 ($le)
  cell $ge$life.tlv:95$674 ($ge)
  cell $eq$life.tlv:96$677 ($eq)
  cell $add$life.tlv:80$673 ($add)
  cell $add$life.tlv:80$671 ($add)
  cell $add$life.tlv:76$529 ($add)
  cell $add$life.tlv:76$527 ($add)

66. Executing SUBMOD pass (moving cells to submodules as requested).

66.1. Executing OPT_CLEAN pass (remove unused cells and wires).
Finding unused cells or wires in module \top..
Removed 0 unused cells and 15 unused wires.
<suppressed ~5 debug messages>

66.2. Continuing SUBMOD pass.
Creating submodule life_cell_60 (\life_cell_60) of module \top.
Warning: Port directions for cell \pseudo_rand (\pseudo_rand) are unknown. Assuming inout for all ports.
  signal \clk: input \clk
  signal \BoardY_BoardX_Life_DEFAULT_Yy_Xx_alive_a2[60]: input \BoardY_BoardX_Life_DEFAULT_Yy_Xx_alive_a2[60]
  signal \reset: input \reset
  signal \BoardY_BoardX_Life_DEFAULT_Yy_Xx_row_cnt_a1[50][0]: input \BoardY_BoardX_Life_DEFAULT_Yy_Xx_row_cnt_a1[50][0]
  signal \BoardY_BoardX_Life_DEFAULT_Yy_Xx_row_cnt_a1[50][1]: input \BoardY_BoardX_Life_DEFAULT_Yy_Xx_row_cnt_a1[50][1]
  signal $add$life.tlv:80$657_Y[0]: internal
  signal $add$life.tlv:80$657_Y[1]: internal
  signal $add$life.tlv:80$657_Y[2]: internal
  signal $add$life.tlv:80$657_Y[3]: internal
  signal \BoardY_BoardX_Life_DEFAULT_Yy_Xx_alive_a1[70]: input \BoardY_BoardX_Life_DEFAULT_Yy_Xx_alive_a1[70]
  signal \BoardY_BoardX_Life_DEFAULT_Yy_Xx_cnt_a1[60][0]: internal
  signal \BoardY_BoardX_Life_DEFAULT_Yy_Xx_cnt_a1[60][1]: internal
  signal \BoardY_BoardX_Life_DEFAULT_Yy_Xx_row_cnt_a1[70][0]: output \BoardY_BoardX_Life_DEFAULT_Yy_Xx_row_cnt_a1[70][0]
  signal \BoardY_BoardX_Life_DEFAULT_Yy_Xx_row_cnt_a1[70][1]: output \BoardY_BoardX_Life_DEFAULT_Yy_Xx_row_cnt_a1[70][1]
  signal \BoardY_BoardX_Life_DEFAULT_Yy_Xx_row_cnt_a1[60][0]: input \BoardY_BoardX_Life_DEFAULT_Yy_Xx_row_cnt_a1[60][0]
  signal $add$life.tlv:76$513_Y[0]: internal
  signal $add$life.tlv:76$513_Y[1]: internal
  signal \RW_rand_raw[5]: input \RW_rand_raw[5]
  signal \BoardY_BoardX_Life_DEFAULT_Yy_Xx_cnt_a1[60][2]: internal
  signal \BoardY_BoardX_Life_DEFAULT_Yy_Xx_cnt_a1[60][3]: internal
  signal \BoardY_BoardX_Life_DEFAULT_Yy_Xx_row_cnt_a1[60][1]: input \BoardY_BoardX_Life_DEFAULT_Yy_Xx_row_cnt_a1[60][1]
  signal \BoardY_BoardX_Life_DEFAULT_Yy_Xx_alive_a1[71]: input \BoardY_BoardX_Life_DEFAULT_Yy_Xx_alive_a1[71]
  signal \BoardY_BoardX_Life_DEFAULT_Yy_Xx_alive_a1[60]: output \BoardY_BoardX_Life_DEFAULT_Yy_Xx_alive_a1[60]
  signal \BoardY_BoardX_Life_DEFAULT_Yy_Xx_alive_a2[70]: output \BoardY_BoardX_Life_DEFAULT_Yy_Xx_alive_a2[70]
  signal \BoardY_BoardX_Life_DEFAULT_Yy_Xx_alive_a2[71]: output \BoardY_BoardX_Life_DEFAULT_Yy_Xx_alive_a2[71]
  signal $ge$life.tlv:95$660_Y: internal
  signal $le$life.tlv:95$661_Y: internal
  signal $logic_and$life.tlv:95$662_Y: internal
  signal $eq$life.tlv:96$663_Y: internal
  signal $ternary$life.tlv:95$664_Y: internal
  cell $ternary$life.tlv:95$664 ($mux)
  cell $ternary$life.tlv:94$665 ($mux)
  cell $procdff$1698 ($dff)
  cell $procdff$1697 ($dff)
  cell $logic_and$life.tlv:95$662 ($logic_and)
  cell $le$life.tlv:95$661 ($le)
  cell $ge$life.tlv:95$660 ($ge)
  cell $eq$life.tlv:96$663 ($eq)
  cell $add$life.tlv:80$659 ($add)
  cell $add$life.tlv:80$657 ($add)
  cell $add$life.tlv:76$515 ($add)
  cell $add$life.tlv:76$513 ($add)

67. Executing SUBMOD pass (moving cells to submodules as requested).

67.1. Executing OPT_CLEAN pass (remove unused cells and wires).
Finding unused cells or wires in module \top..
Removed 0 unused cells and 15 unused wires.
<suppressed ~5 debug messages>

67.2. Continuing SUBMOD pass.
Creating submodule life_cell_61 (\life_cell_61) of module \top.
Warning: Port directions for cell \pseudo_rand (\pseudo_rand) are unknown. Assuming inout for all ports.
  signal \clk: input \clk
  signal $add$life.tlv:80$643_Y[0]: internal
  signal $add$life.tlv:80$643_Y[1]: internal
  signal $add$life.tlv:80$643_Y[2]: internal
  signal $add$life.tlv:80$643_Y[3]: internal
  signal \reset: input \reset
  signal \BoardY_BoardX_Life_DEFAULT_Yy_Xx_alive_a1[72]: input \BoardY_BoardX_Life_DEFAULT_Yy_Xx_alive_a1[72]
  signal $add$life.tlv:76$499_Y[0]: internal
  signal $add$life.tlv:76$499_Y[1]: internal
  signal \BoardY_BoardX_Life_DEFAULT_Yy_Xx_cnt_a1[61][0]: internal
  signal \BoardY_BoardX_Life_DEFAULT_Yy_Xx_cnt_a1[61][1]: internal
  signal \BoardY_BoardX_Life_DEFAULT_Yy_Xx_alive_a2[61]: input \BoardY_BoardX_Life_DEFAULT_Yy_Xx_alive_a2[61]
  signal \BoardY_BoardX_Life_DEFAULT_Yy_Xx_row_cnt_a1[61][0]: input \BoardY_BoardX_Life_DEFAULT_Yy_Xx_row_cnt_a1[61][0]
  signal \BoardY_BoardX_Life_DEFAULT_Yy_Xx_row_cnt_a1[61][1]: input \BoardY_BoardX_Life_DEFAULT_Yy_Xx_row_cnt_a1[61][1]
  signal \BoardY_BoardX_Life_DEFAULT_Yy_Xx_row_cnt_a1[71][0]: output \BoardY_BoardX_Life_DEFAULT_Yy_Xx_row_cnt_a1[71][0]
  signal \BoardY_BoardX_Life_DEFAULT_Yy_Xx_row_cnt_a1[71][1]: output \BoardY_BoardX_Life_DEFAULT_Yy_Xx_row_cnt_a1[71][1]
  signal \BoardY_BoardX_Life_DEFAULT_Yy_Xx_row_cnt_a1[51][0]: input \BoardY_BoardX_Life_DEFAULT_Yy_Xx_row_cnt_a1[51][0]
  signal \BoardY_BoardX_Life_DEFAULT_Yy_Xx_cnt_a1[61][2]: internal
  signal \BoardY_BoardX_Life_DEFAULT_Yy_Xx_cnt_a1[61][3]: internal
  signal \BoardY_BoardX_Life_DEFAULT_Yy_Xx_row_cnt_a1[51][1]: input \BoardY_BoardX_Life_DEFAULT_Yy_Xx_row_cnt_a1[51][1]
  signal \RW_rand_raw[3]: input \RW_rand_raw[3]
  signal \BoardY_BoardX_Life_DEFAULT_Yy_Xx_alive_a1[61]: output \BoardY_BoardX_Life_DEFAULT_Yy_Xx_alive_a1[61]
  signal \BoardY_BoardX_Life_DEFAULT_Yy_Xx_alive_a2[70]: input \BoardY_BoardX_Life_DEFAULT_Yy_Xx_alive_a2[70]
  signal \BoardY_BoardX_Life_DEFAULT_Yy_Xx_alive_a2[71]: input \BoardY_BoardX_Life_DEFAULT_Yy_Xx_alive_a2[71]
  signal \BoardY_BoardX_Life_DEFAULT_Yy_Xx_alive_a2[72]: output \BoardY_BoardX_Life_DEFAULT_Yy_Xx_alive_a2[72]
  signal $ge$life.tlv:95$646_Y: internal
  signal $le$life.tlv:95$647_Y: internal
  signal $logic_and$life.tlv:95$648_Y: internal
  signal $eq$life.tlv:96$649_Y: internal
  signal $ternary$life.tlv:95$650_Y: internal
  cell $ternary$life.tlv:95$650 ($mux)
  cell $ternary$life.tlv:94$651 ($mux)
  cell $procdff$1699 ($dff)
  cell $logic_and$life.tlv:95$648 ($logic_and)
  cell $le$life.tlv:95$647 ($le)
  cell $ge$life.tlv:95$646 ($ge)
  cell $eq$life.tlv:96$649 ($eq)
  cell $add$life.tlv:80$645 ($add)
  cell $add$life.tlv:80$643 ($add)
  cell $add$life.tlv:76$501 ($add)
  cell $add$life.tlv:76$499 ($add)

68. Executing SUBMOD pass (moving cells to submodules as requested).

68.1. Executing OPT_CLEAN pass (remove unused cells and wires).
Finding unused cells or wires in module \top..
Removed 0 unused cells and 15 unused wires.
<suppressed ~5 debug messages>

68.2. Continuing SUBMOD pass.
Creating submodule life_cell_62 (\life_cell_62) of module \top.
Warning: Port directions for cell \pseudo_rand (\pseudo_rand) are unknown. Assuming inout for all ports.
  signal \clk: input \clk
  signal $add$life.tlv:80$629_Y[1]: internal
  signal $add$life.tlv:80$629_Y[2]: internal
  signal $add$life.tlv:80$629_Y[3]: internal
  signal $add$life.tlv:80$629_Y[0]: internal
  signal \reset: input \reset
  signal \RW_rand_raw[13]: input \RW_rand_raw[13]
  signal \BoardY_BoardX_Life_DEFAULT_Yy_Xx_cnt_a1[62][0]: internal
  signal \BoardY_BoardX_Life_DEFAULT_Yy_Xx_alive_a2[62]: input \BoardY_BoardX_Life_DEFAULT_Yy_Xx_alive_a2[62]
  signal \BoardY_BoardX_Life_DEFAULT_Yy_Xx_row_cnt_a1[72][0]: output \BoardY_BoardX_Life_DEFAULT_Yy_Xx_row_cnt_a1[72][0]
  signal \BoardY_BoardX_Life_DEFAULT_Yy_Xx_row_cnt_a1[72][1]: output \BoardY_BoardX_Life_DEFAULT_Yy_Xx_row_cnt_a1[72][1]
  signal \BoardY_BoardX_Life_DEFAULT_Yy_Xx_row_cnt_a1[62][0]: input \BoardY_BoardX_Life_DEFAULT_Yy_Xx_row_cnt_a1[62][0]
  signal \BoardY_BoardX_Life_DEFAULT_Yy_Xx_row_cnt_a1[62][1]: input \BoardY_BoardX_Life_DEFAULT_Yy_Xx_row_cnt_a1[62][1]
  signal \BoardY_BoardX_Life_DEFAULT_Yy_Xx_row_cnt_a1[52][1]: input \BoardY_BoardX_Life_DEFAULT_Yy_Xx_row_cnt_a1[52][1]
  signal \BoardY_BoardX_Life_DEFAULT_Yy_Xx_row_cnt_a1[52][0]: input \BoardY_BoardX_Life_DEFAULT_Yy_Xx_row_cnt_a1[52][0]
  signal \BoardY_BoardX_Life_DEFAULT_Yy_Xx_alive_a1[73]: input \BoardY_BoardX_Life_DEFAULT_Yy_Xx_alive_a1[73]
  signal \BoardY_BoardX_Life_DEFAULT_Yy_Xx_cnt_a1[62][1]: internal
  signal \BoardY_BoardX_Life_DEFAULT_Yy_Xx_cnt_a1[62][2]: internal
  signal \BoardY_BoardX_Life_DEFAULT_Yy_Xx_cnt_a1[62][3]: internal
  signal $add$life.tlv:76$485_Y[0]: internal
  signal $add$life.tlv:76$485_Y[1]: internal
  signal \BoardY_BoardX_Life_DEFAULT_Yy_Xx_alive_a1[62]: output \BoardY_BoardX_Life_DEFAULT_Yy_Xx_alive_a1[62]
  signal \BoardY_BoardX_Life_DEFAULT_Yy_Xx_alive_a2[71]: input \BoardY_BoardX_Life_DEFAULT_Yy_Xx_alive_a2[71]
  signal \BoardY_BoardX_Life_DEFAULT_Yy_Xx_alive_a2[73]: output \BoardY_BoardX_Life_DEFAULT_Yy_Xx_alive_a2[73]
  signal \BoardY_BoardX_Life_DEFAULT_Yy_Xx_alive_a2[72]: input \BoardY_BoardX_Life_DEFAULT_Yy_Xx_alive_a2[72]
  signal $ge$life.tlv:95$632_Y: internal
  signal $le$life.tlv:95$633_Y: internal
  signal $logic_and$life.tlv:95$634_Y: internal
  signal $eq$life.tlv:96$635_Y: internal
  signal $ternary$life.tlv:95$636_Y: internal
  cell $ternary$life.tlv:95$636 ($mux)
  cell $ternary$life.tlv:94$637 ($mux)
  cell $procdff$1700 ($dff)
  cell $logic_and$life.tlv:95$634 ($logic_and)
  cell $le$life.tlv:95$633 ($le)
  cell $ge$life.tlv:95$632 ($ge)
  cell $eq$life.tlv:96$635 ($eq)
  cell $add$life.tlv:80$631 ($add)
  cell $add$life.tlv:80$629 ($add)
  cell $add$life.tlv:76$487 ($add)
  cell $add$life.tlv:76$485 ($add)

69. Executing SUBMOD pass (moving cells to submodules as requested).

69.1. Executing OPT_CLEAN pass (remove unused cells and wires).
Finding unused cells or wires in module \top..
Removed 0 unused cells and 15 unused wires.
<suppressed ~5 debug messages>

69.2. Continuing SUBMOD pass.
Creating submodule life_cell_63 (\life_cell_63) of module \top.
Warning: Port directions for cell \pseudo_rand (\pseudo_rand) are unknown. Assuming inout for all ports.
  signal \clk: input \clk
  signal \BoardY_BoardX_Life_DEFAULT_Yy_Xx_alive_a1[74]: input \BoardY_BoardX_Life_DEFAULT_Yy_Xx_alive_a1[74]
  signal $add$life.tlv:76$471_Y[0]: internal
  signal $add$life.tlv:76$471_Y[1]: internal
  signal \reset: input \reset
  signal \BoardY_BoardX_Life_DEFAULT_Yy_Xx_row_cnt_a1[53][1]: input \BoardY_BoardX_Life_DEFAULT_Yy_Xx_row_cnt_a1[53][1]
  signal \BoardY_BoardX_Life_DEFAULT_Yy_Xx_cnt_a1[63][1]: internal
  signal \BoardY_BoardX_Life_DEFAULT_Yy_Xx_cnt_a1[63][2]: internal
  signal \BoardY_BoardX_Life_DEFAULT_Yy_Xx_cnt_a1[63][3]: internal
  signal \BoardY_BoardX_Life_DEFAULT_Yy_Xx_alive_a2[63]: input \BoardY_BoardX_Life_DEFAULT_Yy_Xx_alive_a2[63]
  signal \BoardY_BoardX_Life_DEFAULT_Yy_Xx_row_cnt_a1[53][0]: input \BoardY_BoardX_Life_DEFAULT_Yy_Xx_row_cnt_a1[53][0]
  signal \BoardY_BoardX_Life_DEFAULT_Yy_Xx_cnt_a1[63][0]: internal
  signal $add$life.tlv:80$615_Y[0]: internal
  signal $add$life.tlv:80$615_Y[1]: internal
  signal $add$life.tlv:80$615_Y[2]: internal
  signal $add$life.tlv:80$615_Y[3]: internal
  signal \BoardY_BoardX_Life_DEFAULT_Yy_Xx_row_cnt_a1[73][0]: output \BoardY_BoardX_Life_DEFAULT_Yy_Xx_row_cnt_a1[73][0]
  signal \BoardY_BoardX_Life_DEFAULT_Yy_Xx_row_cnt_a1[73][1]: output \BoardY_BoardX_Life_DEFAULT_Yy_Xx_row_cnt_a1[73][1]
  signal \RW_rand_raw[7]: input \RW_rand_raw[7]
  signal \BoardY_BoardX_Life_DEFAULT_Yy_Xx_row_cnt_a1[63][0]: input \BoardY_BoardX_Life_DEFAULT_Yy_Xx_row_cnt_a1[63][0]
  signal \BoardY_BoardX_Life_DEFAULT_Yy_Xx_row_cnt_a1[63][1]: input \BoardY_BoardX_Life_DEFAULT_Yy_Xx_row_cnt_a1[63][1]
  signal \BoardY_BoardX_Life_DEFAULT_Yy_Xx_alive_a1[63]: output \BoardY_BoardX_Life_DEFAULT_Yy_Xx_alive_a1[63]
  signal \BoardY_BoardX_Life_DEFAULT_Yy_Xx_alive_a2[73]: input \BoardY_BoardX_Life_DEFAULT_Yy_Xx_alive_a2[73]
  signal \BoardY_BoardX_Life_DEFAULT_Yy_Xx_alive_a2[72]: input \BoardY_BoardX_Life_DEFAULT_Yy_Xx_alive_a2[72]
  signal \BoardY_BoardX_Life_DEFAULT_Yy_Xx_alive_a2[74]: output \BoardY_BoardX_Life_DEFAULT_Yy_Xx_alive_a2[74]
  signal $ge$life.tlv:95$618_Y: internal
  signal $le$life.tlv:95$619_Y: internal
  signal $logic_and$life.tlv:95$620_Y: internal
  signal $eq$life.tlv:96$621_Y: internal
  signal $ternary$life.tlv:95$622_Y: internal
  cell $ternary$life.tlv:95$622 ($mux)
  cell $ternary$life.tlv:94$623 ($mux)
  cell $procdff$1701 ($dff)
  cell $logic_and$life.tlv:95$620 ($logic_and)
  cell $le$life.tlv:95$619 ($le)
  cell $ge$life.tlv:95$618 ($ge)
  cell $eq$life.tlv:96$621 ($eq)
  cell $add$life.tlv:80$617 ($add)
  cell $add$life.tlv:80$615 ($add)
  cell $add$life.tlv:76$473 ($add)
  cell $add$life.tlv:76$471 ($add)

70. Executing SUBMOD pass (moving cells to submodules as requested).

70.1. Executing OPT_CLEAN pass (remove unused cells and wires).
Finding unused cells or wires in module \top..
Removed 0 unused cells and 15 unused wires.
<suppressed ~5 debug messages>

70.2. Continuing SUBMOD pass.
Creating submodule life_cell_64 (\life_cell_64) of module \top.
Warning: Port directions for cell \pseudo_rand (\pseudo_rand) are unknown. Assuming inout for all ports.
  signal \clk: input \clk
  signal \reset: input \reset
  signal $add$life.tlv:76$457_Y[0]: internal
  signal $add$life.tlv:76$457_Y[1]: internal
  signal \BoardY_BoardX_Life_DEFAULT_Yy_Xx_alive_a2[64]: input \BoardY_BoardX_Life_DEFAULT_Yy_Xx_alive_a2[64]
  signal $add$life.tlv:80$601_Y[1]: internal
  signal $add$life.tlv:80$601_Y[2]: internal
  signal $add$life.tlv:80$601_Y[3]: internal
  signal \BoardY_BoardX_Life_DEFAULT_Yy_Xx_row_cnt_a1[74][0]: output \BoardY_BoardX_Life_DEFAULT_Yy_Xx_row_cnt_a1[74][0]
  signal \BoardY_BoardX_Life_DEFAULT_Yy_Xx_row_cnt_a1[74][1]: output \BoardY_BoardX_Life_DEFAULT_Yy_Xx_row_cnt_a1[74][1]
  signal \BoardY_BoardX_Life_DEFAULT_Yy_Xx_alive_a1[75]: input \BoardY_BoardX_Life_DEFAULT_Yy_Xx_alive_a1[75]
  signal \BoardY_BoardX_Life_DEFAULT_Yy_Xx_row_cnt_a1[54][0]: input \BoardY_BoardX_Life_DEFAULT_Yy_Xx_row_cnt_a1[54][0]
  signal \BoardY_BoardX_Life_DEFAULT_Yy_Xx_row_cnt_a1[54][1]: input \BoardY_BoardX_Life_DEFAULT_Yy_Xx_row_cnt_a1[54][1]
  signal \BoardY_BoardX_Life_DEFAULT_Yy_Xx_cnt_a1[64][0]: internal
  signal \BoardY_BoardX_Life_DEFAULT_Yy_Xx_cnt_a1[64][1]: internal
  signal \BoardY_BoardX_Life_DEFAULT_Yy_Xx_cnt_a1[64][2]: internal
  signal \BoardY_BoardX_Life_DEFAULT_Yy_Xx_cnt_a1[64][3]: internal
  signal \BoardY_BoardX_Life_DEFAULT_Yy_Xx_row_cnt_a1[64][0]: input \BoardY_BoardX_Life_DEFAULT_Yy_Xx_row_cnt_a1[64][0]
  signal \BoardY_BoardX_Life_DEFAULT_Yy_Xx_row_cnt_a1[64][1]: input \BoardY_BoardX_Life_DEFAULT_Yy_Xx_row_cnt_a1[64][1]
  signal \RW_rand_raw[29]: input \RW_rand_raw[29]
  signal $add$life.tlv:80$601_Y[0]: internal
  signal \BoardY_BoardX_Life_DEFAULT_Yy_Xx_alive_a1[64]: output \BoardY_BoardX_Life_DEFAULT_Yy_Xx_alive_a1[64]
  signal \BoardY_BoardX_Life_DEFAULT_Yy_Xx_alive_a2[73]: input \BoardY_BoardX_Life_DEFAULT_Yy_Xx_alive_a2[73]
  signal \BoardY_BoardX_Life_DEFAULT_Yy_Xx_alive_a2[75]: output \BoardY_BoardX_Life_DEFAULT_Yy_Xx_alive_a2[75]
  signal \BoardY_BoardX_Life_DEFAULT_Yy_Xx_alive_a2[74]: input \BoardY_BoardX_Life_DEFAULT_Yy_Xx_alive_a2[74]
  signal $ge$life.tlv:95$604_Y: internal
  signal $le$life.tlv:95$605_Y: internal
  signal $logic_and$life.tlv:95$606_Y: internal
  signal $eq$life.tlv:96$607_Y: internal
  signal $ternary$life.tlv:95$608_Y: internal
  cell $ternary$life.tlv:95$608 ($mux)
  cell $ternary$life.tlv:94$609 ($mux)
  cell $procdff$1702 ($dff)
  cell $logic_and$life.tlv:95$606 ($logic_and)
  cell $le$life.tlv:95$605 ($le)
  cell $ge$life.tlv:95$604 ($ge)
  cell $eq$life.tlv:96$607 ($eq)
  cell $add$life.tlv:80$603 ($add)
  cell $add$life.tlv:80$601 ($add)
  cell $add$life.tlv:76$459 ($add)
  cell $add$life.tlv:76$457 ($add)

71. Executing SUBMOD pass (moving cells to submodules as requested).

71.1. Executing OPT_CLEAN pass (remove unused cells and wires).
Finding unused cells or wires in module \top..
Removed 0 unused cells and 15 unused wires.
<suppressed ~5 debug messages>

71.2. Continuing SUBMOD pass.
Creating submodule life_cell_65 (\life_cell_65) of module \top.
Warning: Port directions for cell \pseudo_rand (\pseudo_rand) are unknown. Assuming inout for all ports.
  signal \clk: input \clk
  signal $add$life.tlv:80$587_Y[0]: internal
  signal $add$life.tlv:80$587_Y[1]: internal
  signal $add$life.tlv:80$587_Y[2]: internal
  signal $add$life.tlv:80$587_Y[3]: internal
  signal \reset: input \reset
  signal \BoardY_BoardX_Life_DEFAULT_Yy_Xx_alive_a2[76]: output \BoardY_BoardX_Life_DEFAULT_Yy_Xx_alive_a2[76]
  signal \BoardY_BoardX_Life_DEFAULT_Yy_Xx_row_cnt_a1[65][0]: input \BoardY_BoardX_Life_DEFAULT_Yy_Xx_row_cnt_a1[65][0]
  signal \BoardY_BoardX_Life_DEFAULT_Yy_Xx_row_cnt_a1[65][1]: input \BoardY_BoardX_Life_DEFAULT_Yy_Xx_row_cnt_a1[65][1]
  signal \BoardY_BoardX_Life_DEFAULT_Yy_Xx_cnt_a1[65][2]: internal
  signal \BoardY_BoardX_Life_DEFAULT_Yy_Xx_cnt_a1[65][3]: internal
  signal \BoardY_BoardX_Life_DEFAULT_Yy_Xx_cnt_a1[65][0]: internal
  signal \BoardY_BoardX_Life_DEFAULT_Yy_Xx_cnt_a1[65][1]: internal
  signal \BoardY_BoardX_Life_DEFAULT_Yy_Xx_alive_a1[76]: input \BoardY_BoardX_Life_DEFAULT_Yy_Xx_alive_a1[76]
  signal \BoardY_BoardX_Life_DEFAULT_Yy_Xx_row_cnt_a1[75][0]: output \BoardY_BoardX_Life_DEFAULT_Yy_Xx_row_cnt_a1[75][0]
  signal \BoardY_BoardX_Life_DEFAULT_Yy_Xx_row_cnt_a1[75][1]: output \BoardY_BoardX_Life_DEFAULT_Yy_Xx_row_cnt_a1[75][1]
  signal \RW_rand_raw[3]: input \RW_rand_raw[3]
  signal $add$life.tlv:76$443_Y[0]: internal
  signal $add$life.tlv:76$443_Y[1]: internal
  signal \BoardY_BoardX_Life_DEFAULT_Yy_Xx_alive_a1[65]: output \BoardY_BoardX_Life_DEFAULT_Yy_Xx_alive_a1[65]
  signal \BoardY_BoardX_Life_DEFAULT_Yy_Xx_alive_a2[65]: input \BoardY_BoardX_Life_DEFAULT_Yy_Xx_alive_a2[65]
  signal \BoardY_BoardX_Life_DEFAULT_Yy_Xx_alive_a2[75]: input \BoardY_BoardX_Life_DEFAULT_Yy_Xx_alive_a2[75]
  signal \BoardY_BoardX_Life_DEFAULT_Yy_Xx_alive_a2[74]: input \BoardY_BoardX_Life_DEFAULT_Yy_Xx_alive_a2[74]
  signal \BoardY_BoardX_Life_DEFAULT_Yy_Xx_row_cnt_a1[55][0]: input \BoardY_BoardX_Life_DEFAULT_Yy_Xx_row_cnt_a1[55][0]
  signal \BoardY_BoardX_Life_DEFAULT_Yy_Xx_row_cnt_a1[55][1]: input \BoardY_BoardX_Life_DEFAULT_Yy_Xx_row_cnt_a1[55][1]
  signal $ge$life.tlv:95$590_Y: internal
  signal $le$life.tlv:95$591_Y: internal
  signal $logic_and$life.tlv:95$592_Y: internal
  signal $eq$life.tlv:96$593_Y: internal
  signal $ternary$life.tlv:95$594_Y: internal
  cell $ternary$life.tlv:95$594 ($mux)
  cell $ternary$life.tlv:94$595 ($mux)
  cell $procdff$1703 ($dff)
  cell $logic_and$life.tlv:95$592 ($logic_and)
  cell $le$life.tlv:95$591 ($le)
  cell $ge$life.tlv:95$590 ($ge)
  cell $eq$life.tlv:96$593 ($eq)
  cell $add$life.tlv:80$589 ($add)
  cell $add$life.tlv:80$587 ($add)
  cell $add$life.tlv:76$445 ($add)
  cell $add$life.tlv:76$443 ($add)

72. Executing SUBMOD pass (moving cells to submodules as requested).

72.1. Executing OPT_CLEAN pass (remove unused cells and wires).
Finding unused cells or wires in module \top..
Removed 0 unused cells and 15 unused wires.
<suppressed ~5 debug messages>

72.2. Continuing SUBMOD pass.
Creating submodule life_cell_66 (\life_cell_66) of module \top.
Warning: Port directions for cell \pseudo_rand (\pseudo_rand) are unknown. Assuming inout for all ports.
  signal \clk: input \clk
  signal \BoardY_BoardX_Life_DEFAULT_Yy_Xx_row_cnt_a1[76][0]: output \BoardY_BoardX_Life_DEFAULT_Yy_Xx_row_cnt_a1[76][0]
  signal \reset: input \reset
  signal \BoardY_BoardX_Life_DEFAULT_Yy_Xx_alive_a2[76]: input \BoardY_BoardX_Life_DEFAULT_Yy_Xx_alive_a2[76]
  signal \BoardY_BoardX_Life_DEFAULT_Yy_Xx_row_cnt_a1[66][0]: input \BoardY_BoardX_Life_DEFAULT_Yy_Xx_row_cnt_a1[66][0]
  signal \BoardY_BoardX_Life_DEFAULT_Yy_Xx_row_cnt_a1[66][1]: input \BoardY_BoardX_Life_DEFAULT_Yy_Xx_row_cnt_a1[66][1]
  signal $add$life.tlv:80$573_Y[1]: internal
  signal $add$life.tlv:80$573_Y[2]: internal
  signal $add$life.tlv:80$573_Y[3]: internal
  signal \BoardY_BoardX_Life_DEFAULT_Yy_Xx_alive_a1[77]: input \BoardY_BoardX_Life_DEFAULT_Yy_Xx_alive_a1[77]
  signal \BoardY_BoardX_Life_DEFAULT_Yy_Xx_alive_a2[66]: input \BoardY_BoardX_Life_DEFAULT_Yy_Xx_alive_a2[66]
  signal \BoardY_BoardX_Life_DEFAULT_Yy_Xx_row_cnt_a1[76][1]: output \BoardY_BoardX_Life_DEFAULT_Yy_Xx_row_cnt_a1[76][1]
  signal $add$life.tlv:76$429_Y[0]: internal
  signal $add$life.tlv:76$429_Y[1]: internal
  signal \RW_rand_raw[5]: input \RW_rand_raw[5]
  signal $add$life.tlv:80$573_Y[0]: internal
  signal \BoardY_BoardX_Life_DEFAULT_Yy_Xx_alive_a1[66]: output \BoardY_BoardX_Life_DEFAULT_Yy_Xx_alive_a1[66]
  signal \BoardY_BoardX_Life_DEFAULT_Yy_Xx_alive_a2[77]: output \BoardY_BoardX_Life_DEFAULT_Yy_Xx_alive_a2[77]
  signal \BoardY_BoardX_Life_DEFAULT_Yy_Xx_alive_a2[75]: input \BoardY_BoardX_Life_DEFAULT_Yy_Xx_alive_a2[75]
  signal \BoardY_BoardX_Life_DEFAULT_Yy_Xx_cnt_a1[66][0]: internal
  signal \BoardY_BoardX_Life_DEFAULT_Yy_Xx_cnt_a1[66][1]: internal
  signal \BoardY_BoardX_Life_DEFAULT_Yy_Xx_cnt_a1[66][2]: internal
  signal \BoardY_BoardX_Life_DEFAULT_Yy_Xx_cnt_a1[66][3]: internal
  signal $ge$life.tlv:95$576_Y: internal
  signal $le$life.tlv:95$577_Y: internal
  signal $logic_and$life.tlv:95$578_Y: internal
  signal $eq$life.tlv:96$579_Y: internal
  signal $ternary$life.tlv:95$580_Y: internal
  signal \BoardY_BoardX_Life_DEFAULT_Yy_Xx_row_cnt_a1[56][0]: input \BoardY_BoardX_Life_DEFAULT_Yy_Xx_row_cnt_a1[56][0]
  signal \BoardY_BoardX_Life_DEFAULT_Yy_Xx_row_cnt_a1[56][1]: input \BoardY_BoardX_Life_DEFAULT_Yy_Xx_row_cnt_a1[56][1]
  cell $ternary$life.tlv:95$580 ($mux)
  cell $ternary$life.tlv:94$581 ($mux)
  cell $procdff$1704 ($dff)
  cell $logic_and$life.tlv:95$578 ($logic_and)
  cell $le$life.tlv:95$577 ($le)
  cell $ge$life.tlv:95$576 ($ge)
  cell $eq$life.tlv:96$579 ($eq)
  cell $add$life.tlv:80$575 ($add)
  cell $add$life.tlv:80$573 ($add)
  cell $add$life.tlv:76$431 ($add)
  cell $add$life.tlv:76$429 ($add)

73. Executing SUBMOD pass (moving cells to submodules as requested).

73.1. Executing OPT_CLEAN pass (remove unused cells and wires).
Finding unused cells or wires in module \top..
Removed 0 unused cells and 15 unused wires.
<suppressed ~5 debug messages>

73.2. Continuing SUBMOD pass.
Creating submodule life_cell_67 (\life_cell_67) of module \top.
Warning: Port directions for cell \pseudo_rand (\pseudo_rand) are unknown. Assuming inout for all ports.
  signal \clk: input \clk
  signal \reset: input \reset
  signal \BoardY_BoardX_Life_DEFAULT_Yy_Xx_row_cnt_a1[57][0]: input \BoardY_BoardX_Life_DEFAULT_Yy_Xx_row_cnt_a1[57][0]
  signal \BoardY_BoardX_Life_DEFAULT_Yy_Xx_row_cnt_a1[57][1]: input \BoardY_BoardX_Life_DEFAULT_Yy_Xx_row_cnt_a1[57][1]
  signal \BoardY_BoardX_Life_DEFAULT_Yy_Xx_alive_a2[76]: input \BoardY_BoardX_Life_DEFAULT_Yy_Xx_alive_a2[76]
  signal \BoardY_BoardX_Life_DEFAULT_Yy_Xx_row_cnt_a1[67][0]: input \BoardY_BoardX_Life_DEFAULT_Yy_Xx_row_cnt_a1[67][0]
  signal \BoardY_BoardX_Life_DEFAULT_Yy_Xx_row_cnt_a1[67][1]: input \BoardY_BoardX_Life_DEFAULT_Yy_Xx_row_cnt_a1[67][1]
  signal $add$life.tlv:76$415_Y[0]: internal
  signal $add$life.tlv:76$415_Y[1]: internal
  signal \BoardY_BoardX_Life_DEFAULT_Yy_Xx_alive_a1[78]: input \BoardY_BoardX_Life_DEFAULT_Yy_Xx_alive_a1[78]
  signal \BoardY_BoardX_Life_DEFAULT_Yy_Xx_alive_a2[67]: input \BoardY_BoardX_Life_DEFAULT_Yy_Xx_alive_a2[67]
  signal \RW_rand_raw[15]: input \RW_rand_raw[15]
  signal $add$life.tlv:80$559_Y[0]: internal
  signal $add$life.tlv:80$559_Y[1]: internal
  signal $add$life.tlv:80$559_Y[2]: internal
  signal $add$life.tlv:80$559_Y[3]: internal
  signal \BoardY_BoardX_Life_DEFAULT_Yy_Xx_alive_a1[67]: output \BoardY_BoardX_Life_DEFAULT_Yy_Xx_alive_a1[67]
  signal \BoardY_BoardX_Life_DEFAULT_Yy_Xx_row_cnt_a1[77][0]: output \BoardY_BoardX_Life_DEFAULT_Yy_Xx_row_cnt_a1[77][0]
  signal \BoardY_BoardX_Life_DEFAULT_Yy_Xx_row_cnt_a1[77][1]: output \BoardY_BoardX_Life_DEFAULT_Yy_Xx_row_cnt_a1[77][1]
  signal \BoardY_BoardX_Life_DEFAULT_Yy_Xx_alive_a2[77]: input \BoardY_BoardX_Life_DEFAULT_Yy_Xx_alive_a2[77]
  signal \BoardY_BoardX_Life_DEFAULT_Yy_Xx_alive_a2[78]: output \BoardY_BoardX_Life_DEFAULT_Yy_Xx_alive_a2[78]
  signal $ge$life.tlv:95$562_Y: internal
  signal $le$life.tlv:95$563_Y: internal
  signal $logic_and$life.tlv:95$564_Y: internal
  signal $eq$life.tlv:96$565_Y: internal
  signal $ternary$life.tlv:95$566_Y: internal
  signal \BoardY_BoardX_Life_DEFAULT_Yy_Xx_cnt_a1[67][1]: internal
  signal \BoardY_BoardX_Life_DEFAULT_Yy_Xx_cnt_a1[67][2]: internal
  signal \BoardY_BoardX_Life_DEFAULT_Yy_Xx_cnt_a1[67][3]: internal
  signal \BoardY_BoardX_Life_DEFAULT_Yy_Xx_cnt_a1[67][0]: internal
  cell $ternary$life.tlv:95$566 ($mux)
  cell $ternary$life.tlv:94$567 ($mux)
  cell $procdff$1705 ($dff)
  cell $logic_and$life.tlv:95$564 ($logic_and)
  cell $le$life.tlv:95$563 ($le)
  cell $ge$life.tlv:95$562 ($ge)
  cell $eq$life.tlv:96$565 ($eq)
  cell $add$life.tlv:80$561 ($add)
  cell $add$life.tlv:80$559 ($add)
  cell $add$life.tlv:76$417 ($add)
  cell $add$life.tlv:76$415 ($add)

74. Executing SUBMOD pass (moving cells to submodules as requested).

74.1. Executing OPT_CLEAN pass (remove unused cells and wires).
Finding unused cells or wires in module \top..
Removed 0 unused cells and 15 unused wires.
<suppressed ~5 debug messages>

74.2. Continuing SUBMOD pass.
Creating submodule life_cell_68 (\life_cell_68) of module \top.
Warning: Port directions for cell \pseudo_rand (\pseudo_rand) are unknown. Assuming inout for all ports.
  signal \BoardY_BoardX_Life_DEFAULT_Yy_Xx_cnt_a1[68][1]: internal
  signal \clk: input \clk
  signal \BoardY_BoardX_Life_DEFAULT_Yy_Xx_row_cnt_a1[78][0]: output \BoardY_BoardX_Life_DEFAULT_Yy_Xx_row_cnt_a1[78][0]
  signal \reset: input \reset
  signal \BoardY_BoardX_Life_DEFAULT_Yy_Xx_row_cnt_a1[78][1]: output \BoardY_BoardX_Life_DEFAULT_Yy_Xx_row_cnt_a1[78][1]
  signal \BoardY_BoardX_Life_DEFAULT_Yy_Xx_alive_a2[68]: input \BoardY_BoardX_Life_DEFAULT_Yy_Xx_alive_a2[68]
  signal \BoardY_BoardX_Life_DEFAULT_Yy_Xx_alive_a1[79]: input \BoardY_BoardX_Life_DEFAULT_Yy_Xx_alive_a1[79]
  signal \BoardY_BoardX_Life_DEFAULT_Yy_Xx_row_cnt_a1[68][1]: input \BoardY_BoardX_Life_DEFAULT_Yy_Xx_row_cnt_a1[68][1]
  signal \BoardY_BoardX_Life_DEFAULT_Yy_Xx_cnt_a1[68][3]: internal
  signal $add$life.tlv:80$545_Y[0]: internal
  signal $add$life.tlv:80$545_Y[1]: internal
  signal $add$life.tlv:80$545_Y[2]: internal
  signal $add$life.tlv:80$545_Y[3]: internal
  signal \RW_rand_raw[5]: input \RW_rand_raw[5]
  signal \BoardY_BoardX_Life_DEFAULT_Yy_Xx_row_cnt_a1[68][0]: input \BoardY_BoardX_Life_DEFAULT_Yy_Xx_row_cnt_a1[68][0]
  signal \BoardY_BoardX_Life_DEFAULT_Yy_Xx_alive_a1[68]: output \BoardY_BoardX_Life_DEFAULT_Yy_Xx_alive_a1[68]
  signal \BoardY_BoardX_Life_DEFAULT_Yy_Xx_row_cnt_a1[58][0]: input \BoardY_BoardX_Life_DEFAULT_Yy_Xx_row_cnt_a1[58][0]
  signal \BoardY_BoardX_Life_DEFAULT_Yy_Xx_row_cnt_a1[58][1]: input \BoardY_BoardX_Life_DEFAULT_Yy_Xx_row_cnt_a1[58][1]
  signal $add$life.tlv:76$401_Y[0]: internal
  signal $add$life.tlv:76$401_Y[1]: internal
  signal \BoardY_BoardX_Life_DEFAULT_Yy_Xx_cnt_a1[68][2]: internal
  signal \BoardY_BoardX_Life_DEFAULT_Yy_Xx_cnt_a1[68][0]: internal
  signal \BoardY_BoardX_Life_DEFAULT_Yy_Xx_alive_a2[77]: input \BoardY_BoardX_Life_DEFAULT_Yy_Xx_alive_a2[77]
  signal \BoardY_BoardX_Life_DEFAULT_Yy_Xx_alive_a2[79]: output \BoardY_BoardX_Life_DEFAULT_Yy_Xx_alive_a2[79]
  signal \BoardY_BoardX_Life_DEFAULT_Yy_Xx_alive_a2[78]: input \BoardY_BoardX_Life_DEFAULT_Yy_Xx_alive_a2[78]
  signal $ge$life.tlv:95$548_Y: internal
  signal $le$life.tlv:95$549_Y: internal
  signal $logic_and$life.tlv:95$550_Y: internal
  signal $eq$life.tlv:96$551_Y: internal
  signal $ternary$life.tlv:95$552_Y: internal
  cell $ternary$life.tlv:95$552 ($mux)
  cell $ternary$life.tlv:94$553 ($mux)
  cell $procdff$1706 ($dff)
  cell $logic_and$life.tlv:95$550 ($logic_and)
  cell $le$life.tlv:95$549 ($le)
  cell $ge$life.tlv:95$548 ($ge)
  cell $eq$life.tlv:96$551 ($eq)
  cell $add$life.tlv:80$547 ($add)
  cell $add$life.tlv:80$545 ($add)
  cell $add$life.tlv:76$403 ($add)
  cell $add$life.tlv:76$401 ($add)

75. Executing SUBMOD pass (moving cells to submodules as requested).

75.1. Executing OPT_CLEAN pass (remove unused cells and wires).
Finding unused cells or wires in module \top..
Removed 0 unused cells and 15 unused wires.
<suppressed ~5 debug messages>

75.2. Continuing SUBMOD pass.
Creating submodule life_cell_69 (\life_cell_69) of module \top.
Warning: Port directions for cell \pseudo_rand (\pseudo_rand) are unknown. Assuming inout for all ports.
  signal \BoardY_BoardX_Life_DEFAULT_Yy_Xx_alive_a1[69]: output \BoardY_BoardX_Life_DEFAULT_Yy_Xx_alive_a1[69]
  signal $add$life.tlv:80$531_Y[3]: internal
  signal \reset: input \reset
  signal $add$life.tlv:76$387_Y[0]: internal
  signal $add$life.tlv:76$387_Y[1]: internal
  signal \BoardY_BoardX_Life_DEFAULT_Yy_Xx_cnt_a1[69][3]: internal
  signal \BoardY_BoardX_Life_DEFAULT_Yy_Xx_cnt_a1[69][0]: internal
  signal \BoardY_BoardX_Life_DEFAULT_Yy_Xx_cnt_a1[69][1]: internal
  signal \BoardY_BoardX_Life_DEFAULT_Yy_Xx_cnt_a1[69][2]: internal
  signal \BoardY_BoardX_Life_DEFAULT_Yy_Xx_row_cnt_a1[79][0]: output \BoardY_BoardX_Life_DEFAULT_Yy_Xx_row_cnt_a1[79][0]
  signal \BoardY_BoardX_Life_DEFAULT_Yy_Xx_row_cnt_a1[79][1]: output \BoardY_BoardX_Life_DEFAULT_Yy_Xx_row_cnt_a1[79][1]
  signal \RW_rand_raw[3]: input \RW_rand_raw[3]
  signal \BoardY_BoardX_Life_DEFAULT_Yy_Xx_row_cnt_a1[69][0]: input \BoardY_BoardX_Life_DEFAULT_Yy_Xx_row_cnt_a1[69][0]
  signal $add$life.tlv:80$531_Y[0]: internal
  signal $add$life.tlv:80$531_Y[1]: internal
  signal $add$life.tlv:80$531_Y[2]: internal
  signal \BoardY_BoardX_Life_DEFAULT_Yy_Xx_row_cnt_a1[69][1]: input \BoardY_BoardX_Life_DEFAULT_Yy_Xx_row_cnt_a1[69][1]
  signal \BoardY_BoardX_Life_DEFAULT_Yy_Xx_row_cnt_a1[59][0]: input \BoardY_BoardX_Life_DEFAULT_Yy_Xx_row_cnt_a1[59][0]
  signal \BoardY_BoardX_Life_DEFAULT_Yy_Xx_row_cnt_a1[59][1]: input \BoardY_BoardX_Life_DEFAULT_Yy_Xx_row_cnt_a1[59][1]
  signal \BoardY_BoardX_Life_DEFAULT_Yy_Xx_alive_a2[69]: input \BoardY_BoardX_Life_DEFAULT_Yy_Xx_alive_a2[69]
  signal \BoardY_BoardX_Life_DEFAULT_Yy_Xx_alive_a2[79]: input \BoardY_BoardX_Life_DEFAULT_Yy_Xx_alive_a2[79]
  signal \BoardY_BoardX_Life_DEFAULT_Yy_Xx_alive_a2[78]: input \BoardY_BoardX_Life_DEFAULT_Yy_Xx_alive_a2[78]
  signal $ge$life.tlv:95$534_Y: internal
  signal $le$life.tlv:95$535_Y: internal
  signal $logic_and$life.tlv:95$536_Y: internal
  signal $eq$life.tlv:96$537_Y: internal
  signal $ternary$life.tlv:95$538_Y: internal
  cell $ternary$life.tlv:95$538 ($mux)
  cell $ternary$life.tlv:94$539 ($mux)
  cell $logic_and$life.tlv:95$536 ($logic_and)
  cell $le$life.tlv:95$535 ($le)
  cell $ge$life.tlv:95$534 ($ge)
  cell $eq$life.tlv:96$537 ($eq)
  cell $add$life.tlv:80$533 ($add)
  cell $add$life.tlv:80$531 ($add)
  cell $add$life.tlv:76$389 ($add)
  cell $add$life.tlv:76$387 ($add)

76. Executing SUBMOD pass (moving cells to submodules as requested).

76.1. Executing OPT_CLEAN pass (remove unused cells and wires).
Finding unused cells or wires in module \top..
Removed 0 unused cells and 15 unused wires.
<suppressed ~5 debug messages>

76.2. Continuing SUBMOD pass.
Creating submodule life_cell_70 (\life_cell_70) of module \top.
Warning: Port directions for cell \pseudo_rand (\pseudo_rand) are unknown. Assuming inout for all ports.
  signal \clk: input \clk
  signal \BoardY_BoardX_Life_DEFAULT_Yy_Xx_cnt_a1[70][2]: internal
  signal \BoardY_BoardX_Life_DEFAULT_Yy_Xx_cnt_a1[70][3]: internal
  signal \reset: input \reset
  signal \BoardY_BoardX_Life_DEFAULT_Yy_Xx_alive_a1[70]: output \BoardY_BoardX_Life_DEFAULT_Yy_Xx_alive_a1[70]
  signal $add$life.tlv:80$517_Y[0]: internal
  signal $add$life.tlv:80$517_Y[1]: internal
  signal $add$life.tlv:80$517_Y[2]: internal
  signal $add$life.tlv:80$517_Y[3]: internal
  signal \BoardY_BoardX_Life_DEFAULT_Yy_Xx_alive_a1[81]: input \BoardY_BoardX_Life_DEFAULT_Yy_Xx_alive_a1[81]
  signal $add$life.tlv:76$373_Y[0]: internal
  signal $add$life.tlv:76$373_Y[1]: internal
  signal \BoardY_BoardX_Life_DEFAULT_Yy_Xx_row_cnt_a1[80][1]: output \BoardY_BoardX_Life_DEFAULT_Yy_Xx_row_cnt_a1[80][1]
  signal \RW_rand_raw[15]: input \RW_rand_raw[15]
  signal \BoardY_BoardX_Life_DEFAULT_Yy_Xx_alive_a1[80]: input \BoardY_BoardX_Life_DEFAULT_Yy_Xx_alive_a1[80]
  signal \BoardY_BoardX_Life_DEFAULT_Yy_Xx_row_cnt_a1[70][0]: input \BoardY_BoardX_Life_DEFAULT_Yy_Xx_row_cnt_a1[70][0]
  signal \BoardY_BoardX_Life_DEFAULT_Yy_Xx_row_cnt_a1[70][1]: input \BoardY_BoardX_Life_DEFAULT_Yy_Xx_row_cnt_a1[70][1]
  signal \BoardY_BoardX_Life_DEFAULT_Yy_Xx_cnt_a1[70][0]: internal
  signal \BoardY_BoardX_Life_DEFAULT_Yy_Xx_cnt_a1[70][1]: internal
  signal \BoardY_BoardX_Life_DEFAULT_Yy_Xx_row_cnt_a1[60][0]: input \BoardY_BoardX_Life_DEFAULT_Yy_Xx_row_cnt_a1[60][0]
  signal \BoardY_BoardX_Life_DEFAULT_Yy_Xx_row_cnt_a1[80][0]: output \BoardY_BoardX_Life_DEFAULT_Yy_Xx_row_cnt_a1[80][0]
  signal \BoardY_BoardX_Life_DEFAULT_Yy_Xx_row_cnt_a1[60][1]: input \BoardY_BoardX_Life_DEFAULT_Yy_Xx_row_cnt_a1[60][1]
  signal \BoardY_BoardX_Life_DEFAULT_Yy_Xx_alive_a2[70]: input \BoardY_BoardX_Life_DEFAULT_Yy_Xx_alive_a2[70]
  signal \BoardY_BoardX_Life_DEFAULT_Yy_Xx_alive_a2[81]: output \BoardY_BoardX_Life_DEFAULT_Yy_Xx_alive_a2[81]
  signal \BoardY_BoardX_Life_DEFAULT_Yy_Xx_alive_a2[80]: output \BoardY_BoardX_Life_DEFAULT_Yy_Xx_alive_a2[80]
  signal $ge$life.tlv:95$520_Y: internal
  signal $le$life.tlv:95$521_Y: internal
  signal $logic_and$life.tlv:95$522_Y: internal
  signal $eq$life.tlv:96$523_Y: internal
  signal $ternary$life.tlv:95$524_Y: internal
  cell $ternary$life.tlv:95$524 ($mux)
  cell $ternary$life.tlv:94$525 ($mux)
  cell $procdff$1708 ($dff)
  cell $procdff$1707 ($dff)
  cell $logic_and$life.tlv:95$522 ($logic_and)
  cell $le$life.tlv:95$521 ($le)
  cell $ge$life.tlv:95$520 ($ge)
  cell $eq$life.tlv:96$523 ($eq)
  cell $add$life.tlv:80$519 ($add)
  cell $add$life.tlv:80$517 ($add)
  cell $add$life.tlv:76$375 ($add)
  cell $add$life.tlv:76$373 ($add)

77. Executing SUBMOD pass (moving cells to submodules as requested).

77.1. Executing OPT_CLEAN pass (remove unused cells and wires).
Finding unused cells or wires in module \top..
Removed 0 unused cells and 15 unused wires.
<suppressed ~5 debug messages>

77.2. Continuing SUBMOD pass.
Creating submodule life_cell_71 (\life_cell_71) of module \top.
Warning: Port directions for cell \pseudo_rand (\pseudo_rand) are unknown. Assuming inout for all ports.
  signal \clk: input \clk
  signal $add$life.tlv:76$359_Y[0]: internal
  signal $add$life.tlv:76$359_Y[1]: internal
  signal \reset: input \reset
  signal \RW_rand_raw[10]: input \RW_rand_raw[10]
  signal $add$life.tlv:80$503_Y[0]: internal
  signal $add$life.tlv:80$503_Y[1]: internal
  signal \BoardY_BoardX_Life_DEFAULT_Yy_Xx_row_cnt_a1[61][0]: input \BoardY_BoardX_Life_DEFAULT_Yy_Xx_row_cnt_a1[61][0]
  signal \BoardY_BoardX_Life_DEFAULT_Yy_Xx_row_cnt_a1[61][1]: input \BoardY_BoardX_Life_DEFAULT_Yy_Xx_row_cnt_a1[61][1]
  signal \BoardY_BoardX_Life_DEFAULT_Yy_Xx_row_cnt_a1[71][0]: input \BoardY_BoardX_Life_DEFAULT_Yy_Xx_row_cnt_a1[71][0]
  signal \BoardY_BoardX_Life_DEFAULT_Yy_Xx_row_cnt_a1[71][1]: input \BoardY_BoardX_Life_DEFAULT_Yy_Xx_row_cnt_a1[71][1]
  signal \BoardY_BoardX_Life_DEFAULT_Yy_Xx_row_cnt_a1[81][0]: output \BoardY_BoardX_Life_DEFAULT_Yy_Xx_row_cnt_a1[81][0]
  signal \BoardY_BoardX_Life_DEFAULT_Yy_Xx_row_cnt_a1[81][1]: output \BoardY_BoardX_Life_DEFAULT_Yy_Xx_row_cnt_a1[81][1]
  signal \BoardY_BoardX_Life_DEFAULT_Yy_Xx_alive_a1[82]: input \BoardY_BoardX_Life_DEFAULT_Yy_Xx_alive_a1[82]
  signal \BoardY_BoardX_Life_DEFAULT_Yy_Xx_cnt_a1[71][1]: internal
  signal \BoardY_BoardX_Life_DEFAULT_Yy_Xx_cnt_a1[71][2]: internal
  signal \BoardY_BoardX_Life_DEFAULT_Yy_Xx_cnt_a1[71][3]: internal
  signal $add$life.tlv:80$503_Y[2]: internal
  signal $add$life.tlv:80$503_Y[3]: internal
  signal \BoardY_BoardX_Life_DEFAULT_Yy_Xx_alive_a1[71]: output \BoardY_BoardX_Life_DEFAULT_Yy_Xx_alive_a1[71]
  signal \BoardY_BoardX_Life_DEFAULT_Yy_Xx_cnt_a1[71][0]: internal
  signal \BoardY_BoardX_Life_DEFAULT_Yy_Xx_alive_a2[82]: output \BoardY_BoardX_Life_DEFAULT_Yy_Xx_alive_a2[82]
  signal \BoardY_BoardX_Life_DEFAULT_Yy_Xx_alive_a2[81]: input \BoardY_BoardX_Life_DEFAULT_Yy_Xx_alive_a2[81]
  signal \BoardY_BoardX_Life_DEFAULT_Yy_Xx_alive_a2[71]: input \BoardY_BoardX_Life_DEFAULT_Yy_Xx_alive_a2[71]
  signal \BoardY_BoardX_Life_DEFAULT_Yy_Xx_alive_a2[80]: input \BoardY_BoardX_Life_DEFAULT_Yy_Xx_alive_a2[80]
  signal $ge$life.tlv:95$506_Y: internal
  signal $le$life.tlv:95$507_Y: internal
  signal $logic_and$life.tlv:95$508_Y: internal
  signal $eq$life.tlv:96$509_Y: internal
  signal $ternary$life.tlv:95$510_Y: internal
  cell $ternary$life.tlv:95$510 ($mux)
  cell $ternary$life.tlv:94$511 ($mux)
  cell $procdff$1709 ($dff)
  cell $logic_and$life.tlv:95$508 ($logic_and)
  cell $le$life.tlv:95$507 ($le)
  cell $ge$life.tlv:95$506 ($ge)
  cell $eq$life.tlv:96$509 ($eq)
  cell $add$life.tlv:80$505 ($add)
  cell $add$life.tlv:80$503 ($add)
  cell $add$life.tlv:76$361 ($add)
  cell $add$life.tlv:76$359 ($add)

78. Executing SUBMOD pass (moving cells to submodules as requested).

78.1. Executing OPT_CLEAN pass (remove unused cells and wires).
Finding unused cells or wires in module \top..
Removed 0 unused cells and 15 unused wires.
<suppressed ~5 debug messages>

78.2. Continuing SUBMOD pass.
Creating submodule life_cell_72 (\life_cell_72) of module \top.
Warning: Port directions for cell \pseudo_rand (\pseudo_rand) are unknown. Assuming inout for all ports.
  signal \clk: input \clk
  signal \reset: input \reset
  signal \BoardY_BoardX_Life_DEFAULT_Yy_Xx_alive_a1[72]: output \BoardY_BoardX_Life_DEFAULT_Yy_Xx_alive_a1[72]
  signal \BoardY_BoardX_Life_DEFAULT_Yy_Xx_row_cnt_a1[72][0]: input \BoardY_BoardX_Life_DEFAULT_Yy_Xx_row_cnt_a1[72][0]
  signal \BoardY_BoardX_Life_DEFAULT_Yy_Xx_row_cnt_a1[72][1]: input \BoardY_BoardX_Life_DEFAULT_Yy_Xx_row_cnt_a1[72][1]
  signal \BoardY_BoardX_Life_DEFAULT_Yy_Xx_row_cnt_a1[62][0]: input \BoardY_BoardX_Life_DEFAULT_Yy_Xx_row_cnt_a1[62][0]
  signal \BoardY_BoardX_Life_DEFAULT_Yy_Xx_row_cnt_a1[62][1]: input \BoardY_BoardX_Life_DEFAULT_Yy_Xx_row_cnt_a1[62][1]
  signal \BoardY_BoardX_Life_DEFAULT_Yy_Xx_cnt_a1[72][0]: internal
  signal \BoardY_BoardX_Life_DEFAULT_Yy_Xx_cnt_a1[72][1]: internal
  signal \BoardY_BoardX_Life_DEFAULT_Yy_Xx_cnt_a1[72][2]: internal
  signal \BoardY_BoardX_Life_DEFAULT_Yy_Xx_cnt_a1[72][3]: internal
  signal \BoardY_BoardX_Life_DEFAULT_Yy_Xx_alive_a1[83]: input \BoardY_BoardX_Life_DEFAULT_Yy_Xx_alive_a1[83]
  signal \RW_rand_raw[25]: input \RW_rand_raw[25]
  signal \BoardY_BoardX_Life_DEFAULT_Yy_Xx_row_cnt_a1[82][0]: output \BoardY_BoardX_Life_DEFAULT_Yy_Xx_row_cnt_a1[82][0]
  signal \BoardY_BoardX_Life_DEFAULT_Yy_Xx_row_cnt_a1[82][1]: output \BoardY_BoardX_Life_DEFAULT_Yy_Xx_row_cnt_a1[82][1]
  signal $add$life.tlv:80$489_Y[0]: internal
  signal $add$life.tlv:80$489_Y[1]: internal
  signal $add$life.tlv:80$489_Y[2]: internal
  signal $add$life.tlv:80$489_Y[3]: internal
  signal $add$life.tlv:76$345_Y[0]: internal
  signal $add$life.tlv:76$345_Y[1]: internal
  signal \BoardY_BoardX_Life_DEFAULT_Yy_Xx_alive_a2[83]: output \BoardY_BoardX_Life_DEFAULT_Yy_Xx_alive_a2[83]
  signal \BoardY_BoardX_Life_DEFAULT_Yy_Xx_alive_a2[82]: input \BoardY_BoardX_Life_DEFAULT_Yy_Xx_alive_a2[82]
  signal \BoardY_BoardX_Life_DEFAULT_Yy_Xx_alive_a2[81]: input \BoardY_BoardX_Life_DEFAULT_Yy_Xx_alive_a2[81]
  signal \BoardY_BoardX_Life_DEFAULT_Yy_Xx_alive_a2[72]: input \BoardY_BoardX_Life_DEFAULT_Yy_Xx_alive_a2[72]
  signal $ge$life.tlv:95$492_Y: internal
  signal $le$life.tlv:95$493_Y: internal
  signal $logic_and$life.tlv:95$494_Y: internal
  signal $eq$life.tlv:96$495_Y: internal
  signal $ternary$life.tlv:95$496_Y: internal
  cell $ternary$life.tlv:95$496 ($mux)
  cell $ternary$life.tlv:94$497 ($mux)
  cell $procdff$1710 ($dff)
  cell $logic_and$life.tlv:95$494 ($logic_and)
  cell $le$life.tlv:95$493 ($le)
  cell $ge$life.tlv:95$492 ($ge)
  cell $eq$life.tlv:96$495 ($eq)
  cell $add$life.tlv:80$491 ($add)
  cell $add$life.tlv:80$489 ($add)
  cell $add$life.tlv:76$347 ($add)
  cell $add$life.tlv:76$345 ($add)

79. Executing SUBMOD pass (moving cells to submodules as requested).

79.1. Executing OPT_CLEAN pass (remove unused cells and wires).
Finding unused cells or wires in module \top..
Removed 0 unused cells and 15 unused wires.
<suppressed ~5 debug messages>

79.2. Continuing SUBMOD pass.
Creating submodule life_cell_73 (\life_cell_73) of module \top.
Warning: Port directions for cell \pseudo_rand (\pseudo_rand) are unknown. Assuming inout for all ports.
  signal \clk: input \clk
  signal \BoardY_BoardX_Life_DEFAULT_Yy_Xx_alive_a1[84]: input \BoardY_BoardX_Life_DEFAULT_Yy_Xx_alive_a1[84]
  signal $add$life.tlv:76$331_Y[0]: internal
  signal $add$life.tlv:76$331_Y[1]: internal
  signal \reset: input \reset
  signal \BoardY_BoardX_Life_DEFAULT_Yy_Xx_cnt_a1[73][0]: internal
  signal \BoardY_BoardX_Life_DEFAULT_Yy_Xx_cnt_a1[73][1]: internal
  signal \BoardY_BoardX_Life_DEFAULT_Yy_Xx_cnt_a1[73][2]: internal
  signal \BoardY_BoardX_Life_DEFAULT_Yy_Xx_row_cnt_a1[83][0]: output \BoardY_BoardX_Life_DEFAULT_Yy_Xx_row_cnt_a1[83][0]
  signal \BoardY_BoardX_Life_DEFAULT_Yy_Xx_row_cnt_a1[83][1]: output \BoardY_BoardX_Life_DEFAULT_Yy_Xx_row_cnt_a1[83][1]
  signal \RW_rand_raw[24]: input \RW_rand_raw[24]
  signal $add$life.tlv:80$475_Y[0]: internal
  signal $add$life.tlv:80$475_Y[1]: internal
  signal $add$life.tlv:80$475_Y[2]: internal
  signal $add$life.tlv:80$475_Y[3]: internal
  signal \BoardY_BoardX_Life_DEFAULT_Yy_Xx_alive_a1[73]: output \BoardY_BoardX_Life_DEFAULT_Yy_Xx_alive_a1[73]
  signal \BoardY_BoardX_Life_DEFAULT_Yy_Xx_row_cnt_a1[73][0]: input \BoardY_BoardX_Life_DEFAULT_Yy_Xx_row_cnt_a1[73][0]
  signal \BoardY_BoardX_Life_DEFAULT_Yy_Xx_row_cnt_a1[73][1]: input \BoardY_BoardX_Life_DEFAULT_Yy_Xx_row_cnt_a1[73][1]
  signal \BoardY_BoardX_Life_DEFAULT_Yy_Xx_row_cnt_a1[63][0]: input \BoardY_BoardX_Life_DEFAULT_Yy_Xx_row_cnt_a1[63][0]
  signal \BoardY_BoardX_Life_DEFAULT_Yy_Xx_row_cnt_a1[63][1]: input \BoardY_BoardX_Life_DEFAULT_Yy_Xx_row_cnt_a1[63][1]
  signal \BoardY_BoardX_Life_DEFAULT_Yy_Xx_cnt_a1[73][3]: internal
  signal \BoardY_BoardX_Life_DEFAULT_Yy_Xx_alive_a2[83]: input \BoardY_BoardX_Life_DEFAULT_Yy_Xx_alive_a2[83]
  signal \BoardY_BoardX_Life_DEFAULT_Yy_Xx_alive_a2[84]: output \BoardY_BoardX_Life_DEFAULT_Yy_Xx_alive_a2[84]
  signal \BoardY_BoardX_Life_DEFAULT_Yy_Xx_alive_a2[82]: input \BoardY_BoardX_Life_DEFAULT_Yy_Xx_alive_a2[82]
  signal \BoardY_BoardX_Life_DEFAULT_Yy_Xx_alive_a2[73]: input \BoardY_BoardX_Life_DEFAULT_Yy_Xx_alive_a2[73]
  signal $le$life.tlv:95$479_Y: internal
  signal $ge$life.tlv:95$478_Y: internal
  signal $logic_and$life.tlv:95$480_Y: internal
  signal $eq$life.tlv:96$481_Y: internal
  signal $ternary$life.tlv:95$482_Y: internal
  cell $ternary$life.tlv:95$482 ($mux)
  cell $ternary$life.tlv:94$483 ($mux)
  cell $procdff$1711 ($dff)
  cell $logic_and$life.tlv:95$480 ($logic_and)
  cell $le$life.tlv:95$479 ($le)
  cell $ge$life.tlv:95$478 ($ge)
  cell $eq$life.tlv:96$481 ($eq)
  cell $add$life.tlv:80$477 ($add)
  cell $add$life.tlv:80$475 ($add)
  cell $add$life.tlv:76$333 ($add)
  cell $add$life.tlv:76$331 ($add)

80. Executing SUBMOD pass (moving cells to submodules as requested).

80.1. Executing OPT_CLEAN pass (remove unused cells and wires).
Finding unused cells or wires in module \top..
Removed 0 unused cells and 15 unused wires.
<suppressed ~5 debug messages>

80.2. Continuing SUBMOD pass.
Creating submodule life_cell_74 (\life_cell_74) of module \top.
Warning: Port directions for cell \pseudo_rand (\pseudo_rand) are unknown. Assuming inout for all ports.
  signal \clk: input \clk
  signal $add$life.tlv:76$317_Y[1]: internal
  signal \BoardY_BoardX_Life_DEFAULT_Yy_Xx_alive_a1[74]: output \BoardY_BoardX_Life_DEFAULT_Yy_Xx_alive_a1[74]
  signal \BoardY_BoardX_Life_DEFAULT_Yy_Xx_alive_a1[85]: input \BoardY_BoardX_Life_DEFAULT_Yy_Xx_alive_a1[85]
  signal $add$life.tlv:80$461_Y[3]: internal
  signal \BoardY_BoardX_Life_DEFAULT_Yy_Xx_cnt_a1[74][0]: internal
  signal \reset: input \reset
  signal \BoardY_BoardX_Life_DEFAULT_Yy_Xx_cnt_a1[74][1]: internal
  signal \BoardY_BoardX_Life_DEFAULT_Yy_Xx_cnt_a1[74][2]: internal
  signal \BoardY_BoardX_Life_DEFAULT_Yy_Xx_cnt_a1[74][3]: internal
  signal $add$life.tlv:80$461_Y[0]: internal
  signal $add$life.tlv:80$461_Y[1]: internal
  signal $add$life.tlv:80$461_Y[2]: internal
  signal \BoardY_BoardX_Life_DEFAULT_Yy_Xx_row_cnt_a1[74][0]: input \BoardY_BoardX_Life_DEFAULT_Yy_Xx_row_cnt_a1[74][0]
  signal \BoardY_BoardX_Life_DEFAULT_Yy_Xx_row_cnt_a1[74][1]: input \BoardY_BoardX_Life_DEFAULT_Yy_Xx_row_cnt_a1[74][1]
  signal \RW_rand_raw[27]: input \RW_rand_raw[27]
  signal \BoardY_BoardX_Life_DEFAULT_Yy_Xx_row_cnt_a1[64][0]: input \BoardY_BoardX_Life_DEFAULT_Yy_Xx_row_cnt_a1[64][0]
  signal \BoardY_BoardX_Life_DEFAULT_Yy_Xx_row_cnt_a1[64][1]: input \BoardY_BoardX_Life_DEFAULT_Yy_Xx_row_cnt_a1[64][1]
  signal \BoardY_BoardX_Life_DEFAULT_Yy_Xx_row_cnt_a1[84][0]: output \BoardY_BoardX_Life_DEFAULT_Yy_Xx_row_cnt_a1[84][0]
  signal \BoardY_BoardX_Life_DEFAULT_Yy_Xx_row_cnt_a1[84][1]: output \BoardY_BoardX_Life_DEFAULT_Yy_Xx_row_cnt_a1[84][1]
  signal $add$life.tlv:76$317_Y[0]: internal
  signal \BoardY_BoardX_Life_DEFAULT_Yy_Xx_alive_a2[83]: input \BoardY_BoardX_Life_DEFAULT_Yy_Xx_alive_a2[83]
  signal \BoardY_BoardX_Life_DEFAULT_Yy_Xx_alive_a2[84]: input \BoardY_BoardX_Life_DEFAULT_Yy_Xx_alive_a2[84]
  signal \BoardY_BoardX_Life_DEFAULT_Yy_Xx_alive_a2[85]: output \BoardY_BoardX_Life_DEFAULT_Yy_Xx_alive_a2[85]
  signal \BoardY_BoardX_Life_DEFAULT_Yy_Xx_alive_a2[74]: input \BoardY_BoardX_Life_DEFAULT_Yy_Xx_alive_a2[74]
  signal $ge$life.tlv:95$464_Y: internal
  signal $le$life.tlv:95$465_Y: internal
  signal $logic_and$life.tlv:95$466_Y: internal
  signal $eq$life.tlv:96$467_Y: internal
  signal $ternary$life.tlv:95$468_Y: internal
  cell $ternary$life.tlv:95$468 ($mux)
  cell $ternary$life.tlv:94$469 ($mux)
  cell $procdff$1712 ($dff)
  cell $logic_and$life.tlv:95$466 ($logic_and)
  cell $le$life.tlv:95$465 ($le)
  cell $ge$life.tlv:95$464 ($ge)
  cell $eq$life.tlv:96$467 ($eq)
  cell $add$life.tlv:80$463 ($add)
  cell $add$life.tlv:80$461 ($add)
  cell $add$life.tlv:76$319 ($add)
  cell $add$life.tlv:76$317 ($add)

81. Executing SUBMOD pass (moving cells to submodules as requested).

81.1. Executing OPT_CLEAN pass (remove unused cells and wires).
Finding unused cells or wires in module \top..
Removed 0 unused cells and 15 unused wires.
<suppressed ~5 debug messages>

81.2. Continuing SUBMOD pass.
Creating submodule life_cell_75 (\life_cell_75) of module \top.
Warning: Port directions for cell \pseudo_rand (\pseudo_rand) are unknown. Assuming inout for all ports.
  signal \clk: input \clk
  signal \reset: input \reset
  signal \BoardY_BoardX_Life_DEFAULT_Yy_Xx_alive_a1[86]: input \BoardY_BoardX_Life_DEFAULT_Yy_Xx_alive_a1[86]
  signal \BoardY_BoardX_Life_DEFAULT_Yy_Xx_row_cnt_a1[65][0]: input \BoardY_BoardX_Life_DEFAULT_Yy_Xx_row_cnt_a1[65][0]
  signal \BoardY_BoardX_Life_DEFAULT_Yy_Xx_row_cnt_a1[65][1]: input \BoardY_BoardX_Life_DEFAULT_Yy_Xx_row_cnt_a1[65][1]
  signal $add$life.tlv:80$447_Y[0]: internal
  signal $add$life.tlv:80$447_Y[1]: internal
  signal $add$life.tlv:80$447_Y[2]: internal
  signal $add$life.tlv:80$447_Y[3]: internal
  signal $add$life.tlv:76$303_Y[0]: internal
  signal $add$life.tlv:76$303_Y[1]: internal
  signal \BoardY_BoardX_Life_DEFAULT_Yy_Xx_alive_a2[86]: output \BoardY_BoardX_Life_DEFAULT_Yy_Xx_alive_a2[86]
  signal \BoardY_BoardX_Life_DEFAULT_Yy_Xx_alive_a1[75]: output \BoardY_BoardX_Life_DEFAULT_Yy_Xx_alive_a1[75]
  signal \BoardY_BoardX_Life_DEFAULT_Yy_Xx_row_cnt_a1[75][0]: input \BoardY_BoardX_Life_DEFAULT_Yy_Xx_row_cnt_a1[75][0]
  signal \BoardY_BoardX_Life_DEFAULT_Yy_Xx_row_cnt_a1[75][1]: input \BoardY_BoardX_Life_DEFAULT_Yy_Xx_row_cnt_a1[75][1]
  signal \BoardY_BoardX_Life_DEFAULT_Yy_Xx_row_cnt_a1[85][0]: output \BoardY_BoardX_Life_DEFAULT_Yy_Xx_row_cnt_a1[85][0]
  signal \BoardY_BoardX_Life_DEFAULT_Yy_Xx_row_cnt_a1[85][1]: output \BoardY_BoardX_Life_DEFAULT_Yy_Xx_row_cnt_a1[85][1]
  signal \BoardY_BoardX_Life_DEFAULT_Yy_Xx_cnt_a1[75][2]: internal
  signal \RW_rand_raw[6]: input \RW_rand_raw[6]
  signal \BoardY_BoardX_Life_DEFAULT_Yy_Xx_alive_a2[84]: input \BoardY_BoardX_Life_DEFAULT_Yy_Xx_alive_a2[84]
  signal \BoardY_BoardX_Life_DEFAULT_Yy_Xx_alive_a2[85]: input \BoardY_BoardX_Life_DEFAULT_Yy_Xx_alive_a2[85]
  signal \BoardY_BoardX_Life_DEFAULT_Yy_Xx_alive_a2[75]: input \BoardY_BoardX_Life_DEFAULT_Yy_Xx_alive_a2[75]
  signal $ge$life.tlv:95$450_Y: internal
  signal $le$life.tlv:95$451_Y: internal
  signal $logic_and$life.tlv:95$452_Y: internal
  signal $eq$life.tlv:96$453_Y: internal
  signal $ternary$life.tlv:95$454_Y: internal
  signal \BoardY_BoardX_Life_DEFAULT_Yy_Xx_cnt_a1[75][0]: internal
  signal \BoardY_BoardX_Life_DEFAULT_Yy_Xx_cnt_a1[75][1]: internal
  signal \BoardY_BoardX_Life_DEFAULT_Yy_Xx_cnt_a1[75][3]: internal
  cell $ternary$life.tlv:95$454 ($mux)
  cell $ternary$life.tlv:94$455 ($mux)
  cell $procdff$1713 ($dff)
  cell $logic_and$life.tlv:95$452 ($logic_and)
  cell $le$life.tlv:95$451 ($le)
  cell $ge$life.tlv:95$450 ($ge)
  cell $eq$life.tlv:96$453 ($eq)
  cell $add$life.tlv:80$449 ($add)
  cell $add$life.tlv:80$447 ($add)
  cell $add$life.tlv:76$305 ($add)
  cell $add$life.tlv:76$303 ($add)

82. Executing SUBMOD pass (moving cells to submodules as requested).

82.1. Executing OPT_CLEAN pass (remove unused cells and wires).
Finding unused cells or wires in module \top..
Removed 0 unused cells and 15 unused wires.
<suppressed ~5 debug messages>

82.2. Continuing SUBMOD pass.
Creating submodule life_cell_76 (\life_cell_76) of module \top.
Warning: Port directions for cell \pseudo_rand (\pseudo_rand) are unknown. Assuming inout for all ports.
  signal \clk: input \clk
  signal \BoardY_BoardX_Life_DEFAULT_Yy_Xx_row_cnt_a1[76][0]: input \BoardY_BoardX_Life_DEFAULT_Yy_Xx_row_cnt_a1[76][0]
  signal \reset: input \reset
  signal \RW_rand_raw[13]: input \RW_rand_raw[13]
  signal \BoardY_BoardX_Life_DEFAULT_Yy_Xx_alive_a2[76]: input \BoardY_BoardX_Life_DEFAULT_Yy_Xx_alive_a2[76]
  signal \BoardY_BoardX_Life_DEFAULT_Yy_Xx_row_cnt_a1[66][0]: input \BoardY_BoardX_Life_DEFAULT_Yy_Xx_row_cnt_a1[66][0]
  signal $add$life.tlv:76$289_Y[0]: internal
  signal $add$life.tlv:76$289_Y[1]: internal
  signal \BoardY_BoardX_Life_DEFAULT_Yy_Xx_row_cnt_a1[86][0]: output \BoardY_BoardX_Life_DEFAULT_Yy_Xx_row_cnt_a1[86][0]
  signal \BoardY_BoardX_Life_DEFAULT_Yy_Xx_row_cnt_a1[86][1]: output \BoardY_BoardX_Life_DEFAULT_Yy_Xx_row_cnt_a1[86][1]
  signal \BoardY_BoardX_Life_DEFAULT_Yy_Xx_alive_a1[87]: input \BoardY_BoardX_Life_DEFAULT_Yy_Xx_alive_a1[87]
  signal \BoardY_BoardX_Life_DEFAULT_Yy_Xx_row_cnt_a1[66][1]: input \BoardY_BoardX_Life_DEFAULT_Yy_Xx_row_cnt_a1[66][1]
  signal \BoardY_BoardX_Life_DEFAULT_Yy_Xx_alive_a2[87]: output \BoardY_BoardX_Life_DEFAULT_Yy_Xx_alive_a2[87]
  signal \BoardY_BoardX_Life_DEFAULT_Yy_Xx_alive_a2[86]: input \BoardY_BoardX_Life_DEFAULT_Yy_Xx_alive_a2[86]
  signal \BoardY_BoardX_Life_DEFAULT_Yy_Xx_alive_a1[76]: output \BoardY_BoardX_Life_DEFAULT_Yy_Xx_alive_a1[76]
  signal \BoardY_BoardX_Life_DEFAULT_Yy_Xx_row_cnt_a1[76][1]: input \BoardY_BoardX_Life_DEFAULT_Yy_Xx_row_cnt_a1[76][1]
  signal $add$life.tlv:80$433_Y[0]: internal
  signal $add$life.tlv:80$433_Y[1]: internal
  signal $add$life.tlv:80$433_Y[2]: internal
  signal $add$life.tlv:80$433_Y[3]: internal
  signal \BoardY_BoardX_Life_DEFAULT_Yy_Xx_alive_a2[85]: input \BoardY_BoardX_Life_DEFAULT_Yy_Xx_alive_a2[85]
  signal \BoardY_BoardX_Life_DEFAULT_Yy_Xx_cnt_a1[76][0]: internal
  signal \BoardY_BoardX_Life_DEFAULT_Yy_Xx_cnt_a1[76][1]: internal
  signal $ge$life.tlv:95$436_Y: internal
  signal $le$life.tlv:95$437_Y: internal
  signal $logic_and$life.tlv:95$438_Y: internal
  signal $eq$life.tlv:96$439_Y: internal
  signal $ternary$life.tlv:95$440_Y: internal
  signal \BoardY_BoardX_Life_DEFAULT_Yy_Xx_cnt_a1[76][2]: internal
  signal \BoardY_BoardX_Life_DEFAULT_Yy_Xx_cnt_a1[76][3]: internal
  cell $ternary$life.tlv:95$440 ($mux)
  cell $ternary$life.tlv:94$441 ($mux)
  cell $procdff$1714 ($dff)
  cell $logic_and$life.tlv:95$438 ($logic_and)
  cell $le$life.tlv:95$437 ($le)
  cell $ge$life.tlv:95$436 ($ge)
  cell $eq$life.tlv:96$439 ($eq)
  cell $add$life.tlv:80$435 ($add)
  cell $add$life.tlv:80$433 ($add)
  cell $add$life.tlv:76$291 ($add)
  cell $add$life.tlv:76$289 ($add)

83. Executing SUBMOD pass (moving cells to submodules as requested).

83.1. Executing OPT_CLEAN pass (remove unused cells and wires).
Finding unused cells or wires in module \top..
Removed 0 unused cells and 15 unused wires.
<suppressed ~5 debug messages>

83.2. Continuing SUBMOD pass.
Creating submodule life_cell_77 (\life_cell_77) of module \top.
Warning: Port directions for cell \pseudo_rand (\pseudo_rand) are unknown. Assuming inout for all ports.
  signal \clk: input \clk
  signal \BoardY_BoardX_Life_DEFAULT_Yy_Xx_row_cnt_a1[87][1]: output \BoardY_BoardX_Life_DEFAULT_Yy_Xx_row_cnt_a1[87][1]
  signal \reset: input \reset
  signal \RW_rand_raw[12]: input \RW_rand_raw[12]
  signal \BoardY_BoardX_Life_DEFAULT_Yy_Xx_cnt_a1[77][0]: internal
  signal \BoardY_BoardX_Life_DEFAULT_Yy_Xx_cnt_a1[77][1]: internal
  signal \BoardY_BoardX_Life_DEFAULT_Yy_Xx_cnt_a1[77][2]: internal
  signal \BoardY_BoardX_Life_DEFAULT_Yy_Xx_cnt_a1[77][3]: internal
  signal \BoardY_BoardX_Life_DEFAULT_Yy_Xx_alive_a1[88]: input \BoardY_BoardX_Life_DEFAULT_Yy_Xx_alive_a1[88]
  signal \BoardY_BoardX_Life_DEFAULT_Yy_Xx_row_cnt_a1[67][0]: input \BoardY_BoardX_Life_DEFAULT_Yy_Xx_row_cnt_a1[67][0]
  signal \BoardY_BoardX_Life_DEFAULT_Yy_Xx_row_cnt_a1[67][1]: input \BoardY_BoardX_Life_DEFAULT_Yy_Xx_row_cnt_a1[67][1]
  signal \BoardY_BoardX_Life_DEFAULT_Yy_Xx_alive_a2[87]: input \BoardY_BoardX_Life_DEFAULT_Yy_Xx_alive_a2[87]
  signal \BoardY_BoardX_Life_DEFAULT_Yy_Xx_row_cnt_a1[87][0]: output \BoardY_BoardX_Life_DEFAULT_Yy_Xx_row_cnt_a1[87][0]
  signal \BoardY_BoardX_Life_DEFAULT_Yy_Xx_alive_a2[88]: output \BoardY_BoardX_Life_DEFAULT_Yy_Xx_alive_a2[88]
  signal \BoardY_BoardX_Life_DEFAULT_Yy_Xx_alive_a1[77]: output \BoardY_BoardX_Life_DEFAULT_Yy_Xx_alive_a1[77]
  signal \BoardY_BoardX_Life_DEFAULT_Yy_Xx_alive_a2[86]: input \BoardY_BoardX_Life_DEFAULT_Yy_Xx_alive_a2[86]
  signal $add$life.tlv:76$275_Y[0]: internal
  signal $add$life.tlv:76$275_Y[1]: internal
  signal $add$life.tlv:80$419_Y[0]: internal
  signal $add$life.tlv:80$419_Y[1]: internal
  signal $add$life.tlv:80$419_Y[2]: internal
  signal $add$life.tlv:80$419_Y[3]: internal
  signal \BoardY_BoardX_Life_DEFAULT_Yy_Xx_row_cnt_a1[77][0]: input \BoardY_BoardX_Life_DEFAULT_Yy_Xx_row_cnt_a1[77][0]
  signal \BoardY_BoardX_Life_DEFAULT_Yy_Xx_row_cnt_a1[77][1]: input \BoardY_BoardX_Life_DEFAULT_Yy_Xx_row_cnt_a1[77][1]
  signal \BoardY_BoardX_Life_DEFAULT_Yy_Xx_alive_a2[77]: input \BoardY_BoardX_Life_DEFAULT_Yy_Xx_alive_a2[77]
  signal $ge$life.tlv:95$422_Y: internal
  signal $le$life.tlv:95$423_Y: internal
  signal $logic_and$life.tlv:95$424_Y: internal
  signal $eq$life.tlv:96$425_Y: internal
  signal $ternary$life.tlv:95$426_Y: internal
  cell $ternary$life.tlv:95$426 ($mux)
  cell $ternary$life.tlv:94$427 ($mux)
  cell $procdff$1715 ($dff)
  cell $logic_and$life.tlv:95$424 ($logic_and)
  cell $le$life.tlv:95$423 ($le)
  cell $ge$life.tlv:95$422 ($ge)
  cell $eq$life.tlv:96$425 ($eq)
  cell $add$life.tlv:80$421 ($add)
  cell $add$life.tlv:80$419 ($add)
  cell $add$life.tlv:76$277 ($add)
  cell $add$life.tlv:76$275 ($add)

84. Executing SUBMOD pass (moving cells to submodules as requested).

84.1. Executing OPT_CLEAN pass (remove unused cells and wires).
Finding unused cells or wires in module \top..
Removed 0 unused cells and 15 unused wires.
<suppressed ~5 debug messages>

84.2. Continuing SUBMOD pass.
Creating submodule life_cell_78 (\life_cell_78) of module \top.
Warning: Port directions for cell \pseudo_rand (\pseudo_rand) are unknown. Assuming inout for all ports.
  signal \clk: input \clk
  signal \BoardY_BoardX_Life_DEFAULT_Yy_Xx_alive_a1[89]: input \BoardY_BoardX_Life_DEFAULT_Yy_Xx_alive_a1[89]
  signal \BoardY_BoardX_Life_DEFAULT_Yy_Xx_row_cnt_a1[78][0]: input \BoardY_BoardX_Life_DEFAULT_Yy_Xx_row_cnt_a1[78][0]
  signal \reset: input \reset
  signal \BoardY_BoardX_Life_DEFAULT_Yy_Xx_cnt_a1[78][3]: internal
  signal \BoardY_BoardX_Life_DEFAULT_Yy_Xx_cnt_a1[78][2]: internal
  signal \BoardY_BoardX_Life_DEFAULT_Yy_Xx_cnt_a1[78][1]: internal
  signal \BoardY_BoardX_Life_DEFAULT_Yy_Xx_alive_a2[89]: output \BoardY_BoardX_Life_DEFAULT_Yy_Xx_alive_a2[89]
  signal \BoardY_BoardX_Life_DEFAULT_Yy_Xx_alive_a2[87]: input \BoardY_BoardX_Life_DEFAULT_Yy_Xx_alive_a2[87]
  signal \BoardY_BoardX_Life_DEFAULT_Yy_Xx_row_cnt_a1[78][1]: input \BoardY_BoardX_Life_DEFAULT_Yy_Xx_row_cnt_a1[78][1]
  signal \BoardY_BoardX_Life_DEFAULT_Yy_Xx_alive_a2[88]: input \BoardY_BoardX_Life_DEFAULT_Yy_Xx_alive_a2[88]
  signal \BoardY_BoardX_Life_DEFAULT_Yy_Xx_alive_a1[78]: output \BoardY_BoardX_Life_DEFAULT_Yy_Xx_alive_a1[78]
  signal \BoardY_BoardX_Life_DEFAULT_Yy_Xx_row_cnt_a1[68][1]: input \BoardY_BoardX_Life_DEFAULT_Yy_Xx_row_cnt_a1[68][1]
  signal $add$life.tlv:76$261_Y[0]: internal
  signal $add$life.tlv:76$261_Y[1]: internal
  signal \BoardY_BoardX_Life_DEFAULT_Yy_Xx_row_cnt_a1[88][0]: output \BoardY_BoardX_Life_DEFAULT_Yy_Xx_row_cnt_a1[88][0]
  signal \BoardY_BoardX_Life_DEFAULT_Yy_Xx_row_cnt_a1[88][1]: output \BoardY_BoardX_Life_DEFAULT_Yy_Xx_row_cnt_a1[88][1]
  signal \BoardY_BoardX_Life_DEFAULT_Yy_Xx_cnt_a1[78][0]: internal
  signal \BoardY_BoardX_Life_DEFAULT_Yy_Xx_row_cnt_a1[68][0]: input \BoardY_BoardX_Life_DEFAULT_Yy_Xx_row_cnt_a1[68][0]
  signal \RW_rand_raw[7]: input \RW_rand_raw[7]
  signal $add$life.tlv:80$405_Y[0]: internal
  signal $add$life.tlv:80$405_Y[1]: internal
  signal $add$life.tlv:80$405_Y[2]: internal
  signal $add$life.tlv:80$405_Y[3]: internal
  signal \BoardY_BoardX_Life_DEFAULT_Yy_Xx_alive_a2[78]: input \BoardY_BoardX_Life_DEFAULT_Yy_Xx_alive_a2[78]
  signal $ge$life.tlv:95$408_Y: internal
  signal $le$life.tlv:95$409_Y: internal
  signal $logic_and$life.tlv:95$410_Y: internal
  signal $eq$life.tlv:96$411_Y: internal
  signal $ternary$life.tlv:95$412_Y: internal
  cell $ternary$life.tlv:95$412 ($mux)
  cell $ternary$life.tlv:94$413 ($mux)
  cell $procdff$1716 ($dff)
  cell $logic_and$life.tlv:95$410 ($logic_and)
  cell $le$life.tlv:95$409 ($le)
  cell $ge$life.tlv:95$408 ($ge)
  cell $eq$life.tlv:96$411 ($eq)
  cell $add$life.tlv:80$407 ($add)
  cell $add$life.tlv:80$405 ($add)
  cell $add$life.tlv:76$263 ($add)
  cell $add$life.tlv:76$261 ($add)

85. Executing SUBMOD pass (moving cells to submodules as requested).

85.1. Executing OPT_CLEAN pass (remove unused cells and wires).
Finding unused cells or wires in module \top..
Removed 0 unused cells and 15 unused wires.
<suppressed ~5 debug messages>

85.2. Continuing SUBMOD pass.
Creating submodule life_cell_79 (\life_cell_79) of module \top.
Warning: Port directions for cell \pseudo_rand (\pseudo_rand) are unknown. Assuming inout for all ports.
  signal $add$life.tlv:76$247_Y[1]: internal
  signal \reset: input \reset
  signal $add$life.tlv:76$247_Y[0]: internal
  signal \BoardY_BoardX_Life_DEFAULT_Yy_Xx_alive_a2[89]: input \BoardY_BoardX_Life_DEFAULT_Yy_Xx_alive_a2[89]
  signal \BoardY_BoardX_Life_DEFAULT_Yy_Xx_alive_a2[88]: input \BoardY_BoardX_Life_DEFAULT_Yy_Xx_alive_a2[88]
  signal \BoardY_BoardX_Life_DEFAULT_Yy_Xx_alive_a1[79]: output \BoardY_BoardX_Life_DEFAULT_Yy_Xx_alive_a1[79]
  signal \BoardY_BoardX_Life_DEFAULT_Yy_Xx_row_cnt_a1[79][0]: input \BoardY_BoardX_Life_DEFAULT_Yy_Xx_row_cnt_a1[79][0]
  signal \BoardY_BoardX_Life_DEFAULT_Yy_Xx_row_cnt_a1[79][1]: input \BoardY_BoardX_Life_DEFAULT_Yy_Xx_row_cnt_a1[79][1]
  signal \BoardY_BoardX_Life_DEFAULT_Yy_Xx_row_cnt_a1[89][0]: output \BoardY_BoardX_Life_DEFAULT_Yy_Xx_row_cnt_a1[89][0]
  signal \BoardY_BoardX_Life_DEFAULT_Yy_Xx_row_cnt_a1[89][1]: output \BoardY_BoardX_Life_DEFAULT_Yy_Xx_row_cnt_a1[89][1]
  signal \BoardY_BoardX_Life_DEFAULT_Yy_Xx_cnt_a1[79][0]: internal
  signal \BoardY_BoardX_Life_DEFAULT_Yy_Xx_cnt_a1[79][1]: internal
  signal \BoardY_BoardX_Life_DEFAULT_Yy_Xx_cnt_a1[79][2]: internal
  signal \RW_rand_raw[2]: input \RW_rand_raw[2]
  signal \BoardY_BoardX_Life_DEFAULT_Yy_Xx_row_cnt_a1[69][0]: input \BoardY_BoardX_Life_DEFAULT_Yy_Xx_row_cnt_a1[69][0]
  signal \BoardY_BoardX_Life_DEFAULT_Yy_Xx_cnt_a1[79][3]: internal
  signal \BoardY_BoardX_Life_DEFAULT_Yy_Xx_row_cnt_a1[69][1]: input \BoardY_BoardX_Life_DEFAULT_Yy_Xx_row_cnt_a1[69][1]
  signal $add$life.tlv:80$391_Y[0]: internal
  signal $add$life.tlv:80$391_Y[1]: internal
  signal $add$life.tlv:80$391_Y[2]: internal
  signal $add$life.tlv:80$391_Y[3]: internal
  signal \BoardY_BoardX_Life_DEFAULT_Yy_Xx_alive_a2[79]: input \BoardY_BoardX_Life_DEFAULT_Yy_Xx_alive_a2[79]
  signal $ge$life.tlv:95$394_Y: internal
  signal $le$life.tlv:95$395_Y: internal
  signal $logic_and$life.tlv:95$396_Y: internal
  signal $eq$life.tlv:96$397_Y: internal
  signal $ternary$life.tlv:95$398_Y: internal
  cell $ternary$life.tlv:95$398 ($mux)
  cell $ternary$life.tlv:94$399 ($mux)
  cell $logic_and$life.tlv:95$396 ($logic_and)
  cell $le$life.tlv:95$395 ($le)
  cell $ge$life.tlv:95$394 ($ge)
  cell $eq$life.tlv:96$397 ($eq)
  cell $add$life.tlv:80$393 ($add)
  cell $add$life.tlv:80$391 ($add)
  cell $add$life.tlv:76$249 ($add)
  cell $add$life.tlv:76$247 ($add)

86. Executing SUBMOD pass (moving cells to submodules as requested).

86.1. Executing OPT_CLEAN pass (remove unused cells and wires).
Finding unused cells or wires in module \top..
Removed 0 unused cells and 15 unused wires.
<suppressed ~5 debug messages>

86.2. Continuing SUBMOD pass.
Creating submodule life_cell_80 (\life_cell_80) of module \top.
Warning: Port directions for cell \pseudo_rand (\pseudo_rand) are unknown. Assuming inout for all ports.
  signal \clk: input \clk
  signal \BoardY_BoardX_Life_DEFAULT_Yy_Xx_alive_a1[90]: input \BoardY_BoardX_Life_DEFAULT_Yy_Xx_alive_a1[90]
  signal \reset: input \reset
  signal \BoardY_BoardX_Life_DEFAULT_Yy_Xx_alive_a1[91]: input \BoardY_BoardX_Life_DEFAULT_Yy_Xx_alive_a1[91]
  signal \BoardY_BoardX_Life_DEFAULT_Yy_Xx_alive_a2[91]: output \BoardY_BoardX_Life_DEFAULT_Yy_Xx_alive_a2[91]
  signal \BoardY_BoardX_Life_DEFAULT_Yy_Xx_alive_a2[90]: output \BoardY_BoardX_Life_DEFAULT_Yy_Xx_alive_a2[90]
  signal \BoardY_BoardX_Life_DEFAULT_Yy_Xx_cnt_a1[80][0]: internal
  signal \BoardY_BoardX_Life_DEFAULT_Yy_Xx_cnt_a1[80][1]: internal
  signal \BoardY_BoardX_Life_DEFAULT_Yy_Xx_cnt_a1[80][2]: internal
  signal \RW_rand_raw[21]: input \RW_rand_raw[21]
  signal \BoardY_BoardX_Life_DEFAULT_Yy_Xx_cnt_a1[80][3]: internal
  signal $add$life.tlv:80$377_Y[0]: internal
  signal $add$life.tlv:80$377_Y[1]: internal
  signal $add$life.tlv:80$377_Y[2]: internal
  signal $add$life.tlv:80$377_Y[3]: internal
  signal \BoardY_BoardX_Life_DEFAULT_Yy_Xx_row_cnt_a1[80][1]: input \BoardY_BoardX_Life_DEFAULT_Yy_Xx_row_cnt_a1[80][1]
  signal \BoardY_BoardX_Life_DEFAULT_Yy_Xx_alive_a1[80]: output \BoardY_BoardX_Life_DEFAULT_Yy_Xx_alive_a1[80]
  signal \BoardY_BoardX_Life_DEFAULT_Yy_Xx_row_cnt_a1[70][0]: input \BoardY_BoardX_Life_DEFAULT_Yy_Xx_row_cnt_a1[70][0]
  signal \BoardY_BoardX_Life_DEFAULT_Yy_Xx_row_cnt_a1[70][1]: input \BoardY_BoardX_Life_DEFAULT_Yy_Xx_row_cnt_a1[70][1]
  signal \BoardY_BoardX_Life_DEFAULT_Yy_Xx_row_cnt_a1[90][0]: output \BoardY_BoardX_Life_DEFAULT_Yy_Xx_row_cnt_a1[90][0]
  signal \BoardY_BoardX_Life_DEFAULT_Yy_Xx_row_cnt_a1[90][1]: output \BoardY_BoardX_Life_DEFAULT_Yy_Xx_row_cnt_a1[90][1]
  signal \BoardY_BoardX_Life_DEFAULT_Yy_Xx_row_cnt_a1[80][0]: input \BoardY_BoardX_Life_DEFAULT_Yy_Xx_row_cnt_a1[80][0]
  signal $add$life.tlv:76$233_Y[0]: internal
  signal $add$life.tlv:76$233_Y[1]: internal
  signal \BoardY_BoardX_Life_DEFAULT_Yy_Xx_alive_a2[80]: input \BoardY_BoardX_Life_DEFAULT_Yy_Xx_alive_a2[80]
  signal $ge$life.tlv:95$380_Y: internal
  signal $le$life.tlv:95$381_Y: internal
  signal $logic_and$life.tlv:95$382_Y: internal
  signal $eq$life.tlv:96$383_Y: internal
  signal $ternary$life.tlv:95$384_Y: internal
  cell $ternary$life.tlv:95$384 ($mux)
  cell $ternary$life.tlv:94$385 ($mux)
  cell $procdff$1718 ($dff)
  cell $procdff$1717 ($dff)
  cell $logic_and$life.tlv:95$382 ($logic_and)
  cell $le$life.tlv:95$381 ($le)
  cell $ge$life.tlv:95$380 ($ge)
  cell $eq$life.tlv:96$383 ($eq)
  cell $add$life.tlv:80$379 ($add)
  cell $add$life.tlv:80$377 ($add)
  cell $add$life.tlv:76$235 ($add)
  cell $add$life.tlv:76$233 ($add)

87. Executing SUBMOD pass (moving cells to submodules as requested).

87.1. Executing OPT_CLEAN pass (remove unused cells and wires).
Finding unused cells or wires in module \top..
Removed 0 unused cells and 15 unused wires.
<suppressed ~5 debug messages>

87.2. Continuing SUBMOD pass.
Creating submodule life_cell_81 (\life_cell_81) of module \top.
Warning: Port directions for cell \pseudo_rand (\pseudo_rand) are unknown. Assuming inout for all ports.
  signal \clk: input \clk
  signal \reset: input \reset
  signal \BoardY_BoardX_Life_DEFAULT_Yy_Xx_alive_a1[92]: input \BoardY_BoardX_Life_DEFAULT_Yy_Xx_alive_a1[92]
  signal \BoardY_BoardX_Life_DEFAULT_Yy_Xx_alive_a2[92]: output \BoardY_BoardX_Life_DEFAULT_Yy_Xx_alive_a2[92]
  signal \BoardY_BoardX_Life_DEFAULT_Yy_Xx_alive_a2[91]: input \BoardY_BoardX_Life_DEFAULT_Yy_Xx_alive_a2[91]
  signal \BoardY_BoardX_Life_DEFAULT_Yy_Xx_cnt_a1[81][0]: internal
  signal \BoardY_BoardX_Life_DEFAULT_Yy_Xx_cnt_a1[81][1]: internal
  signal \BoardY_BoardX_Life_DEFAULT_Yy_Xx_alive_a2[90]: input \BoardY_BoardX_Life_DEFAULT_Yy_Xx_alive_a2[90]
  signal \BoardY_BoardX_Life_DEFAULT_Yy_Xx_alive_a1[81]: output \BoardY_BoardX_Life_DEFAULT_Yy_Xx_alive_a1[81]
  signal \BoardY_BoardX_Life_DEFAULT_Yy_Xx_row_cnt_a1[71][0]: input \BoardY_BoardX_Life_DEFAULT_Yy_Xx_row_cnt_a1[71][0]
  signal \BoardY_BoardX_Life_DEFAULT_Yy_Xx_row_cnt_a1[71][1]: input \BoardY_BoardX_Life_DEFAULT_Yy_Xx_row_cnt_a1[71][1]
  signal $add$life.tlv:76$219_Y[0]: internal
  signal $add$life.tlv:76$219_Y[1]: internal
  signal \RW_rand_raw[17]: input \RW_rand_raw[17]
  signal \BoardY_BoardX_Life_DEFAULT_Yy_Xx_row_cnt_a1[81][0]: input \BoardY_BoardX_Life_DEFAULT_Yy_Xx_row_cnt_a1[81][0]
  signal \BoardY_BoardX_Life_DEFAULT_Yy_Xx_row_cnt_a1[81][1]: input \BoardY_BoardX_Life_DEFAULT_Yy_Xx_row_cnt_a1[81][1]
  signal \BoardY_BoardX_Life_DEFAULT_Yy_Xx_cnt_a1[81][2]: internal
  signal \BoardY_BoardX_Life_DEFAULT_Yy_Xx_cnt_a1[81][3]: internal
  signal $add$life.tlv:80$363_Y[0]: internal
  signal $add$life.tlv:80$363_Y[1]: internal
  signal $add$life.tlv:80$363_Y[2]: internal
  signal $add$life.tlv:80$363_Y[3]: internal
  signal \BoardY_BoardX_Life_DEFAULT_Yy_Xx_row_cnt_a1[91][0]: output \BoardY_BoardX_Life_DEFAULT_Yy_Xx_row_cnt_a1[91][0]
  signal \BoardY_BoardX_Life_DEFAULT_Yy_Xx_row_cnt_a1[91][1]: output \BoardY_BoardX_Life_DEFAULT_Yy_Xx_row_cnt_a1[91][1]
  signal \BoardY_BoardX_Life_DEFAULT_Yy_Xx_alive_a2[81]: input \BoardY_BoardX_Life_DEFAULT_Yy_Xx_alive_a2[81]
  signal $ge$life.tlv:95$366_Y: internal
  signal $le$life.tlv:95$367_Y: internal
  signal $logic_and$life.tlv:95$368_Y: internal
  signal $eq$life.tlv:96$369_Y: internal
  signal $ternary$life.tlv:95$370_Y: internal
  cell $ternary$life.tlv:95$370 ($mux)
  cell $ternary$life.tlv:94$371 ($mux)
  cell $procdff$1719 ($dff)
  cell $logic_and$life.tlv:95$368 ($logic_and)
  cell $le$life.tlv:95$367 ($le)
  cell $ge$life.tlv:95$366 ($ge)
  cell $eq$life.tlv:96$369 ($eq)
  cell $add$life.tlv:80$365 ($add)
  cell $add$life.tlv:80$363 ($add)
  cell $add$life.tlv:76$221 ($add)
  cell $add$life.tlv:76$219 ($add)

88. Executing SUBMOD pass (moving cells to submodules as requested).

88.1. Executing OPT_CLEAN pass (remove unused cells and wires).
Finding unused cells or wires in module \top..
Removed 0 unused cells and 15 unused wires.
<suppressed ~5 debug messages>

88.2. Continuing SUBMOD pass.
Creating submodule life_cell_82 (\life_cell_82) of module \top.
Warning: Port directions for cell \pseudo_rand (\pseudo_rand) are unknown. Assuming inout for all ports.
  signal \clk: input \clk
  signal \BoardY_BoardX_Life_DEFAULT_Yy_Xx_cnt_a1[82][1]: internal
  signal \BoardY_BoardX_Life_DEFAULT_Yy_Xx_cnt_a1[82][2]: internal
  signal \BoardY_BoardX_Life_DEFAULT_Yy_Xx_cnt_a1[82][3]: internal
  signal \BoardY_BoardX_Life_DEFAULT_Yy_Xx_row_cnt_a1[92][0]: output \BoardY_BoardX_Life_DEFAULT_Yy_Xx_row_cnt_a1[92][0]
  signal \BoardY_BoardX_Life_DEFAULT_Yy_Xx_row_cnt_a1[92][1]: output \BoardY_BoardX_Life_DEFAULT_Yy_Xx_row_cnt_a1[92][1]
  signal $add$life.tlv:80$349_Y[2]: internal
  signal $add$life.tlv:80$349_Y[3]: internal
  signal \reset: input \reset
  signal \BoardY_BoardX_Life_DEFAULT_Yy_Xx_alive_a1[93]: input \BoardY_BoardX_Life_DEFAULT_Yy_Xx_alive_a1[93]
  signal \BoardY_BoardX_Life_DEFAULT_Yy_Xx_alive_a2[92]: input \BoardY_BoardX_Life_DEFAULT_Yy_Xx_alive_a2[92]
  signal \BoardY_BoardX_Life_DEFAULT_Yy_Xx_row_cnt_a1[72][0]: input \BoardY_BoardX_Life_DEFAULT_Yy_Xx_row_cnt_a1[72][0]
  signal \BoardY_BoardX_Life_DEFAULT_Yy_Xx_row_cnt_a1[72][1]: input \BoardY_BoardX_Life_DEFAULT_Yy_Xx_row_cnt_a1[72][1]
  signal \BoardY_BoardX_Life_DEFAULT_Yy_Xx_alive_a2[91]: input \BoardY_BoardX_Life_DEFAULT_Yy_Xx_alive_a2[91]
  signal \BoardY_BoardX_Life_DEFAULT_Yy_Xx_alive_a2[93]: output \BoardY_BoardX_Life_DEFAULT_Yy_Xx_alive_a2[93]
  signal \RW_rand_raw[17]: input \RW_rand_raw[17]
  signal \BoardY_BoardX_Life_DEFAULT_Yy_Xx_alive_a1[82]: output \BoardY_BoardX_Life_DEFAULT_Yy_Xx_alive_a1[82]
  signal \BoardY_BoardX_Life_DEFAULT_Yy_Xx_row_cnt_a1[82][0]: input \BoardY_BoardX_Life_DEFAULT_Yy_Xx_row_cnt_a1[82][0]
  signal \BoardY_BoardX_Life_DEFAULT_Yy_Xx_row_cnt_a1[82][1]: input \BoardY_BoardX_Life_DEFAULT_Yy_Xx_row_cnt_a1[82][1]
  signal $add$life.tlv:76$205_Y[0]: internal
  signal $add$life.tlv:76$205_Y[1]: internal
  signal \BoardY_BoardX_Life_DEFAULT_Yy_Xx_cnt_a1[82][0]: internal
  signal $add$life.tlv:80$349_Y[0]: internal
  signal $add$life.tlv:80$349_Y[1]: internal
  signal \BoardY_BoardX_Life_DEFAULT_Yy_Xx_alive_a2[82]: input \BoardY_BoardX_Life_DEFAULT_Yy_Xx_alive_a2[82]
  signal $ge$life.tlv:95$352_Y: internal
  signal $le$life.tlv:95$353_Y: internal
  signal $logic_and$life.tlv:95$354_Y: internal
  signal $eq$life.tlv:96$355_Y: internal
  signal $ternary$life.tlv:95$356_Y: internal
  cell $ternary$life.tlv:95$356 ($mux)
  cell $ternary$life.tlv:94$357 ($mux)
  cell $procdff$1720 ($dff)
  cell $logic_and$life.tlv:95$354 ($logic_and)
  cell $le$life.tlv:95$353 ($le)
  cell $ge$life.tlv:95$352 ($ge)
  cell $eq$life.tlv:96$355 ($eq)
  cell $add$life.tlv:80$351 ($add)
  cell $add$life.tlv:80$349 ($add)
  cell $add$life.tlv:76$207 ($add)
  cell $add$life.tlv:76$205 ($add)

89. Executing SUBMOD pass (moving cells to submodules as requested).

89.1. Executing OPT_CLEAN pass (remove unused cells and wires).
Finding unused cells or wires in module \top..
Removed 0 unused cells and 15 unused wires.
<suppressed ~5 debug messages>

89.2. Continuing SUBMOD pass.
Creating submodule life_cell_83 (\life_cell_83) of module \top.
Warning: Port directions for cell \pseudo_rand (\pseudo_rand) are unknown. Assuming inout for all ports.
  signal \clk: input \clk
  signal \BoardY_BoardX_Life_DEFAULT_Yy_Xx_alive_a2[94]: output \BoardY_BoardX_Life_DEFAULT_Yy_Xx_alive_a2[94]
  signal \reset: input \reset
  signal \BoardY_BoardX_Life_DEFAULT_Yy_Xx_alive_a2[92]: input \BoardY_BoardX_Life_DEFAULT_Yy_Xx_alive_a2[92]
  signal \BoardY_BoardX_Life_DEFAULT_Yy_Xx_alive_a1[94]: input \BoardY_BoardX_Life_DEFAULT_Yy_Xx_alive_a1[94]
  signal $add$life.tlv:76$191_Y[0]: internal
  signal $add$life.tlv:76$191_Y[1]: internal
  signal \BoardY_BoardX_Life_DEFAULT_Yy_Xx_row_cnt_a1[83][0]: input \BoardY_BoardX_Life_DEFAULT_Yy_Xx_row_cnt_a1[83][0]
  signal \BoardY_BoardX_Life_DEFAULT_Yy_Xx_row_cnt_a1[83][1]: input \BoardY_BoardX_Life_DEFAULT_Yy_Xx_row_cnt_a1[83][1]
  signal \BoardY_BoardX_Life_DEFAULT_Yy_Xx_alive_a2[93]: input \BoardY_BoardX_Life_DEFAULT_Yy_Xx_alive_a2[93]
  signal \RW_rand_raw[21]: input \RW_rand_raw[21]
  signal \BoardY_BoardX_Life_DEFAULT_Yy_Xx_alive_a1[83]: output \BoardY_BoardX_Life_DEFAULT_Yy_Xx_alive_a1[83]
  signal \BoardY_BoardX_Life_DEFAULT_Yy_Xx_row_cnt_a1[73][0]: input \BoardY_BoardX_Life_DEFAULT_Yy_Xx_row_cnt_a1[73][0]
  signal \BoardY_BoardX_Life_DEFAULT_Yy_Xx_row_cnt_a1[73][1]: input \BoardY_BoardX_Life_DEFAULT_Yy_Xx_row_cnt_a1[73][1]
  signal $add$life.tlv:80$335_Y[0]: internal
  signal $add$life.tlv:80$335_Y[1]: internal
  signal $add$life.tlv:80$335_Y[2]: internal
  signal $add$life.tlv:80$335_Y[3]: internal
  signal \BoardY_BoardX_Life_DEFAULT_Yy_Xx_row_cnt_a1[93][0]: output \BoardY_BoardX_Life_DEFAULT_Yy_Xx_row_cnt_a1[93][0]
  signal \BoardY_BoardX_Life_DEFAULT_Yy_Xx_row_cnt_a1[93][1]: output \BoardY_BoardX_Life_DEFAULT_Yy_Xx_row_cnt_a1[93][1]
  signal \BoardY_BoardX_Life_DEFAULT_Yy_Xx_alive_a2[83]: input \BoardY_BoardX_Life_DEFAULT_Yy_Xx_alive_a2[83]
  signal $ge$life.tlv:95$338_Y: internal
  signal $le$life.tlv:95$339_Y: internal
  signal $logic_and$life.tlv:95$340_Y: internal
  signal $eq$life.tlv:96$341_Y: internal
  signal $ternary$life.tlv:95$342_Y: internal
  signal \BoardY_BoardX_Life_DEFAULT_Yy_Xx_cnt_a1[83][0]: internal
  signal \BoardY_BoardX_Life_DEFAULT_Yy_Xx_cnt_a1[83][1]: internal
  signal \BoardY_BoardX_Life_DEFAULT_Yy_Xx_cnt_a1[83][2]: internal
  signal \BoardY_BoardX_Life_DEFAULT_Yy_Xx_cnt_a1[83][3]: internal
  cell $ternary$life.tlv:95$342 ($mux)
  cell $ternary$life.tlv:94$343 ($mux)
  cell $procdff$1721 ($dff)
  cell $logic_and$life.tlv:95$340 ($logic_and)
  cell $le$life.tlv:95$339 ($le)
  cell $ge$life.tlv:95$338 ($ge)
  cell $eq$life.tlv:96$341 ($eq)
  cell $add$life.tlv:80$337 ($add)
  cell $add$life.tlv:80$335 ($add)
  cell $add$life.tlv:76$193 ($add)
  cell $add$life.tlv:76$191 ($add)

90. Executing SUBMOD pass (moving cells to submodules as requested).

90.1. Executing OPT_CLEAN pass (remove unused cells and wires).
Finding unused cells or wires in module \top..
Removed 0 unused cells and 15 unused wires.
<suppressed ~5 debug messages>

90.2. Continuing SUBMOD pass.
Creating submodule life_cell_84 (\life_cell_84) of module \top.
Warning: Port directions for cell \pseudo_rand (\pseudo_rand) are unknown. Assuming inout for all ports.
  signal \clk: input \clk
  signal \BoardY_BoardX_Life_DEFAULT_Yy_Xx_alive_a1[84]: output \BoardY_BoardX_Life_DEFAULT_Yy_Xx_alive_a1[84]
  signal \BoardY_BoardX_Life_DEFAULT_Yy_Xx_alive_a2[95]: output \BoardY_BoardX_Life_DEFAULT_Yy_Xx_alive_a2[95]
  signal $add$life.tlv:80$321_Y[0]: internal
  signal $add$life.tlv:80$321_Y[1]: internal
  signal $add$life.tlv:80$321_Y[2]: internal
  signal $add$life.tlv:80$321_Y[3]: internal
  signal \BoardY_BoardX_Life_DEFAULT_Yy_Xx_alive_a2[94]: input \BoardY_BoardX_Life_DEFAULT_Yy_Xx_alive_a2[94]
  signal \reset: input \reset
  signal \BoardY_BoardX_Life_DEFAULT_Yy_Xx_alive_a1[95]: input \BoardY_BoardX_Life_DEFAULT_Yy_Xx_alive_a1[95]
  signal \BoardY_BoardX_Life_DEFAULT_Yy_Xx_alive_a2[93]: input \BoardY_BoardX_Life_DEFAULT_Yy_Xx_alive_a2[93]
  signal \BoardY_BoardX_Life_DEFAULT_Yy_Xx_row_cnt_a1[94][0]: output \BoardY_BoardX_Life_DEFAULT_Yy_Xx_row_cnt_a1[94][0]
  signal \RW_rand_raw[21]: input \RW_rand_raw[21]
  signal \BoardY_BoardX_Life_DEFAULT_Yy_Xx_row_cnt_a1[74][0]: input \BoardY_BoardX_Life_DEFAULT_Yy_Xx_row_cnt_a1[74][0]
  signal \BoardY_BoardX_Life_DEFAULT_Yy_Xx_row_cnt_a1[74][1]: input \BoardY_BoardX_Life_DEFAULT_Yy_Xx_row_cnt_a1[74][1]
  signal \BoardY_BoardX_Life_DEFAULT_Yy_Xx_row_cnt_a1[84][0]: input \BoardY_BoardX_Life_DEFAULT_Yy_Xx_row_cnt_a1[84][0]
  signal \BoardY_BoardX_Life_DEFAULT_Yy_Xx_row_cnt_a1[84][1]: input \BoardY_BoardX_Life_DEFAULT_Yy_Xx_row_cnt_a1[84][1]
  signal $add$life.tlv:76$177_Y[0]: internal
  signal $add$life.tlv:76$177_Y[1]: internal
  signal \BoardY_BoardX_Life_DEFAULT_Yy_Xx_row_cnt_a1[94][1]: output \BoardY_BoardX_Life_DEFAULT_Yy_Xx_row_cnt_a1[94][1]
  signal \BoardY_BoardX_Life_DEFAULT_Yy_Xx_alive_a2[84]: input \BoardY_BoardX_Life_DEFAULT_Yy_Xx_alive_a2[84]
  signal \BoardY_BoardX_Life_DEFAULT_Yy_Xx_cnt_a1[84][3]: internal
  signal $ge$life.tlv:95$324_Y: internal
  signal $le$life.tlv:95$325_Y: internal
  signal $logic_and$life.tlv:95$326_Y: internal
  signal $eq$life.tlv:96$327_Y: internal
  signal $ternary$life.tlv:95$328_Y: internal
  signal \BoardY_BoardX_Life_DEFAULT_Yy_Xx_cnt_a1[84][0]: internal
  signal \BoardY_BoardX_Life_DEFAULT_Yy_Xx_cnt_a1[84][1]: internal
  signal \BoardY_BoardX_Life_DEFAULT_Yy_Xx_cnt_a1[84][2]: internal
  cell $ternary$life.tlv:95$328 ($mux)
  cell $ternary$life.tlv:94$329 ($mux)
  cell $procdff$1722 ($dff)
  cell $logic_and$life.tlv:95$326 ($logic_and)
  cell $le$life.tlv:95$325 ($le)
  cell $ge$life.tlv:95$324 ($ge)
  cell $eq$life.tlv:96$327 ($eq)
  cell $add$life.tlv:80$323 ($add)
  cell $add$life.tlv:80$321 ($add)
  cell $add$life.tlv:76$179 ($add)
  cell $add$life.tlv:76$177 ($add)

91. Executing SUBMOD pass (moving cells to submodules as requested).

91.1. Executing OPT_CLEAN pass (remove unused cells and wires).
Finding unused cells or wires in module \top..
Removed 0 unused cells and 15 unused wires.
<suppressed ~5 debug messages>

91.2. Continuing SUBMOD pass.
Creating submodule life_cell_85 (\life_cell_85) of module \top.
Warning: Port directions for cell \pseudo_rand (\pseudo_rand) are unknown. Assuming inout for all ports.
  signal \clk: input \clk
  signal \BoardY_BoardX_Life_DEFAULT_Yy_Xx_alive_a1[96]: input \BoardY_BoardX_Life_DEFAULT_Yy_Xx_alive_a1[96]
  signal \BoardY_BoardX_Life_DEFAULT_Yy_Xx_alive_a1[85]: output \BoardY_BoardX_Life_DEFAULT_Yy_Xx_alive_a1[85]
  signal \BoardY_BoardX_Life_DEFAULT_Yy_Xx_alive_a2[95]: input \BoardY_BoardX_Life_DEFAULT_Yy_Xx_alive_a2[95]
  signal \BoardY_BoardX_Life_DEFAULT_Yy_Xx_alive_a2[96]: output \BoardY_BoardX_Life_DEFAULT_Yy_Xx_alive_a2[96]
  signal \BoardY_BoardX_Life_DEFAULT_Yy_Xx_alive_a2[94]: input \BoardY_BoardX_Life_DEFAULT_Yy_Xx_alive_a2[94]
  signal \reset: input \reset
  signal \BoardY_BoardX_Life_DEFAULT_Yy_Xx_cnt_a1[85][0]: internal
  signal \BoardY_BoardX_Life_DEFAULT_Yy_Xx_cnt_a1[85][1]: internal
  signal \BoardY_BoardX_Life_DEFAULT_Yy_Xx_cnt_a1[85][2]: internal
  signal \BoardY_BoardX_Life_DEFAULT_Yy_Xx_cnt_a1[85][3]: internal
  signal $add$life.tlv:80$307_Y[0]: internal
  signal $add$life.tlv:80$307_Y[1]: internal
  signal $add$life.tlv:80$307_Y[2]: internal
  signal \BoardY_BoardX_Life_DEFAULT_Yy_Xx_row_cnt_a1[75][0]: input \BoardY_BoardX_Life_DEFAULT_Yy_Xx_row_cnt_a1[75][0]
  signal \BoardY_BoardX_Life_DEFAULT_Yy_Xx_row_cnt_a1[75][1]: input \BoardY_BoardX_Life_DEFAULT_Yy_Xx_row_cnt_a1[75][1]
  signal $add$life.tlv:76$163_Y[0]: internal
  signal $add$life.tlv:76$163_Y[1]: internal
  signal \BoardY_BoardX_Life_DEFAULT_Yy_Xx_row_cnt_a1[85][0]: input \BoardY_BoardX_Life_DEFAULT_Yy_Xx_row_cnt_a1[85][0]
  signal $add$life.tlv:80$307_Y[3]: internal
  signal \BoardY_BoardX_Life_DEFAULT_Yy_Xx_row_cnt_a1[85][1]: input \BoardY_BoardX_Life_DEFAULT_Yy_Xx_row_cnt_a1[85][1]
  signal \RW_rand_raw[9]: input \RW_rand_raw[9]
  signal \BoardY_BoardX_Life_DEFAULT_Yy_Xx_row_cnt_a1[95][0]: output \BoardY_BoardX_Life_DEFAULT_Yy_Xx_row_cnt_a1[95][0]
  signal \BoardY_BoardX_Life_DEFAULT_Yy_Xx_row_cnt_a1[95][1]: output \BoardY_BoardX_Life_DEFAULT_Yy_Xx_row_cnt_a1[95][1]
  signal \BoardY_BoardX_Life_DEFAULT_Yy_Xx_alive_a2[85]: input \BoardY_BoardX_Life_DEFAULT_Yy_Xx_alive_a2[85]
  signal $eq$life.tlv:96$313_Y: internal
  signal $ternary$life.tlv:95$314_Y: internal
  signal $ge$life.tlv:95$310_Y: internal
  signal $le$life.tlv:95$311_Y: internal
  signal $logic_and$life.tlv:95$312_Y: internal
  cell $ternary$life.tlv:95$314 ($mux)
  cell $ternary$life.tlv:94$315 ($mux)
  cell $procdff$1723 ($dff)
  cell $logic_and$life.tlv:95$312 ($logic_and)
  cell $le$life.tlv:95$311 ($le)
  cell $ge$life.tlv:95$310 ($ge)
  cell $eq$life.tlv:96$313 ($eq)
  cell $add$life.tlv:80$309 ($add)
  cell $add$life.tlv:80$307 ($add)
  cell $add$life.tlv:76$165 ($add)
  cell $add$life.tlv:76$163 ($add)

92. Executing SUBMOD pass (moving cells to submodules as requested).

92.1. Executing OPT_CLEAN pass (remove unused cells and wires).
Finding unused cells or wires in module \top..
Removed 0 unused cells and 15 unused wires.
<suppressed ~5 debug messages>

92.2. Continuing SUBMOD pass.
Creating submodule life_cell_86 (\life_cell_86) of module \top.
Warning: Port directions for cell \pseudo_rand (\pseudo_rand) are unknown. Assuming inout for all ports.
  signal \clk: input \clk
  signal \BoardY_BoardX_Life_DEFAULT_Yy_Xx_row_cnt_a1[76][0]: input \BoardY_BoardX_Life_DEFAULT_Yy_Xx_row_cnt_a1[76][0]
  signal \BoardY_BoardX_Life_DEFAULT_Yy_Xx_alive_a1[97]: input \BoardY_BoardX_Life_DEFAULT_Yy_Xx_alive_a1[97]
  signal \BoardY_BoardX_Life_DEFAULT_Yy_Xx_alive_a2[95]: input \BoardY_BoardX_Life_DEFAULT_Yy_Xx_alive_a2[95]
  signal \BoardY_BoardX_Life_DEFAULT_Yy_Xx_alive_a2[96]: input \BoardY_BoardX_Life_DEFAULT_Yy_Xx_alive_a2[96]
  signal $add$life.tlv:80$293_Y[0]: internal
  signal $add$life.tlv:80$293_Y[1]: internal
  signal $add$life.tlv:80$293_Y[2]: internal
  signal $add$life.tlv:80$293_Y[3]: internal
  signal \reset: input \reset
  signal $add$life.tlv:76$149_Y[0]: internal
  signal $add$life.tlv:76$149_Y[1]: internal
  signal \BoardY_BoardX_Life_DEFAULT_Yy_Xx_row_cnt_a1[86][0]: input \BoardY_BoardX_Life_DEFAULT_Yy_Xx_row_cnt_a1[86][0]
  signal \BoardY_BoardX_Life_DEFAULT_Yy_Xx_row_cnt_a1[86][1]: input \BoardY_BoardX_Life_DEFAULT_Yy_Xx_row_cnt_a1[86][1]
  signal \BoardY_BoardX_Life_DEFAULT_Yy_Xx_alive_a1[86]: output \BoardY_BoardX_Life_DEFAULT_Yy_Xx_alive_a1[86]
  signal \BoardY_BoardX_Life_DEFAULT_Yy_Xx_alive_a2[86]: input \BoardY_BoardX_Life_DEFAULT_Yy_Xx_alive_a2[86]
  signal \BoardY_BoardX_Life_DEFAULT_Yy_Xx_row_cnt_a1[76][1]: input \BoardY_BoardX_Life_DEFAULT_Yy_Xx_row_cnt_a1[76][1]
  signal \BoardY_BoardX_Life_DEFAULT_Yy_Xx_row_cnt_a1[96][0]: output \BoardY_BoardX_Life_DEFAULT_Yy_Xx_row_cnt_a1[96][0]
  signal \BoardY_BoardX_Life_DEFAULT_Yy_Xx_row_cnt_a1[96][1]: output \BoardY_BoardX_Life_DEFAULT_Yy_Xx_row_cnt_a1[96][1]
  signal \RW_rand_raw[9]: input \RW_rand_raw[9]
  signal \BoardY_BoardX_Life_DEFAULT_Yy_Xx_alive_a2[97]: output \BoardY_BoardX_Life_DEFAULT_Yy_Xx_alive_a2[97]
  signal $ge$life.tlv:95$296_Y: internal
  signal $le$life.tlv:95$297_Y: internal
  signal $logic_and$life.tlv:95$298_Y: internal
  signal $eq$life.tlv:96$299_Y: internal
  signal $ternary$life.tlv:95$300_Y: internal
  signal \BoardY_BoardX_Life_DEFAULT_Yy_Xx_cnt_a1[86][0]: internal
  signal \BoardY_BoardX_Life_DEFAULT_Yy_Xx_cnt_a1[86][3]: internal
  signal \BoardY_BoardX_Life_DEFAULT_Yy_Xx_cnt_a1[86][2]: internal
  signal \BoardY_BoardX_Life_DEFAULT_Yy_Xx_cnt_a1[86][1]: internal
  cell $ternary$life.tlv:95$300 ($mux)
  cell $ternary$life.tlv:94$301 ($mux)
  cell $procdff$1724 ($dff)
  cell $logic_and$life.tlv:95$298 ($logic_and)
  cell $le$life.tlv:95$297 ($le)
  cell $ge$life.tlv:95$296 ($ge)
  cell $eq$life.tlv:96$299 ($eq)
  cell $add$life.tlv:80$295 ($add)
  cell $add$life.tlv:80$293 ($add)
  cell $add$life.tlv:76$151 ($add)
  cell $add$life.tlv:76$149 ($add)

93. Executing SUBMOD pass (moving cells to submodules as requested).

93.1. Executing OPT_CLEAN pass (remove unused cells and wires).
Finding unused cells or wires in module \top..
Removed 0 unused cells and 15 unused wires.
<suppressed ~5 debug messages>

93.2. Continuing SUBMOD pass.
Creating submodule life_cell_87 (\life_cell_87) of module \top.
Warning: Port directions for cell \pseudo_rand (\pseudo_rand) are unknown. Assuming inout for all ports.
  signal \clk: input \clk
  signal \BoardY_BoardX_Life_DEFAULT_Yy_Xx_alive_a1[98]: input \BoardY_BoardX_Life_DEFAULT_Yy_Xx_alive_a1[98]
  signal \BoardY_BoardX_Life_DEFAULT_Yy_Xx_alive_a2[96]: input \BoardY_BoardX_Life_DEFAULT_Yy_Xx_alive_a2[96]
  signal \BoardY_BoardX_Life_DEFAULT_Yy_Xx_row_cnt_a1[87][1]: input \BoardY_BoardX_Life_DEFAULT_Yy_Xx_row_cnt_a1[87][1]
  signal \reset: input \reset
  signal $add$life.tlv:80$279_Y[3]: internal
  signal \BoardY_BoardX_Life_DEFAULT_Yy_Xx_alive_a1[87]: output \BoardY_BoardX_Life_DEFAULT_Yy_Xx_alive_a1[87]
  signal \BoardY_BoardX_Life_DEFAULT_Yy_Xx_row_cnt_a1[97][1]: output \BoardY_BoardX_Life_DEFAULT_Yy_Xx_row_cnt_a1[97][1]
  signal \BoardY_BoardX_Life_DEFAULT_Yy_Xx_alive_a2[87]: input \BoardY_BoardX_Life_DEFAULT_Yy_Xx_alive_a2[87]
  signal \BoardY_BoardX_Life_DEFAULT_Yy_Xx_row_cnt_a1[87][0]: input \BoardY_BoardX_Life_DEFAULT_Yy_Xx_row_cnt_a1[87][0]
  signal \BoardY_BoardX_Life_DEFAULT_Yy_Xx_row_cnt_a1[97][0]: output \BoardY_BoardX_Life_DEFAULT_Yy_Xx_row_cnt_a1[97][0]
  signal $add$life.tlv:80$279_Y[0]: internal
  signal $add$life.tlv:80$279_Y[1]: internal
  signal $add$life.tlv:80$279_Y[2]: internal
  signal $add$life.tlv:76$135_Y[0]: internal
  signal $add$life.tlv:76$135_Y[1]: internal
  signal \RW_rand_raw[5]: input \RW_rand_raw[5]
  signal \BoardY_BoardX_Life_DEFAULT_Yy_Xx_row_cnt_a1[77][0]: input \BoardY_BoardX_Life_DEFAULT_Yy_Xx_row_cnt_a1[77][0]
  signal \BoardY_BoardX_Life_DEFAULT_Yy_Xx_row_cnt_a1[77][1]: input \BoardY_BoardX_Life_DEFAULT_Yy_Xx_row_cnt_a1[77][1]
  signal \BoardY_BoardX_Life_DEFAULT_Yy_Xx_cnt_a1[87][0]: internal
  signal \BoardY_BoardX_Life_DEFAULT_Yy_Xx_cnt_a1[87][1]: internal
  signal \BoardY_BoardX_Life_DEFAULT_Yy_Xx_cnt_a1[87][2]: internal
  signal \BoardY_BoardX_Life_DEFAULT_Yy_Xx_cnt_a1[87][3]: internal
  signal \BoardY_BoardX_Life_DEFAULT_Yy_Xx_alive_a2[97]: input \BoardY_BoardX_Life_DEFAULT_Yy_Xx_alive_a2[97]
  signal \BoardY_BoardX_Life_DEFAULT_Yy_Xx_alive_a2[98]: output \BoardY_BoardX_Life_DEFAULT_Yy_Xx_alive_a2[98]
  signal $ge$life.tlv:95$282_Y: internal
  signal $le$life.tlv:95$283_Y: internal
  signal $logic_and$life.tlv:95$284_Y: internal
  signal $eq$life.tlv:96$285_Y: internal
  signal $ternary$life.tlv:95$286_Y: internal
  cell $ternary$life.tlv:95$286 ($mux)
  cell $ternary$life.tlv:94$287 ($mux)
  cell $procdff$1725 ($dff)
  cell $logic_and$life.tlv:95$284 ($logic_and)
  cell $le$life.tlv:95$283 ($le)
  cell $ge$life.tlv:95$282 ($ge)
  cell $eq$life.tlv:96$285 ($eq)
  cell $add$life.tlv:80$281 ($add)
  cell $add$life.tlv:80$279 ($add)
  cell $add$life.tlv:76$137 ($add)
  cell $add$life.tlv:76$135 ($add)

94. Executing SUBMOD pass (moving cells to submodules as requested).

94.1. Executing OPT_CLEAN pass (remove unused cells and wires).
Finding unused cells or wires in module \top..
Removed 0 unused cells and 15 unused wires.
<suppressed ~5 debug messages>

94.2. Continuing SUBMOD pass.
Creating submodule life_cell_88 (\life_cell_88) of module \top.
Warning: Port directions for cell \pseudo_rand (\pseudo_rand) are unknown. Assuming inout for all ports.
  signal \clk: input \clk
  signal $add$life.tlv:76$121_Y[0]: internal
  signal \BoardY_BoardX_Life_DEFAULT_Yy_Xx_row_cnt_a1[78][0]: input \BoardY_BoardX_Life_DEFAULT_Yy_Xx_row_cnt_a1[78][0]
  signal \reset: input \reset
  signal \BoardY_BoardX_Life_DEFAULT_Yy_Xx_alive_a1[99]: input \BoardY_BoardX_Life_DEFAULT_Yy_Xx_alive_a1[99]
  signal \BoardY_BoardX_Life_DEFAULT_Yy_Xx_alive_a1[88]: output \BoardY_BoardX_Life_DEFAULT_Yy_Xx_alive_a1[88]
  signal \BoardY_BoardX_Life_DEFAULT_Yy_Xx_cnt_a1[88][0]: internal
  signal \BoardY_BoardX_Life_DEFAULT_Yy_Xx_row_cnt_a1[78][1]: input \BoardY_BoardX_Life_DEFAULT_Yy_Xx_row_cnt_a1[78][1]
  signal \BoardY_BoardX_Life_DEFAULT_Yy_Xx_alive_a2[88]: input \BoardY_BoardX_Life_DEFAULT_Yy_Xx_alive_a2[88]
  signal \BoardY_BoardX_Life_DEFAULT_Yy_Xx_alive_a2[99]: output \BoardY_BoardX_Life_DEFAULT_Yy_Xx_alive_a2[99]
  signal $add$life.tlv:76$121_Y[1]: internal
  signal \BoardY_BoardX_Life_DEFAULT_Yy_Xx_cnt_a1[88][1]: internal
  signal \BoardY_BoardX_Life_DEFAULT_Yy_Xx_cnt_a1[88][2]: internal
  signal \BoardY_BoardX_Life_DEFAULT_Yy_Xx_cnt_a1[88][3]: internal
  signal \BoardY_BoardX_Life_DEFAULT_Yy_Xx_row_cnt_a1[88][0]: input \BoardY_BoardX_Life_DEFAULT_Yy_Xx_row_cnt_a1[88][0]
  signal \BoardY_BoardX_Life_DEFAULT_Yy_Xx_row_cnt_a1[88][1]: input \BoardY_BoardX_Life_DEFAULT_Yy_Xx_row_cnt_a1[88][1]
  signal \RW_rand_raw[5]: input \RW_rand_raw[5]
  signal $add$life.tlv:80$265_Y[0]: internal
  signal $add$life.tlv:80$265_Y[1]: internal
  signal $add$life.tlv:80$265_Y[2]: internal
  signal $add$life.tlv:80$265_Y[3]: internal
  signal \BoardY_BoardX_Life_DEFAULT_Yy_Xx_row_cnt_a1[98][0]: output \BoardY_BoardX_Life_DEFAULT_Yy_Xx_row_cnt_a1[98][0]
  signal \BoardY_BoardX_Life_DEFAULT_Yy_Xx_row_cnt_a1[98][1]: output \BoardY_BoardX_Life_DEFAULT_Yy_Xx_row_cnt_a1[98][1]
  signal \BoardY_BoardX_Life_DEFAULT_Yy_Xx_alive_a2[97]: input \BoardY_BoardX_Life_DEFAULT_Yy_Xx_alive_a2[97]
  signal \BoardY_BoardX_Life_DEFAULT_Yy_Xx_alive_a2[98]: input \BoardY_BoardX_Life_DEFAULT_Yy_Xx_alive_a2[98]
  signal $ge$life.tlv:95$268_Y: internal
  signal $le$life.tlv:95$269_Y: internal
  signal $logic_and$life.tlv:95$270_Y: internal
  signal $eq$life.tlv:96$271_Y: internal
  signal $ternary$life.tlv:95$272_Y: internal
  cell $ternary$life.tlv:95$272 ($mux)
  cell $ternary$life.tlv:94$273 ($mux)
  cell $procdff$1726 ($dff)
  cell $logic_and$life.tlv:95$270 ($logic_and)
  cell $le$life.tlv:95$269 ($le)
  cell $ge$life.tlv:95$268 ($ge)
  cell $eq$life.tlv:96$271 ($eq)
  cell $add$life.tlv:80$267 ($add)
  cell $add$life.tlv:80$265 ($add)
  cell $add$life.tlv:76$123 ($add)
  cell $add$life.tlv:76$121 ($add)

95. Executing SUBMOD pass (moving cells to submodules as requested).

95.1. Executing OPT_CLEAN pass (remove unused cells and wires).
Finding unused cells or wires in module \top..
Removed 0 unused cells and 15 unused wires.
<suppressed ~5 debug messages>

95.2. Continuing SUBMOD pass.
Creating submodule life_cell_89 (\life_cell_89) of module \top.
Warning: Port directions for cell \pseudo_rand (\pseudo_rand) are unknown. Assuming inout for all ports.
  signal $add$life.tlv:80$251_Y[0]: internal
  signal $add$life.tlv:80$251_Y[1]: internal
  signal $add$life.tlv:80$251_Y[2]: internal
  signal $add$life.tlv:80$251_Y[3]: internal
  signal \BoardY_BoardX_Life_DEFAULT_Yy_Xx_alive_a1[89]: output \BoardY_BoardX_Life_DEFAULT_Yy_Xx_alive_a1[89]
  signal \reset: input \reset
  signal \BoardY_BoardX_Life_DEFAULT_Yy_Xx_alive_a2[89]: input \BoardY_BoardX_Life_DEFAULT_Yy_Xx_alive_a2[89]
  signal \BoardY_BoardX_Life_DEFAULT_Yy_Xx_row_cnt_a1[99][0]: output \BoardY_BoardX_Life_DEFAULT_Yy_Xx_row_cnt_a1[99][0]
  signal \BoardY_BoardX_Life_DEFAULT_Yy_Xx_row_cnt_a1[99][1]: output \BoardY_BoardX_Life_DEFAULT_Yy_Xx_row_cnt_a1[99][1]
  signal \BoardY_BoardX_Life_DEFAULT_Yy_Xx_alive_a2[99]: input \BoardY_BoardX_Life_DEFAULT_Yy_Xx_alive_a2[99]
  signal \BoardY_BoardX_Life_DEFAULT_Yy_Xx_row_cnt_a1[79][0]: input \BoardY_BoardX_Life_DEFAULT_Yy_Xx_row_cnt_a1[79][0]
  signal \BoardY_BoardX_Life_DEFAULT_Yy_Xx_row_cnt_a1[79][1]: input \BoardY_BoardX_Life_DEFAULT_Yy_Xx_row_cnt_a1[79][1]
  signal \BoardY_BoardX_Life_DEFAULT_Yy_Xx_row_cnt_a1[89][0]: input \BoardY_BoardX_Life_DEFAULT_Yy_Xx_row_cnt_a1[89][0]
  signal \BoardY_BoardX_Life_DEFAULT_Yy_Xx_row_cnt_a1[89][1]: input \BoardY_BoardX_Life_DEFAULT_Yy_Xx_row_cnt_a1[89][1]
  signal \BoardY_BoardX_Life_DEFAULT_Yy_Xx_cnt_a1[89][1]: internal
  signal \BoardY_BoardX_Life_DEFAULT_Yy_Xx_cnt_a1[89][2]: internal
  signal \BoardY_BoardX_Life_DEFAULT_Yy_Xx_cnt_a1[89][3]: internal
  signal \RW_rand_raw[1]: input \RW_rand_raw[1]
  signal \BoardY_BoardX_Life_DEFAULT_Yy_Xx_cnt_a1[89][0]: internal
  signal $add$life.tlv:76$107_Y[0]: internal
  signal $add$life.tlv:76$107_Y[1]: internal
  signal \BoardY_BoardX_Life_DEFAULT_Yy_Xx_alive_a2[98]: input \BoardY_BoardX_Life_DEFAULT_Yy_Xx_alive_a2[98]
  signal $ge$life.tlv:95$254_Y: internal
  signal $le$life.tlv:95$255_Y: internal
  signal $logic_and$life.tlv:95$256_Y: internal
  signal $eq$life.tlv:96$257_Y: internal
  signal $ternary$life.tlv:95$258_Y: internal
  cell $ternary$life.tlv:95$258 ($mux)
  cell $ternary$life.tlv:94$259 ($mux)
  cell $logic_and$life.tlv:95$256 ($logic_and)
  cell $le$life.tlv:95$255 ($le)
  cell $ge$life.tlv:95$254 ($ge)
  cell $eq$life.tlv:96$257 ($eq)
  cell $add$life.tlv:80$253 ($add)
  cell $add$life.tlv:80$251 ($add)
  cell $add$life.tlv:76$109 ($add)
  cell $add$life.tlv:76$107 ($add)

96. Executing SUBMOD pass (moving cells to submodules as requested).

96.1. Executing OPT_CLEAN pass (remove unused cells and wires).
Finding unused cells or wires in module \top..
Removed 0 unused cells and 15 unused wires.
<suppressed ~5 debug messages>

96.2. Continuing SUBMOD pass.
Creating submodule life_cell_90 (\life_cell_90) of module \top.
Warning: Port directions for cell \pseudo_rand (\pseudo_rand) are unknown. Assuming inout for all ports.
  signal \BoardY_BoardX_Life_DEFAULT_Yy_Xx_cnt_a1[90][0]: internal
  signal \BoardY_BoardX_Life_DEFAULT_Yy_Xx_alive_a1[90]: output \BoardY_BoardX_Life_DEFAULT_Yy_Xx_alive_a1[90]
  signal \reset: input \reset
  signal $add$life.tlv:80$237_Y[1]: internal
  signal $add$life.tlv:80$237_Y[2]: internal
  signal $add$life.tlv:80$237_Y[3]: internal
  signal \BoardY_BoardX_Life_DEFAULT_Yy_Xx_cnt_a1[90][1]: internal
  signal \BoardY_BoardX_Life_DEFAULT_Yy_Xx_cnt_a1[90][2]: internal
  signal \BoardY_BoardX_Life_DEFAULT_Yy_Xx_cnt_a1[90][3]: internal
  signal \BoardY_BoardX_Life_DEFAULT_Yy_Xx_alive_a2[90]: input \BoardY_BoardX_Life_DEFAULT_Yy_Xx_alive_a2[90]
  signal \BoardY_BoardX_Life_DEFAULT_Yy_Xx_row_cnt_a1[80][1]: input \BoardY_BoardX_Life_DEFAULT_Yy_Xx_row_cnt_a1[80][1]
  signal \RW_rand_raw[27]: input \RW_rand_raw[27]
  signal \BoardY_BoardX_Life_DEFAULT_Yy_Xx_row_cnt_a1[90][0]: input \BoardY_BoardX_Life_DEFAULT_Yy_Xx_row_cnt_a1[90][0]
  signal \BoardY_BoardX_Life_DEFAULT_Yy_Xx_row_cnt_a1[90][1]: input \BoardY_BoardX_Life_DEFAULT_Yy_Xx_row_cnt_a1[90][1]
  signal $add$life.tlv:80$237_Y[0]: internal
  signal \BoardY_BoardX_Life_DEFAULT_Yy_Xx_row_cnt_a1[80][0]: input \BoardY_BoardX_Life_DEFAULT_Yy_Xx_row_cnt_a1[80][0]
  signal $ge$life.tlv:95$240_Y: internal
  signal $le$life.tlv:95$241_Y: internal
  signal $logic_and$life.tlv:95$242_Y: internal
  signal $eq$life.tlv:96$243_Y: internal
  signal $ternary$life.tlv:95$244_Y: internal
  cell $ternary$life.tlv:95$244 ($mux)
  cell $ternary$life.tlv:94$245 ($mux)
  cell $logic_and$life.tlv:95$242 ($logic_and)
  cell $le$life.tlv:95$241 ($le)
  cell $ge$life.tlv:95$240 ($ge)
  cell $eq$life.tlv:96$243 ($eq)
  cell $add$life.tlv:80$239 ($add)
  cell $add$life.tlv:80$237 ($add)

97. Executing SUBMOD pass (moving cells to submodules as requested).

97.1. Executing OPT_CLEAN pass (remove unused cells and wires).
Finding unused cells or wires in module \top..
Removed 0 unused cells and 13 unused wires.
<suppressed ~5 debug messages>

97.2. Continuing SUBMOD pass.
Creating submodule life_cell_91 (\life_cell_91) of module \top.
Warning: Port directions for cell \pseudo_rand (\pseudo_rand) are unknown. Assuming inout for all ports.
  signal $add$life.tlv:80$223_Y[0]: internal
  signal $add$life.tlv:80$223_Y[1]: internal
  signal \reset: input \reset
  signal \BoardY_BoardX_Life_DEFAULT_Yy_Xx_cnt_a1[91][0]: internal
  signal \BoardY_BoardX_Life_DEFAULT_Yy_Xx_cnt_a1[91][1]: internal
  signal \BoardY_BoardX_Life_DEFAULT_Yy_Xx_cnt_a1[91][2]: internal
  signal \BoardY_BoardX_Life_DEFAULT_Yy_Xx_cnt_a1[91][3]: internal
  signal \BoardY_BoardX_Life_DEFAULT_Yy_Xx_alive_a1[91]: output \BoardY_BoardX_Life_DEFAULT_Yy_Xx_alive_a1[91]
  signal \BoardY_BoardX_Life_DEFAULT_Yy_Xx_alive_a2[91]: input \BoardY_BoardX_Life_DEFAULT_Yy_Xx_alive_a2[91]
  signal \BoardY_BoardX_Life_DEFAULT_Yy_Xx_row_cnt_a1[81][0]: input \BoardY_BoardX_Life_DEFAULT_Yy_Xx_row_cnt_a1[81][0]
  signal \BoardY_BoardX_Life_DEFAULT_Yy_Xx_row_cnt_a1[81][1]: input \BoardY_BoardX_Life_DEFAULT_Yy_Xx_row_cnt_a1[81][1]
  signal \RW_rand_raw[24]: input \RW_rand_raw[24]
  signal \BoardY_BoardX_Life_DEFAULT_Yy_Xx_row_cnt_a1[91][0]: input \BoardY_BoardX_Life_DEFAULT_Yy_Xx_row_cnt_a1[91][0]
  signal \BoardY_BoardX_Life_DEFAULT_Yy_Xx_row_cnt_a1[91][1]: input \BoardY_BoardX_Life_DEFAULT_Yy_Xx_row_cnt_a1[91][1]
  signal $add$life.tlv:80$223_Y[2]: internal
  signal $add$life.tlv:80$223_Y[3]: internal
  signal $ge$life.tlv:95$226_Y: internal
  signal $le$life.tlv:95$227_Y: internal
  signal $logic_and$life.tlv:95$228_Y: internal
  signal $eq$life.tlv:96$229_Y: internal
  signal $ternary$life.tlv:95$230_Y: internal
  cell $ternary$life.tlv:95$230 ($mux)
  cell $ternary$life.tlv:94$231 ($mux)
  cell $logic_and$life.tlv:95$228 ($logic_and)
  cell $le$life.tlv:95$227 ($le)
  cell $ge$life.tlv:95$226 ($ge)
  cell $eq$life.tlv:96$229 ($eq)
  cell $add$life.tlv:80$225 ($add)
  cell $add$life.tlv:80$223 ($add)

98. Executing SUBMOD pass (moving cells to submodules as requested).

98.1. Executing OPT_CLEAN pass (remove unused cells and wires).
Finding unused cells or wires in module \top..
Removed 0 unused cells and 13 unused wires.
<suppressed ~5 debug messages>

98.2. Continuing SUBMOD pass.
Creating submodule life_cell_92 (\life_cell_92) of module \top.
Warning: Port directions for cell \pseudo_rand (\pseudo_rand) are unknown. Assuming inout for all ports.
  signal \BoardY_BoardX_Life_DEFAULT_Yy_Xx_row_cnt_a1[92][0]: input \BoardY_BoardX_Life_DEFAULT_Yy_Xx_row_cnt_a1[92][0]
  signal \BoardY_BoardX_Life_DEFAULT_Yy_Xx_row_cnt_a1[92][1]: input \BoardY_BoardX_Life_DEFAULT_Yy_Xx_row_cnt_a1[92][1]
  signal \reset: input \reset
  signal $add$life.tlv:80$209_Y[0]: internal
  signal $add$life.tlv:80$209_Y[1]: internal
  signal $add$life.tlv:80$209_Y[2]: internal
  signal $add$life.tlv:80$209_Y[3]: internal
  signal \BoardY_BoardX_Life_DEFAULT_Yy_Xx_alive_a1[92]: output \BoardY_BoardX_Life_DEFAULT_Yy_Xx_alive_a1[92]
  signal \BoardY_BoardX_Life_DEFAULT_Yy_Xx_alive_a2[92]: input \BoardY_BoardX_Life_DEFAULT_Yy_Xx_alive_a2[92]
  signal \RW_rand_raw[21]: input \RW_rand_raw[21]
  signal \BoardY_BoardX_Life_DEFAULT_Yy_Xx_row_cnt_a1[82][0]: input \BoardY_BoardX_Life_DEFAULT_Yy_Xx_row_cnt_a1[82][0]
  signal \BoardY_BoardX_Life_DEFAULT_Yy_Xx_row_cnt_a1[82][1]: input \BoardY_BoardX_Life_DEFAULT_Yy_Xx_row_cnt_a1[82][1]
  signal \BoardY_BoardX_Life_DEFAULT_Yy_Xx_cnt_a1[92][0]: internal
  signal \BoardY_BoardX_Life_DEFAULT_Yy_Xx_cnt_a1[92][1]: internal
  signal \BoardY_BoardX_Life_DEFAULT_Yy_Xx_cnt_a1[92][2]: internal
  signal \BoardY_BoardX_Life_DEFAULT_Yy_Xx_cnt_a1[92][3]: internal
  signal $ge$life.tlv:95$212_Y: internal
  signal $le$life.tlv:95$213_Y: internal
  signal $logic_and$life.tlv:95$214_Y: internal
  signal $eq$life.tlv:96$215_Y: internal
  signal $ternary$life.tlv:95$216_Y: internal
  cell $ternary$life.tlv:95$216 ($mux)
  cell $ternary$life.tlv:94$217 ($mux)
  cell $logic_and$life.tlv:95$214 ($logic_and)
  cell $le$life.tlv:95$213 ($le)
  cell $ge$life.tlv:95$212 ($ge)
  cell $eq$life.tlv:96$215 ($eq)
  cell $add$life.tlv:80$211 ($add)
  cell $add$life.tlv:80$209 ($add)

99. Executing SUBMOD pass (moving cells to submodules as requested).

99.1. Executing OPT_CLEAN pass (remove unused cells and wires).
Finding unused cells or wires in module \top..
Removed 0 unused cells and 13 unused wires.
<suppressed ~5 debug messages>

99.2. Continuing SUBMOD pass.
Creating submodule life_cell_93 (\life_cell_93) of module \top.
Warning: Port directions for cell \pseudo_rand (\pseudo_rand) are unknown. Assuming inout for all ports.
  signal \reset: input \reset
  signal \BoardY_BoardX_Life_DEFAULT_Yy_Xx_alive_a1[93]: output \BoardY_BoardX_Life_DEFAULT_Yy_Xx_alive_a1[93]
  signal \BoardY_BoardX_Life_DEFAULT_Yy_Xx_row_cnt_a1[83][0]: input \BoardY_BoardX_Life_DEFAULT_Yy_Xx_row_cnt_a1[83][0]
  signal \BoardY_BoardX_Life_DEFAULT_Yy_Xx_row_cnt_a1[83][1]: input \BoardY_BoardX_Life_DEFAULT_Yy_Xx_row_cnt_a1[83][1]
  signal \BoardY_BoardX_Life_DEFAULT_Yy_Xx_alive_a2[93]: input \BoardY_BoardX_Life_DEFAULT_Yy_Xx_alive_a2[93]
  signal \RW_rand_raw[18]: input \RW_rand_raw[18]
  signal \BoardY_BoardX_Life_DEFAULT_Yy_Xx_cnt_a1[93][1]: internal
  signal $add$life.tlv:80$195_Y[0]: internal
  signal $add$life.tlv:80$195_Y[1]: internal
  signal $add$life.tlv:80$195_Y[2]: internal
  signal $add$life.tlv:80$195_Y[3]: internal
  signal \BoardY_BoardX_Life_DEFAULT_Yy_Xx_row_cnt_a1[93][0]: input \BoardY_BoardX_Life_DEFAULT_Yy_Xx_row_cnt_a1[93][0]
  signal \BoardY_BoardX_Life_DEFAULT_Yy_Xx_row_cnt_a1[93][1]: input \BoardY_BoardX_Life_DEFAULT_Yy_Xx_row_cnt_a1[93][1]
  signal \BoardY_BoardX_Life_DEFAULT_Yy_Xx_cnt_a1[93][3]: internal
  signal $ge$life.tlv:95$198_Y: internal
  signal $le$life.tlv:95$199_Y: internal
  signal $logic_and$life.tlv:95$200_Y: internal
  signal $eq$life.tlv:96$201_Y: internal
  signal $ternary$life.tlv:95$202_Y: internal
  signal \BoardY_BoardX_Life_DEFAULT_Yy_Xx_cnt_a1[93][2]: internal
  signal \BoardY_BoardX_Life_DEFAULT_Yy_Xx_cnt_a1[93][0]: internal
  cell $ternary$life.tlv:95$202 ($mux)
  cell $ternary$life.tlv:94$203 ($mux)
  cell $logic_and$life.tlv:95$200 ($logic_and)
  cell $le$life.tlv:95$199 ($le)
  cell $ge$life.tlv:95$198 ($ge)
  cell $eq$life.tlv:96$201 ($eq)
  cell $add$life.tlv:80$197 ($add)
  cell $add$life.tlv:80$195 ($add)

100. Executing SUBMOD pass (moving cells to submodules as requested).

100.1. Executing OPT_CLEAN pass (remove unused cells and wires).
Finding unused cells or wires in module \top..
Removed 0 unused cells and 13 unused wires.
<suppressed ~5 debug messages>

100.2. Continuing SUBMOD pass.
Creating submodule life_cell_94 (\life_cell_94) of module \top.
Warning: Port directions for cell \pseudo_rand (\pseudo_rand) are unknown. Assuming inout for all ports.
  signal \BoardY_BoardX_Life_DEFAULT_Yy_Xx_alive_a2[94]: input \BoardY_BoardX_Life_DEFAULT_Yy_Xx_alive_a2[94]
  signal \reset: input \reset
  signal \BoardY_BoardX_Life_DEFAULT_Yy_Xx_alive_a1[94]: output \BoardY_BoardX_Life_DEFAULT_Yy_Xx_alive_a1[94]
  signal $add$life.tlv:80$181_Y[2]: internal
  signal $add$life.tlv:80$181_Y[3]: internal
  signal \BoardY_BoardX_Life_DEFAULT_Yy_Xx_row_cnt_a1[94][0]: input \BoardY_BoardX_Life_DEFAULT_Yy_Xx_row_cnt_a1[94][0]
  signal \RW_rand_raw[15]: input \RW_rand_raw[15]
  signal \BoardY_BoardX_Life_DEFAULT_Yy_Xx_cnt_a1[94][1]: internal
  signal \BoardY_BoardX_Life_DEFAULT_Yy_Xx_cnt_a1[94][2]: internal
  signal \BoardY_BoardX_Life_DEFAULT_Yy_Xx_row_cnt_a1[84][0]: input \BoardY_BoardX_Life_DEFAULT_Yy_Xx_row_cnt_a1[84][0]
  signal \BoardY_BoardX_Life_DEFAULT_Yy_Xx_row_cnt_a1[84][1]: input \BoardY_BoardX_Life_DEFAULT_Yy_Xx_row_cnt_a1[84][1]
  signal \BoardY_BoardX_Life_DEFAULT_Yy_Xx_cnt_a1[94][3]: internal
  signal $add$life.tlv:80$181_Y[0]: internal
  signal $add$life.tlv:80$181_Y[1]: internal
  signal \BoardY_BoardX_Life_DEFAULT_Yy_Xx_row_cnt_a1[94][1]: input \BoardY_BoardX_Life_DEFAULT_Yy_Xx_row_cnt_a1[94][1]
  signal \BoardY_BoardX_Life_DEFAULT_Yy_Xx_cnt_a1[94][0]: internal
  signal $ge$life.tlv:95$184_Y: internal
  signal $le$life.tlv:95$185_Y: internal
  signal $logic_and$life.tlv:95$186_Y: internal
  signal $eq$life.tlv:96$187_Y: internal
  signal $ternary$life.tlv:95$188_Y: internal
  cell $ternary$life.tlv:95$188 ($mux)
  cell $ternary$life.tlv:94$189 ($mux)
  cell $logic_and$life.tlv:95$186 ($logic_and)
  cell $le$life.tlv:95$185 ($le)
  cell $ge$life.tlv:95$184 ($ge)
  cell $eq$life.tlv:96$187 ($eq)
  cell $add$life.tlv:80$183 ($add)
  cell $add$life.tlv:80$181 ($add)

101. Executing SUBMOD pass (moving cells to submodules as requested).

101.1. Executing OPT_CLEAN pass (remove unused cells and wires).
Finding unused cells or wires in module \top..
Removed 0 unused cells and 13 unused wires.
<suppressed ~5 debug messages>

101.2. Continuing SUBMOD pass.
Creating submodule life_cell_95 (\life_cell_95) of module \top.
Warning: Port directions for cell \pseudo_rand (\pseudo_rand) are unknown. Assuming inout for all ports.
  signal \BoardY_BoardX_Life_DEFAULT_Yy_Xx_alive_a2[95]: input \BoardY_BoardX_Life_DEFAULT_Yy_Xx_alive_a2[95]
  signal \reset: input \reset
  signal \RW_rand_raw[12]: input \RW_rand_raw[12]
  signal \BoardY_BoardX_Life_DEFAULT_Yy_Xx_alive_a1[95]: output \BoardY_BoardX_Life_DEFAULT_Yy_Xx_alive_a1[95]
  signal \BoardY_BoardX_Life_DEFAULT_Yy_Xx_cnt_a1[95][0]: internal
  signal $add$life.tlv:80$167_Y[0]: internal
  signal $add$life.tlv:80$167_Y[1]: internal
  signal $add$life.tlv:80$167_Y[2]: internal
  signal $add$life.tlv:80$167_Y[3]: internal
  signal \BoardY_BoardX_Life_DEFAULT_Yy_Xx_row_cnt_a1[85][0]: input \BoardY_BoardX_Life_DEFAULT_Yy_Xx_row_cnt_a1[85][0]
  signal \BoardY_BoardX_Life_DEFAULT_Yy_Xx_row_cnt_a1[85][1]: input \BoardY_BoardX_Life_DEFAULT_Yy_Xx_row_cnt_a1[85][1]
  signal \BoardY_BoardX_Life_DEFAULT_Yy_Xx_cnt_a1[95][1]: internal
  signal \BoardY_BoardX_Life_DEFAULT_Yy_Xx_cnt_a1[95][2]: internal
  signal \BoardY_BoardX_Life_DEFAULT_Yy_Xx_row_cnt_a1[95][0]: input \BoardY_BoardX_Life_DEFAULT_Yy_Xx_row_cnt_a1[95][0]
  signal \BoardY_BoardX_Life_DEFAULT_Yy_Xx_row_cnt_a1[95][1]: input \BoardY_BoardX_Life_DEFAULT_Yy_Xx_row_cnt_a1[95][1]
  signal \BoardY_BoardX_Life_DEFAULT_Yy_Xx_cnt_a1[95][3]: internal
  signal $ge$life.tlv:95$170_Y: internal
  signal $le$life.tlv:95$171_Y: internal
  signal $logic_and$life.tlv:95$172_Y: internal
  signal $eq$life.tlv:96$173_Y: internal
  signal $ternary$life.tlv:95$174_Y: internal
  cell $ternary$life.tlv:95$174 ($mux)
  cell $ternary$life.tlv:94$175 ($mux)
  cell $logic_and$life.tlv:95$172 ($logic_and)
  cell $le$life.tlv:95$171 ($le)
  cell $ge$life.tlv:95$170 ($ge)
  cell $eq$life.tlv:96$173 ($eq)
  cell $add$life.tlv:80$169 ($add)
  cell $add$life.tlv:80$167 ($add)

102. Executing SUBMOD pass (moving cells to submodules as requested).

102.1. Executing OPT_CLEAN pass (remove unused cells and wires).
Finding unused cells or wires in module \top..
Removed 0 unused cells and 13 unused wires.
<suppressed ~5 debug messages>

102.2. Continuing SUBMOD pass.
Creating submodule life_cell_96 (\life_cell_96) of module \top.
Warning: Port directions for cell \pseudo_rand (\pseudo_rand) are unknown. Assuming inout for all ports.
  signal \BoardY_BoardX_Life_DEFAULT_Yy_Xx_alive_a1[96]: output \BoardY_BoardX_Life_DEFAULT_Yy_Xx_alive_a1[96]
  signal \BoardY_BoardX_Life_DEFAULT_Yy_Xx_alive_a2[96]: input \BoardY_BoardX_Life_DEFAULT_Yy_Xx_alive_a2[96]
  signal \reset: input \reset
  signal $add$life.tlv:80$153_Y[0]: internal
  signal $add$life.tlv:80$153_Y[1]: internal
  signal $add$life.tlv:80$153_Y[2]: internal
  signal $add$life.tlv:80$153_Y[3]: internal
  signal \BoardY_BoardX_Life_DEFAULT_Yy_Xx_row_cnt_a1[86][0]: input \BoardY_BoardX_Life_DEFAULT_Yy_Xx_row_cnt_a1[86][0]
  signal \BoardY_BoardX_Life_DEFAULT_Yy_Xx_row_cnt_a1[86][1]: input \BoardY_BoardX_Life_DEFAULT_Yy_Xx_row_cnt_a1[86][1]
  signal \BoardY_BoardX_Life_DEFAULT_Yy_Xx_row_cnt_a1[96][0]: input \BoardY_BoardX_Life_DEFAULT_Yy_Xx_row_cnt_a1[96][0]
  signal \BoardY_BoardX_Life_DEFAULT_Yy_Xx_row_cnt_a1[96][1]: input \BoardY_BoardX_Life_DEFAULT_Yy_Xx_row_cnt_a1[96][1]
  signal \RW_rand_raw[9]: input \RW_rand_raw[9]
  signal $ge$life.tlv:95$156_Y: internal
  signal $le$life.tlv:95$157_Y: internal
  signal $logic_and$life.tlv:95$158_Y: internal
  signal $eq$life.tlv:96$159_Y: internal
  signal $ternary$life.tlv:95$160_Y: internal
  signal \BoardY_BoardX_Life_DEFAULT_Yy_Xx_cnt_a1[96][0]: internal
  signal \BoardY_BoardX_Life_DEFAULT_Yy_Xx_cnt_a1[96][1]: internal
  signal \BoardY_BoardX_Life_DEFAULT_Yy_Xx_cnt_a1[96][2]: internal
  signal \BoardY_BoardX_Life_DEFAULT_Yy_Xx_cnt_a1[96][3]: internal
  cell $ternary$life.tlv:95$160 ($mux)
  cell $ternary$life.tlv:94$161 ($mux)
  cell $logic_and$life.tlv:95$158 ($logic_and)
  cell $le$life.tlv:95$157 ($le)
  cell $ge$life.tlv:95$156 ($ge)
  cell $eq$life.tlv:96$159 ($eq)
  cell $add$life.tlv:80$155 ($add)
  cell $add$life.tlv:80$153 ($add)

103. Executing SUBMOD pass (moving cells to submodules as requested).

103.1. Executing OPT_CLEAN pass (remove unused cells and wires).
Finding unused cells or wires in module \top..
Removed 0 unused cells and 13 unused wires.
<suppressed ~5 debug messages>

103.2. Continuing SUBMOD pass.
Creating submodule life_cell_97 (\life_cell_97) of module \top.
Warning: Port directions for cell \pseudo_rand (\pseudo_rand) are unknown. Assuming inout for all ports.
  signal \BoardY_BoardX_Life_DEFAULT_Yy_Xx_alive_a1[97]: output \BoardY_BoardX_Life_DEFAULT_Yy_Xx_alive_a1[97]
  signal \BoardY_BoardX_Life_DEFAULT_Yy_Xx_row_cnt_a1[87][1]: input \BoardY_BoardX_Life_DEFAULT_Yy_Xx_row_cnt_a1[87][1]
  signal \reset: input \reset
  signal \BoardY_BoardX_Life_DEFAULT_Yy_Xx_cnt_a1[97][0]: internal
  signal \BoardY_BoardX_Life_DEFAULT_Yy_Xx_cnt_a1[97][1]: internal
  signal \BoardY_BoardX_Life_DEFAULT_Yy_Xx_cnt_a1[97][2]: internal
  signal \BoardY_BoardX_Life_DEFAULT_Yy_Xx_cnt_a1[97][3]: internal
  signal \BoardY_BoardX_Life_DEFAULT_Yy_Xx_row_cnt_a1[97][1]: input \BoardY_BoardX_Life_DEFAULT_Yy_Xx_row_cnt_a1[97][1]
  signal \BoardY_BoardX_Life_DEFAULT_Yy_Xx_row_cnt_a1[87][0]: input \BoardY_BoardX_Life_DEFAULT_Yy_Xx_row_cnt_a1[87][0]
  signal \BoardY_BoardX_Life_DEFAULT_Yy_Xx_row_cnt_a1[97][0]: input \BoardY_BoardX_Life_DEFAULT_Yy_Xx_row_cnt_a1[97][0]
  signal $add$life.tlv:80$139_Y[1]: internal
  signal $add$life.tlv:80$139_Y[2]: internal
  signal $add$life.tlv:80$139_Y[3]: internal
  signal $add$life.tlv:80$139_Y[0]: internal
  signal \RW_rand_raw[6]: input \RW_rand_raw[6]
  signal \BoardY_BoardX_Life_DEFAULT_Yy_Xx_alive_a2[97]: input \BoardY_BoardX_Life_DEFAULT_Yy_Xx_alive_a2[97]
  signal $ge$life.tlv:95$142_Y: internal
  signal $le$life.tlv:95$143_Y: internal
  signal $logic_and$life.tlv:95$144_Y: internal
  signal $eq$life.tlv:96$145_Y: internal
  signal $ternary$life.tlv:95$146_Y: internal
  cell $ternary$life.tlv:95$146 ($mux)
  cell $ternary$life.tlv:94$147 ($mux)
  cell $logic_and$life.tlv:95$144 ($logic_and)
  cell $le$life.tlv:95$143 ($le)
  cell $ge$life.tlv:95$142 ($ge)
  cell $eq$life.tlv:96$145 ($eq)
  cell $add$life.tlv:80$141 ($add)
  cell $add$life.tlv:80$139 ($add)

104. Executing SUBMOD pass (moving cells to submodules as requested).

104.1. Executing OPT_CLEAN pass (remove unused cells and wires).
Finding unused cells or wires in module \top..
Removed 0 unused cells and 13 unused wires.
<suppressed ~5 debug messages>

104.2. Continuing SUBMOD pass.
Creating submodule life_cell_98 (\life_cell_98) of module \top.
Warning: Port directions for cell \pseudo_rand (\pseudo_rand) are unknown. Assuming inout for all ports.
  signal \BoardY_BoardX_Life_DEFAULT_Yy_Xx_alive_a1[98]: output \BoardY_BoardX_Life_DEFAULT_Yy_Xx_alive_a1[98]
  signal \reset: input \reset
  signal $add$life.tlv:80$125_Y[0]: internal
  signal $add$life.tlv:80$125_Y[1]: internal
  signal $add$life.tlv:80$125_Y[2]: internal
  signal $add$life.tlv:80$125_Y[3]: internal
  signal \BoardY_BoardX_Life_DEFAULT_Yy_Xx_row_cnt_a1[88][0]: input \BoardY_BoardX_Life_DEFAULT_Yy_Xx_row_cnt_a1[88][0]
  signal \BoardY_BoardX_Life_DEFAULT_Yy_Xx_row_cnt_a1[88][1]: input \BoardY_BoardX_Life_DEFAULT_Yy_Xx_row_cnt_a1[88][1]
  signal \RW_rand_raw[3]: input \RW_rand_raw[3]
  signal \BoardY_BoardX_Life_DEFAULT_Yy_Xx_cnt_a1[98][1]: internal
  signal \BoardY_BoardX_Life_DEFAULT_Yy_Xx_cnt_a1[98][2]: internal
  signal \BoardY_BoardX_Life_DEFAULT_Yy_Xx_cnt_a1[98][3]: internal
  signal \BoardY_BoardX_Life_DEFAULT_Yy_Xx_row_cnt_a1[98][0]: input \BoardY_BoardX_Life_DEFAULT_Yy_Xx_row_cnt_a1[98][0]
  signal \BoardY_BoardX_Life_DEFAULT_Yy_Xx_row_cnt_a1[98][1]: input \BoardY_BoardX_Life_DEFAULT_Yy_Xx_row_cnt_a1[98][1]
  signal \BoardY_BoardX_Life_DEFAULT_Yy_Xx_cnt_a1[98][0]: internal
  signal \BoardY_BoardX_Life_DEFAULT_Yy_Xx_alive_a2[98]: input \BoardY_BoardX_Life_DEFAULT_Yy_Xx_alive_a2[98]
  signal $ge$life.tlv:95$128_Y: internal
  signal $le$life.tlv:95$129_Y: internal
  signal $logic_and$life.tlv:95$130_Y: internal
  signal $eq$life.tlv:96$131_Y: internal
  signal $ternary$life.tlv:95$132_Y: internal
  cell $ternary$life.tlv:95$132 ($mux)
  cell $ternary$life.tlv:94$133 ($mux)
  cell $logic_and$life.tlv:95$130 ($logic_and)
  cell $le$life.tlv:95$129 ($le)
  cell $ge$life.tlv:95$128 ($ge)
  cell $eq$life.tlv:96$131 ($eq)
  cell $add$life.tlv:80$127 ($add)
  cell $add$life.tlv:80$125 ($add)

105. Executing SUBMOD pass (moving cells to submodules as requested).

105.1. Executing OPT_CLEAN pass (remove unused cells and wires).
Finding unused cells or wires in module \top..
Removed 0 unused cells and 13 unused wires.
<suppressed ~5 debug messages>

105.2. Continuing SUBMOD pass.
Creating submodule life_cell_99 (\life_cell_99) of module \top.
Warning: Port directions for cell \pseudo_rand (\pseudo_rand) are unknown. Assuming inout for all ports.
  signal $add$life.tlv:80$111_Y[1]: internal
  signal $add$life.tlv:80$111_Y[2]: internal
  signal $add$life.tlv:80$111_Y[3]: internal
  signal \reset: input \reset
  signal \BoardY_BoardX_Life_DEFAULT_Yy_Xx_cnt_a1[99][0]: internal
  signal \BoardY_BoardX_Life_DEFAULT_Yy_Xx_cnt_a1[99][1]: internal
  signal \BoardY_BoardX_Life_DEFAULT_Yy_Xx_cnt_a1[99][2]: internal
  signal \BoardY_BoardX_Life_DEFAULT_Yy_Xx_cnt_a1[99][3]: internal
  signal \BoardY_BoardX_Life_DEFAULT_Yy_Xx_alive_a1[99]: output \BoardY_BoardX_Life_DEFAULT_Yy_Xx_alive_a1[99]
  signal \BoardY_BoardX_Life_DEFAULT_Yy_Xx_row_cnt_a1[99][0]: input \BoardY_BoardX_Life_DEFAULT_Yy_Xx_row_cnt_a1[99][0]
  signal \BoardY_BoardX_Life_DEFAULT_Yy_Xx_row_cnt_a1[99][1]: input \BoardY_BoardX_Life_DEFAULT_Yy_Xx_row_cnt_a1[99][1]
  signal \BoardY_BoardX_Life_DEFAULT_Yy_Xx_alive_a2[99]: input \BoardY_BoardX_Life_DEFAULT_Yy_Xx_alive_a2[99]
  signal $add$life.tlv:80$111_Y[0]: internal
  signal \BoardY_BoardX_Life_DEFAULT_Yy_Xx_row_cnt_a1[89][0]: input \BoardY_BoardX_Life_DEFAULT_Yy_Xx_row_cnt_a1[89][0]
  signal \BoardY_BoardX_Life_DEFAULT_Yy_Xx_row_cnt_a1[89][1]: input \BoardY_BoardX_Life_DEFAULT_Yy_Xx_row_cnt_a1[89][1]
  signal \RW_rand_raw[0]: input \RW_rand_raw[0]
  signal $ge$life.tlv:95$114_Y: internal
  signal $le$life.tlv:95$115_Y: internal
  signal $logic_and$life.tlv:95$116_Y: internal
  signal $eq$life.tlv:96$117_Y: internal
  signal $ternary$life.tlv:95$118_Y: internal
  cell $ternary$life.tlv:95$118 ($mux)
  cell $ternary$life.tlv:94$119 ($mux)
  cell $logic_and$life.tlv:95$116 ($logic_and)
  cell $le$life.tlv:95$115 ($le)
  cell $ge$life.tlv:95$114 ($ge)
  cell $eq$life.tlv:96$117 ($eq)
  cell $add$life.tlv:80$113 ($add)
  cell $add$life.tlv:80$111 ($add)

106. Executing HIERARCHY pass (managing design hierarchy).

106.1. Analyzing design hierarchy..
Top module:  \top
Used module:     \life_cell_99
Used module:     \life_cell_0
Used module:     \life_cell_1
Used module:     \life_cell_10
Used module:     \life_cell_11
Used module:     \life_cell_12
Used module:     \life_cell_13
Used module:     \life_cell_14
Used module:     \life_cell_15
Used module:     \life_cell_16
Used module:     \life_cell_17
Used module:     \life_cell_18
Used module:     \life_cell_19
Used module:     \life_cell_2
Used module:     \life_cell_20
Used module:     \life_cell_21
Used module:     \life_cell_22
Used module:     \life_cell_23
Used module:     \life_cell_24
Used module:     \life_cell_25
Used module:     \life_cell_26
Used module:     \life_cell_27
Used module:     \life_cell_28
Used module:     \life_cell_29
Used module:     \life_cell_3
Used module:     \life_cell_30
Used module:     \life_cell_31
Used module:     \life_cell_32
Used module:     \life_cell_33
Used module:     \life_cell_34
Used module:     \life_cell_35
Used module:     \life_cell_36
Used module:     \life_cell_37
Used module:     \life_cell_38
Used module:     \life_cell_39
Used module:     \life_cell_4
Used module:     \life_cell_40
Used module:     \life_cell_41
Used module:     \life_cell_42
Used module:     \life_cell_43
Used module:     \life_cell_44
Used module:     \life_cell_45
Used module:     \life_cell_46
Used module:     \life_cell_47
Used module:     \life_cell_48
Used module:     \life_cell_49
Used module:     \life_cell_5
Used module:     \life_cell_50
Used module:     \life_cell_51
Used module:     \life_cell_52
Used module:     \life_cell_53
Used module:     \life_cell_54
Used module:     \life_cell_55
Used module:     \life_cell_56
Used module:     \life_cell_57
Used module:     \life_cell_58
Used module:     \life_cell_59
Used module:     \life_cell_6
Used module:     \life_cell_60
Used module:     \life_cell_61
Used module:     \life_cell_62
Used module:     \life_cell_63
Used module:     \life_cell_64
Used module:     \life_cell_65
Used module:     \life_cell_66
Used module:     \life_cell_67
Used module:     \life_cell_68
Used module:     \life_cell_69
Used module:     \life_cell_7
Used module:     \life_cell_70
Used module:     \life_cell_71
Used module:     \life_cell_72
Used module:     \life_cell_73
Used module:     \life_cell_74
Used module:     \life_cell_75
Used module:     \life_cell_76
Used module:     \life_cell_77
Used module:     \life_cell_78
Used module:     \life_cell_79
Used module:     \life_cell_8
Used module:     \life_cell_80
Used module:     \life_cell_81
Used module:     \life_cell_82
Used module:     \life_cell_83
Used module:     \life_cell_84
Used module:     \life_cell_85
Used module:     \life_cell_86
Used module:     \life_cell_87
Used module:     \life_cell_88
Used module:     \life_cell_89
Used module:     \life_cell_9
Used module:     \life_cell_90
Used module:     \life_cell_91
Used module:     \life_cell_92
Used module:     \life_cell_93
Used module:     \life_cell_94
Used module:     \life_cell_95
Used module:     \life_cell_96
Used module:     \life_cell_97
Used module:     \life_cell_98

106.2. Analyzing design hierarchy..
Top module:  \top
Used module:     \life_cell_99
Used module:     \life_cell_0
Used module:     \life_cell_1
Used module:     \life_cell_10
Used module:     \life_cell_11
Used module:     \life_cell_12
Used module:     \life_cell_13
Used module:     \life_cell_14
Used module:     \life_cell_15
Used module:     \life_cell_16
Used module:     \life_cell_17
Used module:     \life_cell_18
Used module:     \life_cell_19
Used module:     \life_cell_2
Used module:     \life_cell_20
Used module:     \life_cell_21
Used module:     \life_cell_22
Used module:     \life_cell_23
Used module:     \life_cell_24
Used module:     \life_cell_25
Used module:     \life_cell_26
Used module:     \life_cell_27
Used module:     \life_cell_28
Used module:     \life_cell_29
Used module:     \life_cell_3
Used module:     \life_cell_30
Used module:     \life_cell_31
Used module:     \life_cell_32
Used module:     \life_cell_33
Used module:     \life_cell_34
Used module:     \life_cell_35
Used module:     \life_cell_36
Used module:     \life_cell_37
Used module:     \life_cell_38
Used module:     \life_cell_39
Used module:     \life_cell_4
Used module:     \life_cell_40
Used module:     \life_cell_41
Used module:     \life_cell_42
Used module:     \life_cell_43
Used module:     \life_cell_44
Used module:     \life_cell_45
Used module:     \life_cell_46
Used module:     \life_cell_47
Used module:     \life_cell_48
Used module:     \life_cell_49
Used module:     \life_cell_5
Used module:     \life_cell_50
Used module:     \life_cell_51
Used module:     \life_cell_52
Used module:     \life_cell_53
Used module:     \life_cell_54
Used module:     \life_cell_55
Used module:     \life_cell_56
Used module:     \life_cell_57
Used module:     \life_cell_58
Used module:     \life_cell_59
Used module:     \life_cell_6
Used module:     \life_cell_60
Used module:     \life_cell_61
Used module:     \life_cell_62
Used module:     \life_cell_63
Used module:     \life_cell_64
Used module:     \life_cell_65
Used module:     \life_cell_66
Used module:     \life_cell_67
Used module:     \life_cell_68
Used module:     \life_cell_69
Used module:     \life_cell_7
Used module:     \life_cell_70
Used module:     \life_cell_71
Used module:     \life_cell_72
Used module:     \life_cell_73
Used module:     \life_cell_74
Used module:     \life_cell_75
Used module:     \life_cell_76
Used module:     \life_cell_77
Used module:     \life_cell_78
Used module:     \life_cell_79
Used module:     \life_cell_8
Used module:     \life_cell_80
Used module:     \life_cell_81
Used module:     \life_cell_82
Used module:     \life_cell_83
Used module:     \life_cell_84
Used module:     \life_cell_85
Used module:     \life_cell_86
Used module:     \life_cell_87
Used module:     \life_cell_88
Used module:     \life_cell_89
Used module:     \life_cell_9
Used module:     \life_cell_90
Used module:     \life_cell_91
Used module:     \life_cell_92
Used module:     \life_cell_93
Used module:     \life_cell_94
Used module:     \life_cell_95
Used module:     \life_cell_96
Used module:     \life_cell_97
Used module:     \life_cell_98
Removed 0 unused modules.

107. Executing Verilog backend.

107.1. Executing BMUXMAP pass.

107.2. Executing DEMUXMAP pass.
Dumping module `\life_cell_0'.
Dumping module `\life_cell_1'.
Dumping module `\life_cell_10'.
Dumping module `\life_cell_11'.
Dumping module `\life_cell_12'.
Dumping module `\life_cell_13'.
Dumping module `\life_cell_14'.
Dumping module `\life_cell_15'.
Dumping module `\life_cell_16'.
Dumping module `\life_cell_17'.
Dumping module `\life_cell_18'.
Dumping module `\life_cell_19'.
Dumping module `\life_cell_2'.
Dumping module `\life_cell_20'.
Dumping module `\life_cell_21'.
Dumping module `\life_cell_22'.
Dumping module `\life_cell_23'.
Dumping module `\life_cell_24'.
Dumping module `\life_cell_25'.
Dumping module `\life_cell_26'.
Dumping module `\life_cell_27'.
Dumping module `\life_cell_28'.
Dumping module `\life_cell_29'.
Dumping module `\life_cell_3'.
Dumping module `\life_cell_30'.
Dumping module `\life_cell_31'.
Dumping module `\life_cell_32'.
Dumping module `\life_cell_33'.
Dumping module `\life_cell_34'.
Dumping module `\life_cell_35'.
Dumping module `\life_cell_36'.
Dumping module `\life_cell_37'.
Dumping module `\life_cell_38'.
Dumping module `\life_cell_39'.
Dumping module `\life_cell_4'.
Dumping module `\life_cell_40'.
Dumping module `\life_cell_41'.
Dumping module `\life_cell_42'.
Dumping module `\life_cell_43'.
Dumping module `\life_cell_44'.
Dumping module `\life_cell_45'.
Dumping module `\life_cell_46'.
Dumping module `\life_cell_47'.
Dumping module `\life_cell_48'.
Dumping module `\life_cell_49'.
Dumping module `\life_cell_5'.
Dumping module `\life_cell_50'.
Dumping module `\life_cell_51'.
Dumping module `\life_cell_52'.
Dumping module `\life_cell_53'.
Dumping module `\life_cell_54'.
Dumping module `\life_cell_55'.
Dumping module `\life_cell_56'.
Dumping module `\life_cell_57'.
Dumping module `\life_cell_58'.
Dumping module `\life_cell_59'.
Dumping module `\life_cell_6'.
Dumping module `\life_cell_60'.
Dumping module `\life_cell_61'.
Dumping module `\life_cell_62'.
Dumping module `\life_cell_63'.
Dumping module `\life_cell_64'.
Dumping module `\life_cell_65'.
Dumping module `\life_cell_66'.
Dumping module `\life_cell_67'.
Dumping module `\life_cell_68'.
Dumping module `\life_cell_69'.
Dumping module `\life_cell_7'.
Dumping module `\life_cell_70'.
Dumping module `\life_cell_71'.
Dumping module `\life_cell_72'.
Dumping module `\life_cell_73'.
Dumping module `\life_cell_74'.
Dumping module `\life_cell_75'.
Dumping module `\life_cell_76'.
Dumping module `\life_cell_77'.
Dumping module `\life_cell_78'.
Dumping module `\life_cell_79'.
Dumping module `\life_cell_8'.
Dumping module `\life_cell_80'.
Dumping module `\life_cell_81'.
Dumping module `\life_cell_82'.
Dumping module `\life_cell_83'.
Dumping module `\life_cell_84'.
Dumping module `\life_cell_85'.
Dumping module `\life_cell_86'.
Dumping module `\life_cell_87'.
Dumping module `\life_cell_88'.
Dumping module `\life_cell_89'.
Dumping module `\life_cell_9'.
Dumping module `\life_cell_90'.
Dumping module `\life_cell_91'.
Dumping module `\life_cell_92'.
Dumping module `\life_cell_93'.
Dumping module `\life_cell_94'.
Dumping module `\life_cell_95'.
Dumping module `\life_cell_96'.
Dumping module `\life_cell_97'.
Dumping module `\life_cell_98'.
Dumping module `\life_cell_99'.
Dumping module `\top'.

108. Executing JSON backend.

Warnings: 20 unique messages, 119 total
End of script. Logfile hash: dfdd92d44c, CPU: user 6.50s system 0.03s, MEM: 26.96 MB peak
Yosys 0.52 (git sha1 fee39a3284c90249e1d9684cf6944ffbbcbb8f90)
Time spent: 86% 101x opt_clean (5 sec), 4% 100x submod (0 sec), ...
